{
  "type": "FeatureCollection",
  "features": [
    {
      "type": "Feature",
      "geometry": {
        "type": "Point",
        "coordinates": [
          -90.076295,
          29.974577
        ]
      },
      "properties": {
        "id": 22406,
        "obstruction": "Private Owner Vehicle",
        "imageUrl": "https://feed.bikelaneuprising.com/nc/uploads/2024/07/29/d4e47ef83c2f752b23a524dca50f1403e919f9c8/a2acdd_6ddad215403a4938b1280a3c18fae106~mv2_Gg2MI.jpeg",
        "cityKey": "new-orleans-la",
        "cityLabel": "New Orleans, LA",
        "date": "2020-01-31 00:00:00",
        "location": "VALID"
      }
    },
    {
      "type": "Feature",
      "geometry": {
        "type": "Point",
        "coordinates": [
          -90.05598708987235,
          29.968582547964008
        ]
      },
      "properties": {
        "id": 28278,
        "obstruction": "Private Owner Vehicle",
        "imageUrl": "https://feed.bikelaneuprising.com/nc/uploads/2024/07/29/d4e47ef83c2f752b23a524dca50f1403e919f9c8/1cde7af5-85c6-450f-be4c-79f0afae2603_file_0_scwIt",
        "cityKey": "new-orleans-la",
        "cityLabel": "New Orleans, LA",
        "date": "2020-12-16 00:00:00",
        "location": "VALID"
      }
    },
    {
      "type": "Feature",
      "geometry": {
        "type": "Point",
        "coordinates": [
          -90.05607191473246,
          29.96861072156363
        ]
      },
      "properties": {
        "id": 28289,
        "obstruction": "Private Owner Vehicle",
        "imageUrl": "https://feed.bikelaneuprising.com/nc/uploads/2024/07/28/d4e47ef83c2f752b23a524dca50f1403e919f9c8/7af5198a-4526-47da-adef-91f408f8bf8e_file_0_Yiq7R",
        "cityKey": "new-orleans-la",
        "cityLabel": "New Orleans, LA",
        "date": "2020-12-19 00:00:00",
        "location": "VALID"
      }
    },
    {
      "type": "Feature",
      "geometry": {
        "type": "Point",
        "coordinates": [
          -90.05608968436718,
          29.96857935301923
        ]
      },
      "properties": {
        "id": 28347,
        "obstruction": "Private Owner Vehicle",
        "imageUrl": "https://feed.bikelaneuprising.com/nc/uploads/2024/07/29/d4e47ef83c2f752b23a524dca50f1403e919f9c8/2c91ccc6-2882-4a3e-997a-fefb12d1e9cb_file_0_Z9Fpt",
        "cityKey": "new-orleans-la",
        "cityLabel": "New Orleans, LA",
        "date": "2020-12-21 00:00:00",
        "location": "VALID"
      }
    },
    {
      "type": "Feature",
      "geometry": {
        "type": "Point",
        "coordinates": [
          -90.05610309541227,
          29.968581676615457
        ]
      },
      "properties": {
        "id": 28348,
        "obstruction": "Private Owner Vehicle",
        "imageUrl": "https://feed.bikelaneuprising.com/nc/uploads/2024/07/29/d4e47ef83c2f752b23a524dca50f1403e919f9c8/026339da-1215-461b-a54c-c694e50bb37f_file_0_QMk_J",
        "cityKey": "new-orleans-la",
        "cityLabel": "New Orleans, LA",
        "date": "2020-12-19 00:00:00",
        "location": "VALID"
      }
    },
    {
      "type": "Feature",
      "geometry": {
        "type": "Point",
        "coordinates": [
          -90.07035970687866,
          29.975217064875363
        ]
      },
      "properties": {
        "id": 28434,
        "obstruction": "Private Owner Vehicle",
        "imageUrl": "https://feed.bikelaneuprising.com/nc/uploads/2024/07/29/d4e47ef83c2f752b23a524dca50f1403e919f9c8/3a0ea769-eedd-432c-821a-a80e0b14af13_file_0_Ou2rw",
        "cityKey": "new-orleans-la",
        "cityLabel": "New Orleans, LA",
        "date": "2021-01-04 00:00:00",
        "location": "VALID"
      }
    },
    {
      "type": "Feature",
      "geometry": {
        "type": "Point",
        "coordinates": [
          -90.05724404007195,
          29.978708264077664
        ]
      },
      "properties": {
        "id": 28435,
        "obstruction": "Private Owner Vehicle",
        "imageUrl": "https://feed.bikelaneuprising.com/nc/uploads/2024/07/29/d4e47ef83c2f752b23a524dca50f1403e919f9c8/1dca93f3-3272-4631-a401-914aeb5d74c9_file_0_dyfQL",
        "cityKey": "new-orleans-la",
        "cityLabel": "New Orleans, LA",
        "date": "2021-01-04 00:00:00",
        "location": "VALID"
      }
    },
    {
      "type": "Feature",
      "geometry": {
        "type": "Point",
        "coordinates": [
          -90.07528323680164,
          29.969904665391248
        ]
      },
      "properties": {
        "id": 28436,
        "obstruction": "Private Owner Vehicle",
        "imageUrl": "https://feed.bikelaneuprising.com/nc/uploads/2024/07/29/d4e47ef83c2f752b23a524dca50f1403e919f9c8/23cf735e-c6e7-41fc-b664-e322333e0b02_file_0_sXTiV",
        "cityKey": "new-orleans-la",
        "cityLabel": "New Orleans, LA",
        "date": "2021-01-05 00:00:00",
        "location": "VALID"
      }
    },
    {
      "type": "Feature",
      "geometry": {
        "type": "Point",
        "coordinates": [
          -90.05609940737487,
          29.968601717630598
        ]
      },
      "properties": {
        "id": 28437,
        "obstruction": "Private Owner Vehicle",
        "imageUrl": "",
        "cityKey": "new-orleans-la",
        "cityLabel": "New Orleans, LA",
        "date": "2020-12-30 00:00:00",
        "location": "VALID"
      }
    },
    {
      "type": "Feature",
      "geometry": {
        "type": "Point",
        "coordinates": [
          -90.05490481853485,
          29.978835177501278
        ]
      },
      "properties": {
        "id": 28555,
        "obstruction": "Private Owner Vehicle",
        "imageUrl": "https://feed.bikelaneuprising.com/nc/uploads/2024/07/29/d4e47ef83c2f752b23a524dca50f1403e919f9c8/92a0d4ea-d502-434e-bc24-caa1e63f1a42_file_0_HQVqe",
        "cityKey": "new-orleans-la",
        "cityLabel": "New Orleans, LA",
        "date": "2021-01-13 00:00:00",
        "location": "VALID"
      }
    },
    {
      "type": "Feature",
      "geometry": {
        "type": "Point",
        "coordinates": [
          -90.06406523287296,
          29.978347852303997
        ]
      },
      "properties": {
        "id": 28556,
        "obstruction": "Private Owner Vehicle",
        "imageUrl": "https://feed.bikelaneuprising.com/nc/uploads/2024/07/29/d4e47ef83c2f752b23a524dca50f1403e919f9c8/3ca73e8f-ac51-402e-b484-9b93f7894e0f_file_0_b1TUG",
        "cityKey": "new-orleans-la",
        "cityLabel": "New Orleans, LA",
        "date": "2021-01-13 00:00:00",
        "location": "VALID"
      }
    },
    {
      "type": "Feature",
      "geometry": {
        "type": "Point",
        "coordinates": [
          -90.07265467196703,
          29.972813726504867
        ]
      },
      "properties": {
        "id": 28557,
        "obstruction": "Company Vehicle",
        "imageUrl": "https://feed.bikelaneuprising.com/nc/uploads/2024/07/29/d4e47ef83c2f752b23a524dca50f1403e919f9c8/883adbef-d304-4e07-a29a-878832a90b17_file_0_84bWW",
        "cityKey": "new-orleans-la",
        "cityLabel": "New Orleans, LA",
        "date": "2021-01-13 00:00:00",
        "location": "VALID"
      }
    },
    {
      "type": "Feature",
      "geometry": {
        "type": "Point",
        "coordinates": [
          -90.05610711872578,
          29.968583419312566
        ]
      },
      "properties": {
        "id": 28558,
        "obstruction": "Private Owner Vehicle",
        "imageUrl": "https://feed.bikelaneuprising.com/nc/uploads/2024/07/29/d4e47ef83c2f752b23a524dca50f1403e919f9c8/c3337a16-8fc0-4e61-80a2-623a22868d8f_file_0_J2qAy",
        "cityKey": "new-orleans-la",
        "cityLabel": "New Orleans, LA",
        "date": "2021-01-09 00:00:00",
        "location": "VALID"
      }
    },
    {
      "type": "Feature",
      "geometry": {
        "type": "Point",
        "coordinates": [
          -90.05606621503829,
          29.968588647403795
        ]
      },
      "properties": {
        "id": 28559,
        "obstruction": "Private Owner Vehicle",
        "imageUrl": "https://feed.bikelaneuprising.com/nc/uploads/2024/07/29/d4e47ef83c2f752b23a524dca50f1403e919f9c8/2fadd215-8461-4dd6-b23c-845256d2393e_file_0_VXBjU",
        "cityKey": "new-orleans-la",
        "cityLabel": "New Orleans, LA",
        "date": "2021-01-08 00:00:00",
        "location": "VALID"
      }
    },
    {
      "type": "Feature",
      "geometry": {
        "type": "Point",
        "coordinates": [
          -90.06738882511853,
          29.961806129580058
        ]
      },
      "properties": {
        "id": 28560,
        "obstruction": "Company Vehicle",
        "imageUrl": "https://feed.bikelaneuprising.com/nc/uploads/2024/07/29/d4e47ef83c2f752b23a524dca50f1403e919f9c8/6fc35f76-ef54-4551-8dde-fd06b5c8eb61_file_0_NbHay",
        "cityKey": "new-orleans-la",
        "cityLabel": "New Orleans, LA",
        "date": "2020-12-28 00:00:00",
        "location": "VALID"
      }
    },
    {
      "type": "Feature",
      "geometry": {
        "type": "Point",
        "coordinates": [
          -90.05551703274251,
          29.978772156439348
        ]
      },
      "properties": {
        "id": 28656,
        "obstruction": "Private Owner Vehicle",
        "imageUrl": "https://feed.bikelaneuprising.com/nc/uploads/2024/07/29/d4e47ef83c2f752b23a524dca50f1403e919f9c8/dbc0effe-8e86-48aa-949d-dcc3b9f9c29c_file_0_2Lv4Y",
        "cityKey": "new-orleans-la",
        "cityLabel": "New Orleans, LA",
        "date": "2021-01-22 00:00:00",
        "location": "VALID"
      }
    },
    {
      "type": "Feature",
      "geometry": {
        "type": "Point",
        "coordinates": [
          -90.05705896764994,
          29.97866818612071
        ]
      },
      "properties": {
        "id": 28657,
        "obstruction": "Private Owner Vehicle",
        "imageUrl": "",
        "cityKey": "new-orleans-la",
        "cityLabel": "New Orleans, LA",
        "date": "2021-01-22 00:00:00",
        "location": "VALID"
      }
    },
    {
      "type": "Feature",
      "geometry": {
        "type": "Point",
        "coordinates": [
          -90.05601223558186,
          29.968584290661138
        ]
      },
      "properties": {
        "id": 28665,
        "obstruction": "Private Owner Vehicle",
        "imageUrl": "https://feed.bikelaneuprising.com/nc/uploads/2024/07/29/d4e47ef83c2f752b23a524dca50f1403e919f9c8/ea69a049-c31c-437b-b358-aa52551b54a1_file_0_MUCFO",
        "cityKey": "new-orleans-la",
        "cityLabel": "New Orleans, LA",
        "date": "2021-01-22 00:00:00",
        "location": "VALID"
      }
    },
    {
      "type": "Feature",
      "geometry": {
        "type": "Point",
        "coordinates": [
          -90.05423560738562,
          29.978865961968616
        ]
      },
      "properties": {
        "id": 28862,
        "obstruction": "Private Owner Vehicle",
        "imageUrl": "https://feed.bikelaneuprising.com/nc/uploads/2024/07/29/d4e47ef83c2f752b23a524dca50f1403e919f9c8/10f990b6-5308-435a-9638-b4e857da7e53_file_0_iDkXI",
        "cityKey": "new-orleans-la",
        "cityLabel": "New Orleans, LA",
        "date": "2021-02-08 00:00:00",
        "location": "VALID"
      }
    },
    {
      "type": "Feature",
      "geometry": {
        "type": "Point",
        "coordinates": [
          -90.05427148193121,
          29.978886000909196
        ]
      },
      "properties": {
        "id": 28863,
        "obstruction": "Private Owner Vehicle",
        "imageUrl": "https://feed.bikelaneuprising.com/nc/uploads/2024/07/29/d4e47ef83c2f752b23a524dca50f1403e919f9c8/f58ba31c-edab-4978-bcd7-800da886efd8_file_0_3fTDm",
        "cityKey": "new-orleans-la",
        "cityLabel": "New Orleans, LA",
        "date": "2021-02-08 00:00:00",
        "location": "VALID"
      }
    },
    {
      "type": "Feature",
      "geometry": {
        "type": "Point",
        "coordinates": [
          -90.0559575855732,
          29.978756764192315
        ]
      },
      "properties": {
        "id": 28864,
        "obstruction": "Private Owner Vehicle",
        "imageUrl": "https://feed.bikelaneuprising.com/nc/uploads/2024/07/29/d4e47ef83c2f752b23a524dca50f1403e919f9c8/eacc39e9-62d1-4357-8447-e12aec19f6aa_file_0_JiXX9",
        "cityKey": "new-orleans-la",
        "cityLabel": "New Orleans, LA",
        "date": "2021-02-07 00:00:00",
        "location": "VALID"
      }
    },
    {
      "type": "Feature",
      "geometry": {
        "type": "Point",
        "coordinates": [
          -90.05429964512587,
          29.978858701481876
        ]
      },
      "properties": {
        "id": 28865,
        "obstruction": "Private Owner Vehicle",
        "imageUrl": "https://feed.bikelaneuprising.com/nc/uploads/2024/07/29/d4e47ef83c2f752b23a524dca50f1403e919f9c8/d681d504-81f5-4382-8c2d-a06bb75a9112_file_0_hvCJv",
        "cityKey": "new-orleans-la",
        "cityLabel": "New Orleans, LA",
        "date": "2021-02-07 00:00:00",
        "location": "VALID"
      }
    },
    {
      "type": "Feature",
      "geometry": {
        "type": "Point",
        "coordinates": [
          -90.05435731261969,
          29.978849988897117
        ]
      },
      "properties": {
        "id": 28866,
        "obstruction": "Private Owner Vehicle",
        "imageUrl": "https://feed.bikelaneuprising.com/nc/uploads/2024/07/29/d4e47ef83c2f752b23a524dca50f1403e919f9c8/ab38ac81-b9a7-440d-870f-4730fd6e6631_file_0_H-ek6",
        "cityKey": "new-orleans-la",
        "cityLabel": "New Orleans, LA",
        "date": "2021-02-07 00:00:00",
        "location": "VALID"
      }
    },
    {
      "type": "Feature",
      "geometry": {
        "type": "Point",
        "coordinates": [
          -90.05612824112178,
          29.978736144385994
        ]
      },
      "properties": {
        "id": 28867,
        "obstruction": "Private Owner Vehicle",
        "imageUrl": "https://feed.bikelaneuprising.com/nc/uploads/2024/07/29/d4e47ef83c2f752b23a524dca50f1403e919f9c8/6f1041de-4153-4809-866c-8a1c01f1f4d6_file_0_UzEJT",
        "cityKey": "new-orleans-la",
        "cityLabel": "New Orleans, LA",
        "date": "2021-02-03 00:00:00",
        "location": "VALID"
      }
    },
    {
      "type": "Feature",
      "geometry": {
        "type": "Point",
        "coordinates": [
          -90.05231212824583,
          29.978983000941284
        ]
      },
      "properties": {
        "id": 28868,
        "obstruction": "Private Owner Vehicle",
        "imageUrl": "https://feed.bikelaneuprising.com/nc/uploads/2024/07/28/d4e47ef83c2f752b23a524dca50f1403e919f9c8/71192278-3219-4f5a-9d0f-8c8822351268_file_0_h53lZ",
        "cityKey": "new-orleans-la",
        "cityLabel": "New Orleans, LA",
        "date": "2021-01-31 00:00:00",
        "location": "VALID"
      }
    },
    {
      "type": "Feature",
      "geometry": {
        "type": "Point",
        "coordinates": [
          -90.05244724452496,
          29.978989099742517
        ]
      },
      "properties": {
        "id": 28869,
        "obstruction": "Private Owner Vehicle",
        "imageUrl": "https://feed.bikelaneuprising.com/nc/uploads/2024/07/29/d4e47ef83c2f752b23a524dca50f1403e919f9c8/a42d475e-d27e-42cf-a1f0-6a40151306a6_file_0_IG4E2",
        "cityKey": "new-orleans-la",
        "cityLabel": "New Orleans, LA",
        "date": "2021-01-31 00:00:00",
        "location": "VALID"
      }
    },
    {
      "type": "Feature",
      "geometry": {
        "type": "Point",
        "coordinates": [
          -90.05611181259157,
          29.9787512462164
        ]
      },
      "properties": {
        "id": 28870,
        "obstruction": "Private Owner Vehicle",
        "imageUrl": "https://feed.bikelaneuprising.com/nc/uploads/2024/07/28/d4e47ef83c2f752b23a524dca50f1403e919f9c8/005e1bd4-5354-43c7-9492-729a6640761b_file_0_FPsi0",
        "cityKey": "new-orleans-la",
        "cityLabel": "New Orleans, LA",
        "date": "2021-01-31 00:00:00",
        "location": "VALID"
      }
    },
    {
      "type": "Feature",
      "geometry": {
        "type": "Point",
        "coordinates": [
          -90.06633069366218,
          29.97416279792083
        ]
      },
      "properties": {
        "id": 28871,
        "obstruction": "Private Owner Vehicle",
        "imageUrl": "https://feed.bikelaneuprising.com/nc/uploads/2024/07/28/d4e47ef83c2f752b23a524dca50f1403e919f9c8/4853d5e0-02e4-4fdc-ab7c-c0eb66703e27_file_0_mwwL5",
        "cityKey": "new-orleans-la",
        "cityLabel": "New Orleans, LA",
        "date": "2021-01-31 00:00:00",
        "location": "VALID"
      }
    },
    {
      "type": "Feature",
      "geometry": {
        "type": "Point",
        "coordinates": [
          -90.05454372614622,
          29.97888745300617
        ]
      },
      "properties": {
        "id": 28913,
        "obstruction": "Private Owner Vehicle",
        "imageUrl": "https://feed.bikelaneuprising.com/nc/uploads/2024/07/29/d4e47ef83c2f752b23a524dca50f1403e919f9c8/88f91521-26fb-49ae-b462-494b0c974d64_file_0_DmGB2",
        "cityKey": "new-orleans-la",
        "cityLabel": "New Orleans, LA",
        "date": "2021-02-09 00:00:00",
        "location": "VALID"
      }
    },
    {
      "type": "Feature",
      "geometry": {
        "type": "Point",
        "coordinates": [
          -90.05610711872578,
          29.968566573239023
        ]
      },
      "properties": {
        "id": 28935,
        "obstruction": "Private Owner Vehicle",
        "imageUrl": "https://feed.bikelaneuprising.com/nc/uploads/2024/07/29/d4e47ef83c2f752b23a524dca50f1403e919f9c8/97618050-cc43-4073-895d-9419110b9f50_file_0_qlllO",
        "cityKey": "new-orleans-la",
        "cityLabel": "New Orleans, LA",
        "date": "2021-02-14 00:00:00",
        "location": "VALID"
      }
    },
    {
      "type": "Feature",
      "geometry": {
        "type": "Point",
        "coordinates": [
          -90.0560973957181,
          29.96858806650477
        ]
      },
      "properties": {
        "id": 28936,
        "obstruction": "Private Owner Vehicle",
        "imageUrl": "https://feed.bikelaneuprising.com/nc/uploads/2024/07/29/d4e47ef83c2f752b23a524dca50f1403e919f9c8/a8dd6bf1-854d-4bee-8b1a-a9cd7a0a1da2_file_0_r_CLB",
        "cityKey": "new-orleans-la",
        "cityLabel": "New Orleans, LA",
        "date": "2021-02-14 00:00:00",
        "location": "VALID"
      }
    },
    {
      "type": "Feature",
      "geometry": {
        "type": "Point",
        "coordinates": [
          -90.05725208669901,
          29.97868822510121
        ]
      },
      "properties": {
        "id": 28950,
        "obstruction": "Private Owner Vehicle",
        "imageUrl": "https://feed.bikelaneuprising.com/nc/uploads/2024/07/29/d4e47ef83c2f752b23a524dca50f1403e919f9c8/79afb53c-9156-4bd1-a9be-f7f22dea761a_file_0_1zcJ3",
        "cityKey": "new-orleans-la",
        "cityLabel": "New Orleans, LA",
        "date": "2021-02-17 00:00:00",
        "location": "VALID"
      }
    },
    {
      "type": "Feature",
      "geometry": {
        "type": "Point",
        "coordinates": [
          -90.05426879972221,
          29.978859572740326
        ]
      },
      "properties": {
        "id": 28951,
        "obstruction": "Private Owner Vehicle",
        "imageUrl": "https://feed.bikelaneuprising.com/nc/uploads/2024/07/28/d4e47ef83c2f752b23a524dca50f1403e919f9c8/9f6d7cfc-f786-4523-b8f8-9b80c5812363_file_0_It7QR",
        "cityKey": "new-orleans-la",
        "cityLabel": "New Orleans, LA",
        "date": "2021-02-17 00:00:00",
        "location": "VALID"
      }
    },
    {
      "type": "Feature",
      "geometry": {
        "type": "Point",
        "coordinates": [
          -90.07738541811703,
          29.967520368385692
        ]
      },
      "properties": {
        "id": 29011,
        "obstruction": "Private Owner Vehicle",
        "imageUrl": "https://feed.bikelaneuprising.com/nc/uploads/2024/07/29/d4e47ef83c2f752b23a524dca50f1403e919f9c8/fa50aff3-9d2b-4ffa-b6d0-5b8081e07f23_file_0_j5PGz",
        "cityKey": "new-orleans-la",
        "cityLabel": "New Orleans, LA",
        "date": "2021-02-20 00:00:00",
        "location": "VALID"
      }
    },
    {
      "type": "Feature",
      "geometry": {
        "type": "Point",
        "coordinates": [
          -90.05612589418888,
          29.968586614257244
        ]
      },
      "properties": {
        "id": 29012,
        "obstruction": "Private Owner Vehicle",
        "imageUrl": "https://feed.bikelaneuprising.com/nc/uploads/2024/07/29/d4e47ef83c2f752b23a524dca50f1403e919f9c8/2ac48e04-bc4c-4eb0-97b5-02840603cac7_file_0_A-Vp3",
        "cityKey": "new-orleans-la",
        "cityLabel": "New Orleans, LA",
        "date": "2021-02-19 00:00:00",
        "location": "VALID"
      }
    },
    {
      "type": "Feature",
      "geometry": {
        "type": "Point",
        "coordinates": [
          -90.05608968436718,
          29.968581676615457
        ]
      },
      "properties": {
        "id": 29013,
        "obstruction": "Private Owner Vehicle",
        "imageUrl": "https://feed.bikelaneuprising.com/nc/uploads/2024/07/28/d4e47ef83c2f752b23a524dca50f1403e919f9c8/2fc7a6c1-cb16-49c5-88c2-233bdd6ff83d_file_0_b_oYF",
        "cityKey": "new-orleans-la",
        "cityLabel": "New Orleans, LA",
        "date": "2021-02-19 00:00:00",
        "location": "VALID"
      }
    },
    {
      "type": "Feature",
      "geometry": {
        "type": "Point",
        "coordinates": [
          -90.05613762885332,
          29.97875008453722
        ]
      },
      "properties": {
        "id": 29024,
        "obstruction": "Private Owner Vehicle",
        "imageUrl": "https://feed.bikelaneuprising.com/nc/uploads/2024/07/29/d4e47ef83c2f752b23a524dca50f1403e919f9c8/7998c2b6-5eea-4603-b51f-1e39d2fa94f0_file_0_RF4Wd",
        "cityKey": "new-orleans-la",
        "cityLabel": "New Orleans, LA",
        "date": "2021-02-21 00:00:00",
        "location": "VALID"
      }
    },
    {
      "type": "Feature",
      "geometry": {
        "type": "Point",
        "coordinates": [
          -90.05424734205009,
          29.978855216448064
        ]
      },
      "properties": {
        "id": 29025,
        "obstruction": "Private Owner Vehicle",
        "imageUrl": "https://feed.bikelaneuprising.com/nc/uploads/2024/07/29/d4e47ef83c2f752b23a524dca50f1403e919f9c8/44ba8f46-9517-495d-ab1e-20f3b7794098_file_0_IDyiL",
        "cityKey": "new-orleans-la",
        "cityLabel": "New Orleans, LA",
        "date": "2021-02-20 00:00:00",
        "location": "VALID"
      }
    },
    {
      "type": "Feature",
      "geometry": {
        "type": "Point",
        "coordinates": [
          -90.05606219172478,
          29.968591261449298
        ]
      },
      "properties": {
        "id": 29026,
        "obstruction": "Private Owner Vehicle",
        "imageUrl": "https://feed.bikelaneuprising.com/nc/uploads/2024/07/29/d4e47ef83c2f752b23a524dca50f1403e919f9c8/fd9eab97-7b40-4a76-b98e-8de1e1b18a0c_file_0_pGjpJ",
        "cityKey": "new-orleans-la",
        "cityLabel": "New Orleans, LA",
        "date": "2021-02-18 00:00:00",
        "location": "VALID"
      }
    },
    {
      "type": "Feature",
      "geometry": {
        "type": "Point",
        "coordinates": [
          -90.05609571933748,
          29.96858632380772
        ]
      },
      "properties": {
        "id": 29038,
        "obstruction": "Taxi / Uber / Livery / Lyft",
        "imageUrl": "https://feed.bikelaneuprising.com/nc/uploads/2024/07/29/d4e47ef83c2f752b23a524dca50f1403e919f9c8/ec5f8835-9372-4303-9502-a10ddc87d205_file_0_yW8Nh",
        "cityKey": "new-orleans-la",
        "cityLabel": "New Orleans, LA",
        "date": "2021-02-23 00:00:00",
        "location": "VALID"
      }
    },
    {
      "type": "Feature",
      "geometry": {
        "type": "Point",
        "coordinates": [
          -90.05606487393379,
          29.968583128863063
        ]
      },
      "properties": {
        "id": 29039,
        "obstruction": "Private Owner Vehicle",
        "imageUrl": "https://feed.bikelaneuprising.com/nc/uploads/2024/07/29/d4e47ef83c2f752b23a524dca50f1403e919f9c8/e1ff9f07-b721-489c-a6a4-43572b8bbf7e_file_0_v_qJ1",
        "cityKey": "new-orleans-la",
        "cityLabel": "New Orleans, LA",
        "date": "2021-02-23 00:00:00",
        "location": "VALID"
      }
    },
    {
      "type": "Feature",
      "geometry": {
        "type": "Point",
        "coordinates": [
          -90.06624922156335,
          29.978116096097125
        ]
      },
      "properties": {
        "id": 29172,
        "obstruction": "Private Owner Vehicle",
        "imageUrl": "https://feed.bikelaneuprising.com/nc/uploads/2024/07/29/d4e47ef83c2f752b23a524dca50f1403e919f9c8/1a3a89da-b256-4996-b62b-412da378bd30_file_0_BQuFH",
        "cityKey": "new-orleans-la",
        "cityLabel": "New Orleans, LA",
        "date": "2021-02-28 00:00:00",
        "location": "VALID"
      }
    },
    {
      "type": "Feature",
      "geometry": {
        "type": "Point",
        "coordinates": [
          -90.05606889724733,
          29.968571801331127
        ]
      },
      "properties": {
        "id": 29210,
        "obstruction": "Private Owner Vehicle",
        "imageUrl": "https://feed.bikelaneuprising.com/nc/uploads/2024/07/29/d4e47ef83c2f752b23a524dca50f1403e919f9c8/07df5b75-4067-4fc8-963b-11ab39142ec6_file_0_hdjf4",
        "cityKey": "new-orleans-la",
        "cityLabel": "New Orleans, LA",
        "date": "2021-03-02 00:00:00",
        "location": "VALID"
      }
    },
    {
      "type": "Feature",
      "geometry": {
        "type": "Point",
        "coordinates": [
          -90.05610845983028,
          29.96857325357888
        ]
      },
      "properties": {
        "id": 29253,
        "obstruction": "Private Owner Vehicle",
        "imageUrl": "https://feed.bikelaneuprising.com/nc/uploads/2024/07/29/d4e47ef83c2f752b23a524dca50f1403e919f9c8/f51d4ed1-29c6-4b0c-a181-a63484b3a28d_file_0_Vcn0C",
        "cityKey": "new-orleans-la",
        "cityLabel": "New Orleans, LA",
        "date": "2021-03-04 00:00:00",
        "location": "VALID"
      }
    },
    {
      "type": "Feature",
      "geometry": {
        "type": "Point",
        "coordinates": [
          -90.05722526460886,
          29.978680383761493
        ]
      },
      "properties": {
        "id": 29254,
        "obstruction": "Private Owner Vehicle",
        "imageUrl": "https://feed.bikelaneuprising.com/nc/uploads/2024/07/29/d4e47ef83c2f752b23a524dca50f1403e919f9c8/3274bbc7-280e-4ca2-91ca-8ea5ed0da83b_file_0_xvyv-",
        "cityKey": "new-orleans-la",
        "cityLabel": "New Orleans, LA",
        "date": "2021-03-05 00:00:00",
        "location": "VALID"
      }
    },
    {
      "type": "Feature",
      "geometry": {
        "type": "Point",
        "coordinates": [
          -90.05696676671505,
          29.97871029701707
        ]
      },
      "properties": {
        "id": 29255,
        "obstruction": "Private Owner Vehicle",
        "imageUrl": "https://feed.bikelaneuprising.com/nc/uploads/2024/07/29/d4e47ef83c2f752b23a524dca50f1403e919f9c8/22b1e46f-87cd-4df2-bd80-4560943c5b1b_file_0_fCzhq",
        "cityKey": "new-orleans-la",
        "cityLabel": "New Orleans, LA",
        "date": "2021-03-05 00:00:00",
        "location": "VALID"
      }
    },
    {
      "type": "Feature",
      "geometry": {
        "type": "Point",
        "coordinates": [
          -90.05421247333287,
          29.978870318260377
        ]
      },
      "properties": {
        "id": 29278,
        "obstruction": "Private Owner Vehicle",
        "imageUrl": "https://feed.bikelaneuprising.com/nc/uploads/2024/07/29/d4e47ef83c2f752b23a524dca50f1403e919f9c8/e51c0fdf-db93-4ac4-826b-66139d97cdac_file_0_f0QlV",
        "cityKey": "new-orleans-la",
        "cityLabel": "New Orleans, LA",
        "date": "2021-03-07 00:00:00",
        "location": "VALID"
      }
    },
    {
      "type": "Feature",
      "geometry": {
        "type": "Point",
        "coordinates": [
          -90.05419369786978,
          29.97783409627402
        ]
      },
      "properties": {
        "id": 29312,
        "obstruction": "Private Owner Vehicle",
        "imageUrl": "https://feed.bikelaneuprising.com/nc/uploads/2024/07/28/d4e47ef83c2f752b23a524dca50f1403e919f9c8/ae19c0a2-34c2-40c9-b0eb-481ca036fe2f_file_0_GCOZN",
        "cityKey": "new-orleans-la",
        "cityLabel": "New Orleans, LA",
        "date": "2021-03-10 00:00:00",
        "location": "VALID"
      }
    },
    {
      "type": "Feature",
      "geometry": {
        "type": "Point",
        "coordinates": [
          -90.05611583590508,
          29.978743695301475
        ]
      },
      "properties": {
        "id": 29313,
        "obstruction": "Private Owner Vehicle",
        "imageUrl": "https://feed.bikelaneuprising.com/nc/uploads/2024/07/29/d4e47ef83c2f752b23a524dca50f1403e919f9c8/a2d28e6c-3335-4b68-abf4-6c62b1a8ad53_file_0_2pIRx",
        "cityKey": "new-orleans-la",
        "cityLabel": "New Orleans, LA",
        "date": "2021-03-10 00:00:00",
        "location": "VALID"
      }
    },
    {
      "type": "Feature",
      "geometry": {
        "type": "Point",
        "coordinates": [
          -90.03365334123372,
          29.965190039639314
        ]
      },
      "properties": {
        "id": 29314,
        "obstruction": "Construction",
        "imageUrl": "https://feed.bikelaneuprising.com/nc/uploads/2024/07/29/d4e47ef83c2f752b23a524dca50f1403e919f9c8/765a654b-3eaf-41cc-b1aa-541da7065da3_file_0_yAxL1",
        "cityKey": "new-orleans-la",
        "cityLabel": "New Orleans, LA",
        "date": "2021-03-08 00:00:00",
        "location": "VALID"
      }
    },
    {
      "type": "Feature",
      "geometry": {
        "type": "Point",
        "coordinates": [
          -90.04629325121641,
          29.968029240084462
        ]
      },
      "properties": {
        "id": 29315,
        "obstruction": "Private Owner Vehicle",
        "imageUrl": "https://feed.bikelaneuprising.com/nc/uploads/2024/07/29/d4e47ef83c2f752b23a524dca50f1403e919f9c8/e2e896b0-236e-42f4-ab60-24c2d2d14d0c_file_0_xIynw",
        "cityKey": "new-orleans-la",
        "cityLabel": "New Orleans, LA",
        "date": "2021-03-08 00:00:00",
        "location": "VALID"
      }
    },
    {
      "type": "Feature",
      "geometry": {
        "type": "Point",
        "coordinates": [
          -90.05538325756788,
          29.978815719389655
        ]
      },
      "properties": {
        "id": 29316,
        "obstruction": "Private Owner Vehicle",
        "imageUrl": "https://feed.bikelaneuprising.com/nc/uploads/2024/07/29/d4e47ef83c2f752b23a524dca50f1403e919f9c8/a0472c7c-30be-4c5f-9900-ab559f162899_file_0_dAHeR",
        "cityKey": "new-orleans-la",
        "cityLabel": "New Orleans, LA",
        "date": "2021-03-07 00:00:00",
        "location": "VALID"
      }
    },
    {
      "type": "Feature",
      "geometry": {
        "type": "Point",
        "coordinates": [
          -90.05087278783321,
          29.979075935014883
        ]
      },
      "properties": {
        "id": 29339,
        "obstruction": "Private Owner Vehicle",
        "imageUrl": "https://feed.bikelaneuprising.com/nc/uploads/2024/07/29/d4e47ef83c2f752b23a524dca50f1403e919f9c8/1404b599-4967-4c77-9aef-e5a50717491a_file_0_cu4JO",
        "cityKey": "new-orleans-la",
        "cityLabel": "New Orleans, LA",
        "date": "2021-03-12 00:00:00",
        "location": "VALID"
      }
    },
    {
      "type": "Feature",
      "geometry": {
        "type": "Point",
        "coordinates": [
          -90.0516452640295,
          29.979002168601067
        ]
      },
      "properties": {
        "id": 29340,
        "obstruction": "Private Owner Vehicle",
        "imageUrl": "https://feed.bikelaneuprising.com/nc/uploads/2024/07/29/d4e47ef83c2f752b23a524dca50f1403e919f9c8/1db3177b-148e-43aa-88f8-6eebcdfdf9da_file_0_ah8B3",
        "cityKey": "new-orleans-la",
        "cityLabel": "New Orleans, LA",
        "date": "2021-03-12 00:00:00",
        "location": "VALID"
      }
    },
    {
      "type": "Feature",
      "geometry": {
        "type": "Point",
        "coordinates": [
          -90.05095090717076,
          29.97905763862602
        ]
      },
      "properties": {
        "id": 29372,
        "obstruction": "Private Owner Vehicle",
        "imageUrl": "https://feed.bikelaneuprising.com/nc/uploads/2024/07/28/d4e47ef83c2f752b23a524dca50f1403e919f9c8/1559eb16-e903-46b7-95fc-674cf6e88680_file_0_ui4rr",
        "cityKey": "new-orleans-la",
        "cityLabel": "New Orleans, LA",
        "date": "2021-03-14 00:00:00",
        "location": "VALID"
      }
    },
    {
      "type": "Feature",
      "geometry": {
        "type": "Point",
        "coordinates": [
          -90.05221322178839,
          29.97897080333765
        ]
      },
      "properties": {
        "id": 29373,
        "obstruction": "Private Owner Vehicle",
        "imageUrl": "https://feed.bikelaneuprising.com/nc/uploads/2024/07/29/d4e47ef83c2f752b23a524dca50f1403e919f9c8/7a5afe4f-3669-47b5-a107-0fdd61037cc1_file_0_EEwk4",
        "cityKey": "new-orleans-la",
        "cityLabel": "New Orleans, LA",
        "date": "2021-03-14 00:00:00",
        "location": "VALID"
      }
    },
    {
      "type": "Feature",
      "geometry": {
        "type": "Point",
        "coordinates": [
          -90.0521669536829,
          29.978995198543394
        ]
      },
      "properties": {
        "id": 29374,
        "obstruction": "Private Owner Vehicle",
        "imageUrl": "https://feed.bikelaneuprising.com/nc/uploads/2024/07/29/d4e47ef83c2f752b23a524dca50f1403e919f9c8/5de426f8-f186-4a2f-a631-812d3b6b16fd_file_0_xKHcw",
        "cityKey": "new-orleans-la",
        "cityLabel": "New Orleans, LA",
        "date": "2021-03-14 00:00:00",
        "location": "VALID"
      }
    },
    {
      "type": "Feature",
      "geometry": {
        "type": "Point",
        "coordinates": [
          -90.05530580878258,
          29.977805634867355
        ]
      },
      "properties": {
        "id": 29375,
        "obstruction": "Private Owner Vehicle",
        "imageUrl": "https://feed.bikelaneuprising.com/nc/uploads/2024/07/28/d4e47ef83c2f752b23a524dca50f1403e919f9c8/0c0462b7-a060-46d9-9f48-ff6c7237da46_file_0_A8q05",
        "cityKey": "new-orleans-la",
        "cityLabel": "New Orleans, LA",
        "date": "2021-03-14 00:00:00",
        "location": "VALID"
      }
    },
    {
      "type": "Feature",
      "geometry": {
        "type": "Point",
        "coordinates": [
          -90.05645915865898,
          29.978770413920913
        ]
      },
      "properties": {
        "id": 29376,
        "obstruction": "Private Owner Vehicle",
        "imageUrl": "https://feed.bikelaneuprising.com/nc/uploads/2024/07/28/d4e47ef83c2f752b23a524dca50f1403e919f9c8/eb0bb073-b7fa-4017-b30b-427c76e6fbcc_file_0_12deu",
        "cityKey": "new-orleans-la",
        "cityLabel": "New Orleans, LA",
        "date": "2021-03-15 00:00:00",
        "location": "VALID"
      }
    },
    {
      "type": "Feature",
      "geometry": {
        "type": "Point",
        "coordinates": [
          -90.06243981420994,
          29.97837486145082
        ]
      },
      "properties": {
        "id": 29377,
        "obstruction": "Company Vehicle",
        "imageUrl": "https://feed.bikelaneuprising.com/nc/uploads/2024/07/29/d4e47ef83c2f752b23a524dca50f1403e919f9c8/6a31f599-46ee-4c7d-8ccd-1037783d835b_file_0_g-O3X",
        "cityKey": "new-orleans-la",
        "cityLabel": "New Orleans, LA",
        "date": "2021-03-15 00:00:00",
        "location": "VALID"
      }
    },
    {
      "type": "Feature",
      "geometry": {
        "type": "Point",
        "coordinates": [
          -90.05724672228098,
          29.978663539400035
        ]
      },
      "properties": {
        "id": 29391,
        "obstruction": "Private Owner Vehicle",
        "imageUrl": "https://feed.bikelaneuprising.com/nc/uploads/2024/07/29/d4e47ef83c2f752b23a524dca50f1403e919f9c8/a963ae60-0ef4-4c3a-8387-3b67fe33fafd_file_0_z-qQg",
        "cityKey": "new-orleans-la",
        "cityLabel": "New Orleans, LA",
        "date": "2021-03-17 00:00:00",
        "location": "VALID"
      }
    },
    {
      "type": "Feature",
      "geometry": {
        "type": "Point",
        "coordinates": [
          -90.05188263952732,
          29.978988228485232
        ]
      },
      "properties": {
        "id": 29447,
        "obstruction": "Private Owner Vehicle",
        "imageUrl": "https://feed.bikelaneuprising.com/nc/uploads/2024/07/28/d4e47ef83c2f752b23a524dca50f1403e919f9c8/5d4d7d15-cbe9-4988-a6b7-4aa09165459b_file_0_YKlX2",
        "cityKey": "new-orleans-la",
        "cityLabel": "New Orleans, LA",
        "date": "2021-03-23 00:00:00",
        "location": "VALID"
      }
    },
    {
      "type": "Feature",
      "geometry": {
        "type": "Point",
        "coordinates": [
          -90.05614701658487,
          29.96858458111064
        ]
      },
      "properties": {
        "id": 29448,
        "obstruction": "Private Owner Vehicle",
        "imageUrl": "https://feed.bikelaneuprising.com/nc/uploads/2024/07/29/d4e47ef83c2f752b23a524dca50f1403e919f9c8/20a6f48a-9199-48f1-b76f-8ec3810962f8_file_0_dimW1",
        "cityKey": "new-orleans-la",
        "cityLabel": "New Orleans, LA",
        "date": "2021-03-22 00:00:00",
        "location": "VALID"
      }
    },
    {
      "type": "Feature",
      "geometry": {
        "type": "Point",
        "coordinates": [
          -90.05253005772829,
          29.968814907309774
        ]
      },
      "properties": {
        "id": 29449,
        "obstruction": "Municipal (city) Vehicle - includes USPS",
        "imageUrl": "https://feed.bikelaneuprising.com/nc/uploads/2024/07/29/d4e47ef83c2f752b23a524dca50f1403e919f9c8/a653d621-af9d-49ae-8fa3-83b2416e1907_file_0_psNDy",
        "cityKey": "new-orleans-la",
        "cityLabel": "New Orleans, LA",
        "date": "2021-03-19 00:00:00",
        "location": "VALID"
      }
    },
    {
      "type": "Feature",
      "geometry": {
        "type": "Point",
        "coordinates": [
          -90.05244087427855,
          29.96878702421698
        ]
      },
      "properties": {
        "id": 29469,
        "obstruction": "Company Vehicle",
        "imageUrl": "https://feed.bikelaneuprising.com/nc/uploads/2024/07/29/d4e47ef83c2f752b23a524dca50f1403e919f9c8/636dfa22-5792-4f39-8317-7722fa6d3546_file_0_d6RbF",
        "cityKey": "new-orleans-la",
        "cityLabel": "New Orleans, LA",
        "date": "2021-03-24 00:00:00",
        "location": "VALID"
      }
    },
    {
      "type": "Feature",
      "geometry": {
        "type": "Point",
        "coordinates": [
          -90.05611013621092,
          29.968602588978996
        ]
      },
      "properties": {
        "id": 29517,
        "obstruction": "Private Owner Vehicle",
        "imageUrl": "https://feed.bikelaneuprising.com/nc/uploads/2024/07/29/d4e47ef83c2f752b23a524dca50f1403e919f9c8/9588ad68-a0c6-42bd-9ee6-d03ecca5c4e4_file_0_SjjOn",
        "cityKey": "new-orleans-la",
        "cityLabel": "New Orleans, LA",
        "date": "2021-03-27 00:00:00",
        "location": "VALID"
      }
    },
    {
      "type": "Feature",
      "geometry": null,
      "properties": {
        "id": 29605,
        "obstruction": "Private Owner Vehicle",
        "imageUrl": "https://feed.bikelaneuprising.com/nc/uploads/2024/07/29/d4e47ef83c2f752b23a524dca50f1403e919f9c8/6ea0ae9f-667e-45a2-a9e9-cd7740943823_file_0_4RVxD",
        "cityKey": "new-orleans-la",
        "cityLabel": "New Orleans, LA",
        "date": "2021-04-04 00:00:00",
        "location": "INVALID"
      }
    },
    {
      "type": "Feature",
      "geometry": {
        "type": "Point",
        "coordinates": [
          -90.0541477650404,
          29.97887554581025
        ]
      },
      "properties": {
        "id": 29606,
        "obstruction": "Private Owner Vehicle",
        "imageUrl": "https://feed.bikelaneuprising.com/nc/uploads/2024/07/29/d4e47ef83c2f752b23a524dca50f1403e919f9c8/5bffd0fe-04a8-4f32-a29b-7d6c58841ce6_file_0__UWqj",
        "cityKey": "new-orleans-la",
        "cityLabel": "New Orleans, LA",
        "date": "2021-04-04 00:00:00",
        "location": "VALID"
      }
    },
    {
      "type": "Feature",
      "geometry": {
        "type": "Point",
        "coordinates": [
          -90.05459267646074,
          29.97880845889925
        ]
      },
      "properties": {
        "id": 29607,
        "obstruction": "Private Owner Vehicle",
        "imageUrl": "https://feed.bikelaneuprising.com/nc/uploads/2024/07/29/d4e47ef83c2f752b23a524dca50f1403e919f9c8/0e43c8ee-1fd4-4d6e-9b38-950855744089_file_0_PBb7f",
        "cityKey": "new-orleans-la",
        "cityLabel": "New Orleans, LA",
        "date": "2021-04-04 00:00:00",
        "location": "VALID"
      }
    },
    {
      "type": "Feature",
      "geometry": {
        "type": "Point",
        "coordinates": [
          -90.05640987306833,
          29.96853869007654
        ]
      },
      "properties": {
        "id": 29608,
        "obstruction": "Private Owner Vehicle",
        "imageUrl": "https://feed.bikelaneuprising.com/nc/uploads/2024/07/29/d4e47ef83c2f752b23a524dca50f1403e919f9c8/8345e81f-8a9a-4b74-8b0b-b51487939f91_file_0_Tfxuq",
        "cityKey": "new-orleans-la",
        "cityLabel": "New Orleans, LA",
        "date": "2021-03-31 00:00:00",
        "location": "VALID"
      }
    },
    {
      "type": "Feature",
      "geometry": {
        "type": "Point",
        "coordinates": [
          -90.0560900196433,
          29.968575286725713
        ]
      },
      "properties": {
        "id": 29609,
        "obstruction": "Private Owner Vehicle",
        "imageUrl": "https://feed.bikelaneuprising.com/nc/uploads/2024/07/29/d4e47ef83c2f752b23a524dca50f1403e919f9c8/5a13a68d-ec7b-408d-92b9-702d80b1859b_file_0_mwrcZ",
        "cityKey": "new-orleans-la",
        "cityLabel": "New Orleans, LA",
        "date": "2021-03-30 00:00:00",
        "location": "VALID"
      }
    },
    {
      "type": "Feature",
      "geometry": {
        "type": "Point",
        "coordinates": [
          -90.05607493221758,
          29.96858545245919
        ]
      },
      "properties": {
        "id": 29627,
        "obstruction": "Private Owner Vehicle",
        "imageUrl": "https://feed.bikelaneuprising.com/nc/uploads/2024/07/29/d4e47ef83c2f752b23a524dca50f1403e919f9c8/d57f23e7-a993-4a39-b759-fb798472bc47_file_0_QyhxK",
        "cityKey": "new-orleans-la",
        "cityLabel": "New Orleans, LA",
        "date": "2021-04-06 00:00:00",
        "location": "VALID"
      }
    },
    {
      "type": "Feature",
      "geometry": {
        "type": "Point",
        "coordinates": [
          -90.05241304636003,
          29.968786152870205
        ]
      },
      "properties": {
        "id": 29628,
        "obstruction": "Private Owner Vehicle",
        "imageUrl": "https://feed.bikelaneuprising.com/nc/uploads/2024/07/29/d4e47ef83c2f752b23a524dca50f1403e919f9c8/141d9104-dc2e-4206-84ed-1334c689f29b_file_0_XwlPR",
        "cityKey": "new-orleans-la",
        "cityLabel": "New Orleans, LA",
        "date": "2021-04-05 00:00:00",
        "location": "VALID"
      }
    },
    {
      "type": "Feature",
      "geometry": {
        "type": "Point",
        "coordinates": [
          -90.05009394139053,
          29.979134599604073
        ]
      },
      "properties": {
        "id": 29648,
        "obstruction": "Private Owner Vehicle",
        "imageUrl": "https://feed.bikelaneuprising.com/nc/uploads/2024/07/29/d4e47ef83c2f752b23a524dca50f1403e919f9c8/4733439c-3202-4d40-9090-b67699a115e2_file_0_mXoHy",
        "cityKey": "new-orleans-la",
        "cityLabel": "New Orleans, LA",
        "date": "2021-04-07 00:00:00",
        "location": "VALID"
      }
    },
    {
      "type": "Feature",
      "geometry": {
        "type": "Point",
        "coordinates": [
          -90.05616344511509,
          29.968577610322022
        ]
      },
      "properties": {
        "id": 29649,
        "obstruction": "Private Owner Vehicle",
        "imageUrl": "https://feed.bikelaneuprising.com/nc/uploads/2024/07/29/d4e47ef83c2f752b23a524dca50f1403e919f9c8/dfeda1e5-fa3e-46ba-8637-b4648c422218_file_0_1AXDQ",
        "cityKey": "new-orleans-la",
        "cityLabel": "New Orleans, LA",
        "date": "2021-03-30 00:00:00",
        "location": "VALID"
      }
    },
    {
      "type": "Feature",
      "geometry": {
        "type": "Point",
        "coordinates": [
          -90.05449410527945,
          29.978822689459925
        ]
      },
      "properties": {
        "id": 29677,
        "obstruction": "Private Owner Vehicle",
        "imageUrl": "https://feed.bikelaneuprising.com/nc/uploads/2024/07/29/d4e47ef83c2f752b23a524dca50f1403e919f9c8/b14845f3-b886-463f-8c51-5f11fbf71f7a_file_0_R9xpo",
        "cityKey": "new-orleans-la",
        "cityLabel": "New Orleans, LA",
        "date": "2021-04-10 00:00:00",
        "location": "VALID"
      }
    },
    {
      "type": "Feature",
      "geometry": {
        "type": "Point",
        "coordinates": [
          -90.0564279779792,
          29.978725108431533
        ]
      },
      "properties": {
        "id": 29678,
        "obstruction": "Private Owner Vehicle",
        "imageUrl": "https://feed.bikelaneuprising.com/nc/uploads/2024/07/29/d4e47ef83c2f752b23a524dca50f1403e919f9c8/f9e24794-2e1a-46e5-9652-482d7d9d5c34_file_0_nB2Gw",
        "cityKey": "new-orleans-la",
        "cityLabel": "New Orleans, LA",
        "date": "2021-04-10 00:00:00",
        "location": "VALID"
      }
    },
    {
      "type": "Feature",
      "geometry": {
        "type": "Point",
        "coordinates": [
          -90.05166202783586,
          29.979028596732
        ]
      },
      "properties": {
        "id": 29688,
        "obstruction": "Private Owner Vehicle",
        "imageUrl": "https://feed.bikelaneuprising.com/nc/uploads/2024/07/29/d4e47ef83c2f752b23a524dca50f1403e919f9c8/4605b17d-d585-4587-bcb0-f68a4d4b65ec_file_0_3DkA_",
        "cityKey": "new-orleans-la",
        "cityLabel": "New Orleans, LA",
        "date": "2021-04-11 00:00:00",
        "location": "VALID"
      }
    },
    {
      "type": "Feature",
      "geometry": {
        "type": "Point",
        "coordinates": [
          -90.0510649010539,
          29.96889768519545
        ]
      },
      "properties": {
        "id": 29689,
        "obstruction": "Private Owner Vehicle",
        "imageUrl": "https://feed.bikelaneuprising.com/nc/uploads/2024/07/29/d4e47ef83c2f752b23a524dca50f1403e919f9c8/b64de4c8-a16d-4402-889f-e3988f334b77_file_0_m4wMG",
        "cityKey": "new-orleans-la",
        "cityLabel": "New Orleans, LA",
        "date": "2021-04-10 00:00:00",
        "location": "VALID"
      }
    },
    {
      "type": "Feature",
      "geometry": {
        "type": "Point",
        "coordinates": [
          -90.05639344453812,
          29.968551760309932
        ]
      },
      "properties": {
        "id": 29690,
        "obstruction": "Private Owner Vehicle",
        "imageUrl": "https://feed.bikelaneuprising.com/nc/uploads/2024/07/29/d4e47ef83c2f752b23a524dca50f1403e919f9c8/a249877b-36f4-4870-9e98-a0bf62f6bc01_file_0_dztGv",
        "cityKey": "new-orleans-la",
        "cityLabel": "New Orleans, LA",
        "date": "2021-04-09 00:00:00",
        "location": "VALID"
      }
    },
    {
      "type": "Feature",
      "geometry": {
        "type": "Point",
        "coordinates": [
          -90.05635824054481,
          29.968562797394554
        ]
      },
      "properties": {
        "id": 29822,
        "obstruction": "Private Owner Vehicle",
        "imageUrl": "https://feed.bikelaneuprising.com/nc/uploads/2024/07/29/d4e47ef83c2f752b23a524dca50f1403e919f9c8/bb670d10-603e-4313-9ec8-4783389d269d_file_0_TcXUz",
        "cityKey": "new-orleans-la",
        "cityLabel": "New Orleans, LA",
        "date": "2021-04-14 00:00:00",
        "location": "VALID"
      }
    },
    {
      "type": "Feature",
      "geometry": {
        "type": "Point",
        "coordinates": [
          -90.05609773099422,
          29.968608688417536
        ]
      },
      "properties": {
        "id": 29823,
        "obstruction": "Private Owner Vehicle",
        "imageUrl": "https://feed.bikelaneuprising.com/nc/uploads/2024/07/29/d4e47ef83c2f752b23a524dca50f1403e919f9c8/e8e855ff-26ea-4a30-8c69-8dce1d026553_file_0_o9ei9",
        "cityKey": "new-orleans-la",
        "cityLabel": "New Orleans, LA",
        "date": "2021-04-14 00:00:00",
        "location": "VALID"
      }
    },
    {
      "type": "Feature",
      "geometry": {
        "type": "Point",
        "coordinates": [
          -90.05618054419756,
          29.968553212557993
        ]
      },
      "properties": {
        "id": 29824,
        "obstruction": "Private Owner Vehicle",
        "imageUrl": "https://feed.bikelaneuprising.com/nc/uploads/2024/07/29/d4e47ef83c2f752b23a524dca50f1403e919f9c8/486cb29b-cb0f-4c0b-bc42-42e72b707b4e_file_0_ZNkTB",
        "cityKey": "new-orleans-la",
        "cityLabel": "New Orleans, LA",
        "date": "2021-04-14 00:00:00",
        "location": "VALID"
      }
    },
    {
      "type": "Feature",
      "geometry": {
        "type": "Point",
        "coordinates": [
          -90.05466006696224,
          29.97881020141699
        ]
      },
      "properties": {
        "id": 29900,
        "obstruction": "Private Owner Vehicle",
        "imageUrl": "https://feed.bikelaneuprising.com/nc/uploads/2024/07/29/d4e47ef83c2f752b23a524dca50f1403e919f9c8/63f6d80e-b2f3-47cc-b43f-711321431fe1_file_0_BP_xC",
        "cityKey": "new-orleans-la",
        "cityLabel": "New Orleans, LA",
        "date": "2021-04-17 00:00:00",
        "location": "VALID"
      }
    },
    {
      "type": "Feature",
      "geometry": {
        "type": "Point",
        "coordinates": [
          -90.05245059728622,
          29.968820135388818
        ]
      },
      "properties": {
        "id": 29989,
        "obstruction": "Private Owner Vehicle",
        "imageUrl": "https://feed.bikelaneuprising.com/nc/uploads/2024/07/29/d4e47ef83c2f752b23a524dca50f1403e919f9c8/4fb2522a-5dbe-46d7-b6b5-76cd3e16e225_file_0_GU6UK",
        "cityKey": "new-orleans-la",
        "cityLabel": "New Orleans, LA",
        "date": "2021-04-26 00:00:00",
        "location": "VALID"
      }
    },
    {
      "type": "Feature",
      "geometry": {
        "type": "Point",
        "coordinates": [
          -90.05034405738117,
          29.979130824161274
        ]
      },
      "properties": {
        "id": 30125,
        "obstruction": "Private Owner Vehicle",
        "imageUrl": "https://feed.bikelaneuprising.com/nc/uploads/2024/07/29/d4e47ef83c2f752b23a524dca50f1403e919f9c8/13165076-72b8-4cbf-8681-6aded7515d58_file_0_n4GOs",
        "cityKey": "new-orleans-la",
        "cityLabel": "New Orleans, LA",
        "date": "2021-05-03 00:00:00",
        "location": "VALID"
      }
    },
    {
      "type": "Feature",
      "geometry": {
        "type": "Point",
        "coordinates": [
          -90.0515416637063,
          29.979020174581166
        ]
      },
      "properties": {
        "id": 30126,
        "obstruction": "Other  (damaged lane / snow / debris / pedestrian / etc.)",
        "imageUrl": "https://feed.bikelaneuprising.com/nc/uploads/2024/07/29/d4e47ef83c2f752b23a524dca50f1403e919f9c8/d241a628-79a1-41e6-b017-c7cba0dd03c3_file_0_8q040",
        "cityKey": "new-orleans-la",
        "cityLabel": "New Orleans, LA",
        "date": "2021-05-03 00:00:00",
        "location": "VALID"
      }
    },
    {
      "type": "Feature",
      "geometry": {
        "type": "Point",
        "coordinates": [
          -90.0549541041255,
          29.978820946942406
        ]
      },
      "properties": {
        "id": 30127,
        "obstruction": "Private Owner Vehicle",
        "imageUrl": "https://feed.bikelaneuprising.com/nc/uploads/2024/07/28/d4e47ef83c2f752b23a524dca50f1403e919f9c8/60a1247c-1006-4032-8d07-08e8e8bd63b0_file_0_w1q5M",
        "cityKey": "new-orleans-la",
        "cityLabel": "New Orleans, LA",
        "date": "2021-05-03 00:00:00",
        "location": "VALID"
      }
    },
    {
      "type": "Feature",
      "geometry": {
        "type": "Point",
        "coordinates": [
          -90.05722191184758,
          29.97867602746139
        ]
      },
      "properties": {
        "id": 30128,
        "obstruction": "Private Owner Vehicle",
        "imageUrl": "https://feed.bikelaneuprising.com/nc/uploads/2024/07/29/d4e47ef83c2f752b23a524dca50f1403e919f9c8/80a3e31e-7027-439d-8a20-774c831da099_file_0_Df4VN",
        "cityKey": "new-orleans-la",
        "cityLabel": "New Orleans, LA",
        "date": "2021-05-03 00:00:00",
        "location": "VALID"
      }
    },
    {
      "type": "Feature",
      "geometry": {
        "type": "Point",
        "coordinates": [
          -90.05811374634504,
          29.978630141088665
        ]
      },
      "properties": {
        "id": 30129,
        "obstruction": "Other  (damaged lane / snow / debris / pedestrian / etc.)",
        "imageUrl": "https://feed.bikelaneuprising.com/nc/uploads/2024/07/29/d4e47ef83c2f752b23a524dca50f1403e919f9c8/d086783e-8088-4002-8ced-b863fd54713e_file_0_iu0BH",
        "cityKey": "new-orleans-la",
        "cityLabel": "New Orleans, LA",
        "date": "2021-05-03 00:00:00",
        "location": "VALID"
      }
    },
    {
      "type": "Feature",
      "geometry": {
        "type": "Point",
        "coordinates": [
          -90.06204888224602,
          29.978361792509723
        ]
      },
      "properties": {
        "id": 30132,
        "obstruction": "Private Owner Vehicle",
        "imageUrl": "https://feed.bikelaneuprising.com/nc/uploads/2024/07/29/d4e47ef83c2f752b23a524dca50f1403e919f9c8/9373789f-3eae-419c-a7f3-d7f5c21a24da_file_0_UGwmv",
        "cityKey": "new-orleans-la",
        "cityLabel": "New Orleans, LA",
        "date": "2021-05-03 00:00:00",
        "location": "VALID"
      }
    },
    {
      "type": "Feature",
      "geometry": {
        "type": "Point",
        "coordinates": [
          -90.06197612732649,
          29.967833766275543
        ]
      },
      "properties": {
        "id": 30133,
        "obstruction": "Private Owner Vehicle",
        "imageUrl": "https://feed.bikelaneuprising.com/nc/uploads/2024/07/29/d4e47ef83c2f752b23a524dca50f1403e919f9c8/8cae8644-bdb0-43fc-9f03-512c4d5c7401_file_0__Oo99",
        "cityKey": "new-orleans-la",
        "cityLabel": "New Orleans, LA",
        "date": "2021-05-02 00:00:00",
        "location": "VALID"
      }
    },
    {
      "type": "Feature",
      "geometry": {
        "type": "Point",
        "coordinates": [
          -90.0611550360918,
          29.968208738726325
        ]
      },
      "properties": {
        "id": 30134,
        "obstruction": "Private Owner Vehicle",
        "imageUrl": "https://feed.bikelaneuprising.com/nc/uploads/2024/07/29/d4e47ef83c2f752b23a524dca50f1403e919f9c8/ec2ca839-1364-4d6d-bd45-4b8013437abc_file_0_bdjuC",
        "cityKey": "new-orleans-la",
        "cityLabel": "New Orleans, LA",
        "date": "2021-05-02 00:00:00",
        "location": "VALID"
      }
    },
    {
      "type": "Feature",
      "geometry": {
        "type": "Point",
        "coordinates": [
          -90.05402538925408,
          29.96890959358736
        ]
      },
      "properties": {
        "id": 30226,
        "obstruction": "Private Owner Vehicle",
        "imageUrl": "https://feed.bikelaneuprising.com/nc/uploads/2024/07/29/d4e47ef83c2f752b23a524dca50f1403e919f9c8/0e568135-8fd6-4f69-8877-d81240bc6d82_file_0_ZBH1g",
        "cityKey": "new-orleans-la",
        "cityLabel": "New Orleans, LA",
        "date": "2021-05-06 00:00:00",
        "location": "VALID"
      }
    },
    {
      "type": "Feature",
      "geometry": {
        "type": "Point",
        "coordinates": [
          -90.04278559237717,
          29.96725053752927
        ]
      },
      "properties": {
        "id": 30262,
        "obstruction": "Private Owner Vehicle",
        "imageUrl": "https://feed.bikelaneuprising.com/nc/uploads/2024/07/28/d4e47ef83c2f752b23a524dca50f1403e919f9c8/ffe5a140-5e79-483b-9705-3e031c8e2d29_file_0_gMgLN",
        "cityKey": "new-orleans-la",
        "cityLabel": "New Orleans, LA",
        "date": "2021-05-09 00:00:00",
        "location": "VALID"
      }
    },
    {
      "type": "Feature",
      "geometry": {
        "type": "Point",
        "coordinates": [
          -90.0426856800914,
          29.967226720346368
        ]
      },
      "properties": {
        "id": 30263,
        "obstruction": "Private Owner Vehicle",
        "imageUrl": "https://feed.bikelaneuprising.com/nc/uploads/2024/07/29/d4e47ef83c2f752b23a524dca50f1403e919f9c8/004b46e3-5812-4cf4-9b25-57457adf3d7b_file_0_5Przt",
        "cityKey": "new-orleans-la",
        "cityLabel": "New Orleans, LA",
        "date": "2021-05-09 00:00:00",
        "location": "VALID"
      }
    },
    {
      "type": "Feature",
      "geometry": {
        "type": "Point",
        "coordinates": [
          -90.05195841193199,
          29.979031500921796
        ]
      },
      "properties": {
        "id": 30264,
        "obstruction": "Private Owner Vehicle",
        "imageUrl": "https://feed.bikelaneuprising.com/nc/uploads/2024/07/29/d4e47ef83c2f752b23a524dca50f1403e919f9c8/c61f6335-762e-4873-823d-fabbc211e7f4_file_0_8qfJN",
        "cityKey": "new-orleans-la",
        "cityLabel": "New Orleans, LA",
        "date": "2021-05-11 00:00:00",
        "location": "VALID"
      }
    },
    {
      "type": "Feature",
      "geometry": {
        "type": "Point",
        "coordinates": [
          -90.05540404468775,
          29.978793647497223
        ]
      },
      "properties": {
        "id": 30265,
        "obstruction": "Private Owner Vehicle",
        "imageUrl": "https://feed.bikelaneuprising.com/nc/uploads/2024/07/29/d4e47ef83c2f752b23a524dca50f1403e919f9c8/719ab423-64b4-438a-b52e-e7c1a8e39db7_file_0_MGoLn",
        "cityKey": "new-orleans-la",
        "cityLabel": "New Orleans, LA",
        "date": "2021-05-11 00:00:00",
        "location": "VALID"
      }
    },
    {
      "type": "Feature",
      "geometry": {
        "type": "Point",
        "coordinates": [
          -90.05836352705956,
          29.978625494366185
        ]
      },
      "properties": {
        "id": 30266,
        "obstruction": "Other  (damaged lane / snow / debris / pedestrian / etc.)",
        "imageUrl": "https://feed.bikelaneuprising.com/nc/uploads/2024/07/29/d4e47ef83c2f752b23a524dca50f1403e919f9c8/558ef415-338d-4e72-b3de-0e3468070e17_file_0_EHBQt",
        "cityKey": "new-orleans-la",
        "cityLabel": "New Orleans, LA",
        "date": "2021-05-11 00:00:00",
        "location": "VALID"
      }
    },
    {
      "type": "Feature",
      "geometry": {
        "type": "Point",
        "coordinates": [
          -90.0379016250372,
          29.966152908010955
        ]
      },
      "properties": {
        "id": 30267,
        "obstruction": "Private Owner Vehicle",
        "imageUrl": "https://feed.bikelaneuprising.com/nc/uploads/2024/07/28/d4e47ef83c2f752b23a524dca50f1403e919f9c8/f8903be8-849c-4da7-b343-8f817ed4cc98_file_0_rDuyQ",
        "cityKey": "new-orleans-la",
        "cityLabel": "New Orleans, LA",
        "date": "2021-05-10 00:00:00",
        "location": "VALID"
      }
    },
    {
      "type": "Feature",
      "geometry": {
        "type": "Point",
        "coordinates": [
          -90.05618121474981,
          29.968583128863063
        ]
      },
      "properties": {
        "id": 30268,
        "obstruction": "Private Owner Vehicle",
        "imageUrl": "https://feed.bikelaneuprising.com/nc/uploads/2024/07/29/d4e47ef83c2f752b23a524dca50f1403e919f9c8/dedc4b0f-ed8e-4c6b-87f8-d9aa335d2d7a_file_0_rxaBD",
        "cityKey": "new-orleans-la",
        "cityLabel": "New Orleans, LA",
        "date": "2021-04-30 00:00:00",
        "location": "VALID"
      }
    },
    {
      "type": "Feature",
      "geometry": {
        "type": "Point",
        "coordinates": [
          -90.05597166717052,
          29.978771866019613
        ]
      },
      "properties": {
        "id": 30269,
        "obstruction": "Private Owner Vehicle",
        "imageUrl": "https://feed.bikelaneuprising.com/nc/uploads/2024/07/28/d4e47ef83c2f752b23a524dca50f1403e919f9c8/81002607-a02a-46ec-bd3b-6216d219c284_file_0_obyiT",
        "cityKey": "new-orleans-la",
        "cityLabel": "New Orleans, LA",
        "date": "2021-04-29 00:00:00",
        "location": "VALID"
      }
    },
    {
      "type": "Feature",
      "geometry": {
        "type": "Point",
        "coordinates": [
          -90.05590796470642,
          29.968593004146253
        ]
      },
      "properties": {
        "id": 30321,
        "obstruction": "Private Owner Vehicle",
        "imageUrl": "https://feed.bikelaneuprising.com/nc/uploads/2024/07/29/d4e47ef83c2f752b23a524dca50f1403e919f9c8/3364c32b-8dd6-4a41-a14b-df019704c73f_file_0_Xr-ps",
        "cityKey": "new-orleans-la",
        "cityLabel": "New Orleans, LA",
        "date": "2021-05-13 00:00:00",
        "location": "VALID"
      }
    },
    {
      "type": "Feature",
      "geometry": {
        "type": "Point",
        "coordinates": [
          -90.05619965493679,
          29.968601136731674
        ]
      },
      "properties": {
        "id": 30322,
        "obstruction": "Private Owner Vehicle",
        "imageUrl": "https://feed.bikelaneuprising.com/nc/uploads/2024/07/29/d4e47ef83c2f752b23a524dca50f1403e919f9c8/bbad8216-b5b2-40d6-94af-266dc4c8d814_file_0_jzsVg",
        "cityKey": "new-orleans-la",
        "cityLabel": "New Orleans, LA",
        "date": "2021-05-13 00:00:00",
        "location": "VALID"
      }
    },
    {
      "type": "Feature",
      "geometry": {
        "type": "Point",
        "coordinates": [
          -90.05651984363794,
          29.96704053948812
        ]
      },
      "properties": {
        "id": 30323,
        "obstruction": "Other  (damaged lane / snow / debris / pedestrian / etc.)",
        "imageUrl": "https://feed.bikelaneuprising.com/nc/uploads/2024/07/29/d4e47ef83c2f752b23a524dca50f1403e919f9c8/95c1555b-9f04-4a72-baa8-18277ec81d15_file_0_GZGJ3",
        "cityKey": "new-orleans-la",
        "cityLabel": "New Orleans, LA",
        "date": "2021-05-13 00:00:00",
        "location": "VALID"
      }
    },
    {
      "type": "Feature",
      "geometry": {
        "type": "Point",
        "coordinates": [
          -90.05626436322926,
          29.968566863688604
        ]
      },
      "properties": {
        "id": 30324,
        "obstruction": "Private Owner Vehicle",
        "imageUrl": "https://feed.bikelaneuprising.com/nc/uploads/2024/07/29/d4e47ef83c2f752b23a524dca50f1403e919f9c8/8062b34a-d202-4cd0-b5f4-422824b2a042_file_0_NdsFc",
        "cityKey": "new-orleans-la",
        "cityLabel": "New Orleans, LA",
        "date": "2021-05-13 00:00:00",
        "location": "VALID"
      }
    },
    {
      "type": "Feature",
      "geometry": {
        "type": "Point",
        "coordinates": [
          -90.05614668130873,
          29.96856744458773
        ]
      },
      "properties": {
        "id": 30325,
        "obstruction": "Private Owner Vehicle",
        "imageUrl": "https://feed.bikelaneuprising.com/nc/uploads/2024/07/29/d4e47ef83c2f752b23a524dca50f1403e919f9c8/58ae2dff-4e84-4300-9590-f55d9111f3cf_file_0_zSt7D",
        "cityKey": "new-orleans-la",
        "cityLabel": "New Orleans, LA",
        "date": "2021-05-13 00:00:00",
        "location": "VALID"
      }
    },
    {
      "type": "Feature",
      "geometry": {
        "type": "Point",
        "coordinates": [
          -90.05617685616016,
          29.968552922108366
        ]
      },
      "properties": {
        "id": 30326,
        "obstruction": "Private Owner Vehicle",
        "imageUrl": "https://feed.bikelaneuprising.com/nc/uploads/2024/07/29/d4e47ef83c2f752b23a524dca50f1403e919f9c8/235b8df1-b6b0-49c9-9d85-a298fb898d56_file_0_sVIoa",
        "cityKey": "new-orleans-la",
        "cityLabel": "New Orleans, LA",
        "date": "2021-05-13 00:00:00",
        "location": "VALID"
      }
    },
    {
      "type": "Feature",
      "geometry": {
        "type": "Point",
        "coordinates": [
          -90.05615539848804,
          29.9685909709998
        ]
      },
      "properties": {
        "id": 30349,
        "obstruction": "Private Owner Vehicle",
        "imageUrl": "https://feed.bikelaneuprising.com/nc/uploads/2024/07/29/d4e47ef83c2f752b23a524dca50f1403e919f9c8/d448fa07-2dff-490c-bf73-2f8d501fa85d_file_0_S4B-L",
        "cityKey": "new-orleans-la",
        "cityLabel": "New Orleans, LA",
        "date": "2021-05-15 00:00:00",
        "location": "VALID"
      }
    },
    {
      "type": "Feature",
      "geometry": {
        "type": "Point",
        "coordinates": [
          -90.0567515194416,
          29.966069256468174
        ]
      },
      "properties": {
        "id": 30350,
        "obstruction": "Other  (damaged lane / snow / debris / pedestrian / etc.)",
        "imageUrl": "https://feed.bikelaneuprising.com/nc/uploads/2024/07/29/d4e47ef83c2f752b23a524dca50f1403e919f9c8/e5ab75b7-62cb-43e5-948a-8cf03eb2ec88_file_0_UEygQ",
        "cityKey": "new-orleans-la",
        "cityLabel": "New Orleans, LA",
        "date": "2021-05-15 00:00:00",
        "location": "VALID"
      }
    },
    {
      "type": "Feature",
      "geometry": {
        "type": "Point",
        "coordinates": [
          -90.05615003407001,
          29.968600555832747
        ]
      },
      "properties": {
        "id": 30351,
        "obstruction": "Private Owner Vehicle",
        "imageUrl": "https://feed.bikelaneuprising.com/nc/uploads/2024/07/29/d4e47ef83c2f752b23a524dca50f1403e919f9c8/8a54c6bd-55b1-4a72-a035-157f670ee3c2_file_0_2D8-F",
        "cityKey": "new-orleans-la",
        "cityLabel": "New Orleans, LA",
        "date": "2021-05-14 00:00:00",
        "location": "VALID"
      }
    },
    {
      "type": "Feature",
      "geometry": {
        "type": "Point",
        "coordinates": [
          -90.05619965493679,
          29.9685898092018
        ]
      },
      "properties": {
        "id": 30352,
        "obstruction": "Private Owner Vehicle",
        "imageUrl": "https://feed.bikelaneuprising.com/nc/uploads/2024/07/29/d4e47ef83c2f752b23a524dca50f1403e919f9c8/e1c175a6-61ae-4c4f-bfaa-0ed19cf730d5_file_0_OXaxB",
        "cityKey": "new-orleans-la",
        "cityLabel": "New Orleans, LA",
        "date": "2021-05-14 00:00:00",
        "location": "VALID"
      }
    },
    {
      "type": "Feature",
      "geometry": {
        "type": "Point",
        "coordinates": [
          -90.05544260144234,
          29.97880119840833
        ]
      },
      "properties": {
        "id": 30442,
        "obstruction": "Private Owner Vehicle",
        "imageUrl": "https://feed.bikelaneuprising.com/nc/uploads/2024/07/29/d4e47ef83c2f752b23a524dca50f1403e919f9c8/cdd7069e-c122-485f-ac32-1b64853287a9_file_0_E5lNh",
        "cityKey": "new-orleans-la",
        "cityLabel": "New Orleans, LA",
        "date": "2021-05-17 00:00:00",
        "location": "VALID"
      }
    },
    {
      "type": "Feature",
      "geometry": {
        "type": "Point",
        "coordinates": [
          -90.05620468407868,
          29.978758216291197
        ]
      },
      "properties": {
        "id": 30443,
        "obstruction": "Private Owner Vehicle",
        "imageUrl": "https://feed.bikelaneuprising.com/nc/uploads/2024/07/29/d4e47ef83c2f752b23a524dca50f1403e919f9c8/5d14681f-5037-477d-b1a0-2b4290612d46_file_0_1ECGL",
        "cityKey": "new-orleans-la",
        "cityLabel": "New Orleans, LA",
        "date": "2021-05-17 00:00:00",
        "location": "VALID"
      }
    },
    {
      "type": "Feature",
      "geometry": {
        "type": "Point",
        "coordinates": [
          -90.0561936199665,
          29.978727141370616
        ]
      },
      "properties": {
        "id": 30444,
        "obstruction": "Private Owner Vehicle",
        "imageUrl": "https://feed.bikelaneuprising.com/nc/uploads/2024/07/29/d4e47ef83c2f752b23a524dca50f1403e919f9c8/b1c7461b-7ca8-4559-9f7a-c1e7c06c2ceb_file_0_XOcWH",
        "cityKey": "new-orleans-la",
        "cityLabel": "New Orleans, LA",
        "date": "2021-05-17 00:00:00",
        "location": "VALID"
      }
    },
    {
      "type": "Feature",
      "geometry": {
        "type": "Point",
        "coordinates": [
          -90.0561959668994,
          29.968576158074317
        ]
      },
      "properties": {
        "id": 30524,
        "obstruction": "Private Owner Vehicle",
        "imageUrl": "https://feed.bikelaneuprising.com/nc/uploads/2024/07/29/d4e47ef83c2f752b23a524dca50f1403e919f9c8/2c4cea8d-5416-45e1-b854-8177211eb4b5_file_0_Y75C2",
        "cityKey": "new-orleans-la",
        "cityLabel": "New Orleans, LA",
        "date": "2021-05-20 00:00:00",
        "location": "VALID"
      }
    },
    {
      "type": "Feature",
      "geometry": {
        "type": "Point",
        "coordinates": [
          -90.0565342605114,
          29.96707074670257
        ]
      },
      "properties": {
        "id": 30525,
        "obstruction": "Other  (damaged lane / snow / debris / pedestrian / etc.)",
        "imageUrl": "https://feed.bikelaneuprising.com/nc/uploads/2024/07/29/d4e47ef83c2f752b23a524dca50f1403e919f9c8/caa89a43-b9ef-4161-a8eb-e63d9877bd63_file_0_VVlcU",
        "cityKey": "new-orleans-la",
        "cityLabel": "New Orleans, LA",
        "date": "2021-05-20 00:00:00",
        "location": "VALID"
      }
    },
    {
      "type": "Feature",
      "geometry": {
        "type": "Point",
        "coordinates": [
          -90.05658119916916,
          29.967466925088043
        ]
      },
      "properties": {
        "id": 30526,
        "obstruction": "Company Vehicle",
        "imageUrl": "https://feed.bikelaneuprising.com/nc/uploads/2024/07/29/d4e47ef83c2f752b23a524dca50f1403e919f9c8/ac1c6dfd-7b97-44e8-ac19-4e62b6fbb32b_file_0_2TJzd",
        "cityKey": "new-orleans-la",
        "cityLabel": "New Orleans, LA",
        "date": "2021-05-20 00:00:00",
        "location": "VALID"
      }
    },
    {
      "type": "Feature",
      "geometry": {
        "type": "Point",
        "coordinates": [
          -90.05414340645075,
          29.978871770357603
        ]
      },
      "properties": {
        "id": 30545,
        "obstruction": "Private Owner Vehicle",
        "imageUrl": "https://feed.bikelaneuprising.com/nc/uploads/2024/07/28/d4e47ef83c2f752b23a524dca50f1403e919f9c8/0813797f-a807-4cf1-abf9-7ea12ca0ba34_file_0_2bIhC",
        "cityKey": "new-orleans-la",
        "cityLabel": "New Orleans, LA",
        "date": "2021-05-24 00:00:00",
        "location": "VALID"
      }
    },
    {
      "type": "Feature",
      "geometry": {
        "type": "Point",
        "coordinates": [
          -90.05605146288872,
          29.96859532774215
        ]
      },
      "properties": {
        "id": 30546,
        "obstruction": "Private Owner Vehicle",
        "imageUrl": "https://feed.bikelaneuprising.com/nc/uploads/2024/07/29/d4e47ef83c2f752b23a524dca50f1403e919f9c8/dda51e36-37a8-410d-acd6-a4c119744287_file_0_eeYV2",
        "cityKey": "new-orleans-la",
        "cityLabel": "New Orleans, LA",
        "date": "2021-05-23 00:00:00",
        "location": "VALID"
      }
    },
    {
      "type": "Feature",
      "geometry": {
        "type": "Point",
        "coordinates": [
          -90.06210654973984,
          29.978429170143176
        ]
      },
      "properties": {
        "id": 30644,
        "obstruction": "Private Owner Vehicle",
        "imageUrl": "https://feed.bikelaneuprising.com/nc/uploads/2024/07/29/d4e47ef83c2f752b23a524dca50f1403e919f9c8/b96d4199-6798-4897-8347-f3a26f3b65bd_file_0_XMTpU",
        "cityKey": "new-orleans-la",
        "cityLabel": "New Orleans, LA",
        "date": "2021-05-26 00:00:00",
        "location": "VALID"
      }
    },
    {
      "type": "Feature",
      "geometry": {
        "type": "Point",
        "coordinates": [
          -90.05468487739563,
          29.978838372116254
        ]
      },
      "properties": {
        "id": 30862,
        "obstruction": "Private Owner Vehicle",
        "imageUrl": "https://feed.bikelaneuprising.com/nc/uploads/2024/07/29/d4e47ef83c2f752b23a524dca50f1403e919f9c8/7218f4a5-1c31-4be3-9c1c-9bce87c219a7_file_0__gOYt",
        "cityKey": "new-orleans-la",
        "cityLabel": "New Orleans, LA",
        "date": "2021-06-09 00:00:00",
        "location": "VALID"
      }
    },
    {
      "type": "Feature",
      "geometry": {
        "type": "Point",
        "coordinates": [
          -90.05616445094346,
          29.978736434805825
        ]
      },
      "properties": {
        "id": 30863,
        "obstruction": "Private Owner Vehicle",
        "imageUrl": "https://feed.bikelaneuprising.com/nc/uploads/2024/07/29/d4e47ef83c2f752b23a524dca50f1403e919f9c8/58a8ffc1-e67e-450b-89a8-e06a6bdf01c4_file_0_T-BRF",
        "cityKey": "new-orleans-la",
        "cityLabel": "New Orleans, LA",
        "date": "2021-06-09 00:00:00",
        "location": "VALID"
      }
    },
    {
      "type": "Feature",
      "geometry": {
        "type": "Point",
        "coordinates": [
          -90.05723565816879,
          29.978683287961466
        ]
      },
      "properties": {
        "id": 30864,
        "obstruction": "Private Owner Vehicle",
        "imageUrl": "https://feed.bikelaneuprising.com/nc/uploads/2024/07/29/d4e47ef83c2f752b23a524dca50f1403e919f9c8/311c7c33-8254-4537-8fb5-3fedb0cfb375_file_0_JHJmX",
        "cityKey": "new-orleans-la",
        "cityLabel": "New Orleans, LA",
        "date": "2021-06-09 00:00:00",
        "location": "VALID"
      }
    },
    {
      "type": "Feature",
      "geometry": {
        "type": "Point",
        "coordinates": [
          -90.0556156039238,
          29.977778625565755
        ]
      },
      "properties": {
        "id": 30865,
        "obstruction": "Private Owner Vehicle",
        "imageUrl": "https://feed.bikelaneuprising.com/nc/uploads/2024/07/28/d4e47ef83c2f752b23a524dca50f1403e919f9c8/d46e5421-019b-46da-8c19-3e1dcb8b21bb_file_0_0lhZz",
        "cityKey": "new-orleans-la",
        "cityLabel": "New Orleans, LA",
        "date": "2021-06-09 00:00:00",
        "location": "VALID"
      }
    },
    {
      "type": "Feature",
      "geometry": {
        "type": "Point",
        "coordinates": [
          -90.05458764731883,
          29.9788697374215
        ]
      },
      "properties": {
        "id": 30866,
        "obstruction": "Company Vehicle",
        "imageUrl": "https://feed.bikelaneuprising.com/nc/uploads/2024/07/28/d4e47ef83c2f752b23a524dca50f1403e919f9c8/53a164a5-7304-4e93-9e78-c174617a6278_file_0_B_xgq",
        "cityKey": "new-orleans-la",
        "cityLabel": "New Orleans, LA",
        "date": "2021-06-09 00:00:00",
        "location": "VALID"
      }
    },
    {
      "type": "Feature",
      "geometry": {
        "type": "Point",
        "coordinates": [
          -90.05247473716736,
          29.979014075781816
        ]
      },
      "properties": {
        "id": 30867,
        "obstruction": "Private Owner Vehicle",
        "imageUrl": "https://feed.bikelaneuprising.com/nc/uploads/2024/07/28/d4e47ef83c2f752b23a524dca50f1403e919f9c8/494ce211-51bd-43af-bc32-e156647e497b_file_0_AE7vX",
        "cityKey": "new-orleans-la",
        "cityLabel": "New Orleans, LA",
        "date": "2021-06-09 00:00:00",
        "location": "VALID"
      }
    },
    {
      "type": "Feature",
      "geometry": {
        "type": "Point",
        "coordinates": [
          -90.04207883030176,
          29.967309790008326
        ]
      },
      "properties": {
        "id": 30971,
        "obstruction": "Other  (damaged lane / snow / debris / pedestrian / etc.)",
        "imageUrl": "https://feed.bikelaneuprising.com/nc/uploads/2024/07/29/d4e47ef83c2f752b23a524dca50f1403e919f9c8/18e91783-80c1-4205-9648-2524496c1c89_file_0_yARJO",
        "cityKey": "new-orleans-la",
        "cityLabel": "New Orleans, LA",
        "date": "2021-06-10 00:00:00",
        "location": "VALID"
      }
    },
    {
      "type": "Feature",
      "geometry": {
        "type": "Point",
        "coordinates": [
          -90.0521669536829,
          30.002812224364792
        ]
      },
      "properties": {
        "id": 30972,
        "obstruction": "Private Owner Vehicle",
        "imageUrl": "https://feed.bikelaneuprising.com/nc/uploads/2024/07/28/d4e47ef83c2f752b23a524dca50f1403e919f9c8/0d9dbe3d-fece-450d-bcbe-d0b0420f7f12_file_0_cq6uY",
        "cityKey": "new-orleans-la",
        "cityLabel": "New Orleans, LA",
        "date": "2021-06-10 00:00:00",
        "location": "VALID"
      }
    },
    {
      "type": "Feature",
      "geometry": {
        "type": "Point",
        "coordinates": [
          -90.05613528192043,
          30.001865680758407
        ]
      },
      "properties": {
        "id": 30973,
        "obstruction": "Private Owner Vehicle",
        "imageUrl": "https://feed.bikelaneuprising.com/nc/uploads/2024/07/29/d4e47ef83c2f752b23a524dca50f1403e919f9c8/abaaebbd-e431-4dab-860f-e0de772ca06e_file_0_DA3Lp",
        "cityKey": "new-orleans-la",
        "cityLabel": "New Orleans, LA",
        "date": "2021-06-10 00:00:00",
        "location": "VALID"
      }
    },
    {
      "type": "Feature",
      "geometry": {
        "type": "Point",
        "coordinates": [
          -90.06349861621857,
          29.99499541992321
        ]
      },
      "properties": {
        "id": 30974,
        "obstruction": "Private Owner Vehicle",
        "imageUrl": "https://feed.bikelaneuprising.com/nc/uploads/2024/07/29/d4e47ef83c2f752b23a524dca50f1403e919f9c8/6dcace13-1ac8-4b20-a097-d2c101e38893_file_0_E5zr6",
        "cityKey": "new-orleans-la",
        "cityLabel": "New Orleans, LA",
        "date": "2021-06-10 00:00:00",
        "location": "VALID"
      }
    },
    {
      "type": "Feature",
      "geometry": {
        "type": "Point",
        "coordinates": [
          -90.06348721683025,
          29.99501923044769
        ]
      },
      "properties": {
        "id": 30975,
        "obstruction": "Private Owner Vehicle",
        "imageUrl": "https://feed.bikelaneuprising.com/nc/uploads/2024/07/29/d4e47ef83c2f752b23a524dca50f1403e919f9c8/7e863269-ed79-4bc2-8635-6f7e7a156824_file_0_IXyKw",
        "cityKey": "new-orleans-la",
        "cityLabel": "New Orleans, LA",
        "date": "2021-06-10 00:00:00",
        "location": "VALID"
      }
    },
    {
      "type": "Feature",
      "geometry": {
        "type": "Point",
        "coordinates": [
          -90.05608599632978,
          29.978726270111018
        ]
      },
      "properties": {
        "id": 31001,
        "obstruction": "Private Owner Vehicle",
        "imageUrl": "https://feed.bikelaneuprising.com/nc/uploads/2024/07/29/d4e47ef83c2f752b23a524dca50f1403e919f9c8/bfa589b5-ae1b-4d2a-8d12-dff117cc5445_file_0_y9Twf",
        "cityKey": "new-orleans-la",
        "cityLabel": "New Orleans, LA",
        "date": "2021-06-14 00:00:00",
        "location": "VALID"
      }
    },
    {
      "type": "Feature",
      "geometry": {
        "type": "Point",
        "coordinates": [
          -90.06318647414446,
          29.977284034582876
        ]
      },
      "properties": {
        "id": 31002,
        "obstruction": "Private Owner Vehicle",
        "imageUrl": "https://feed.bikelaneuprising.com/nc/uploads/2024/07/29/d4e47ef83c2f752b23a524dca50f1403e919f9c8/b5fc6762-4b2b-4ebf-b6ba-3e484470ad1d_file_0_xpnN_",
        "cityKey": "new-orleans-la",
        "cityLabel": "New Orleans, LA",
        "date": "2021-06-14 00:00:00",
        "location": "VALID"
      }
    },
    {
      "type": "Feature",
      "geometry": {
        "type": "Point",
        "coordinates": [
          -90.0508476421237,
          29.979070126637836
        ]
      },
      "properties": {
        "id": 31085,
        "obstruction": "Private Owner Vehicle",
        "imageUrl": "https://feed.bikelaneuprising.com/nc/uploads/2024/07/28/d4e47ef83c2f752b23a524dca50f1403e919f9c8/dda35877-bb2c-4124-8280-4fa2c441fbd7_file_0_DBMj4",
        "cityKey": "new-orleans-la",
        "cityLabel": "New Orleans, LA",
        "date": "2021-06-17 00:00:00",
        "location": "VALID"
      }
    },
    {
      "type": "Feature",
      "geometry": {
        "type": "Point",
        "coordinates": [
          -90.05586840212345,
          29.978695195180435
        ]
      },
      "properties": {
        "id": 31086,
        "obstruction": "Private Owner Vehicle",
        "imageUrl": "https://feed.bikelaneuprising.com/nc/uploads/2024/07/29/d4e47ef83c2f752b23a524dca50f1403e919f9c8/4b850e15-acc7-42c4-8230-569ec4f95517_file_0_Hg5dq",
        "cityKey": "new-orleans-la",
        "cityLabel": "New Orleans, LA",
        "date": "2021-06-17 00:00:00",
        "location": "VALID"
      }
    },
    {
      "type": "Feature",
      "geometry": {
        "type": "Point",
        "coordinates": [
          -90.05232118070124,
          29.978981548845688
        ]
      },
      "properties": {
        "id": 31161,
        "obstruction": "Private Owner Vehicle",
        "imageUrl": "https://feed.bikelaneuprising.com/nc/uploads/2024/07/29/d4e47ef83c2f752b23a524dca50f1403e919f9c8/a4526d32-3945-467a-ab02-008d16072972_file_0_A-ulZ",
        "cityKey": "new-orleans-la",
        "cityLabel": "New Orleans, LA",
        "date": "2021-06-19 00:00:00",
        "location": "VALID"
      }
    },
    {
      "type": "Feature",
      "geometry": {
        "type": "Point",
        "coordinates": [
          -90.05570746958256,
          29.978758506710975
        ]
      },
      "properties": {
        "id": 31162,
        "obstruction": "Private Owner Vehicle",
        "imageUrl": "https://feed.bikelaneuprising.com/nc/uploads/2024/07/29/d4e47ef83c2f752b23a524dca50f1403e919f9c8/2f74bfaf-d672-4d0e-9e85-d8be0023355c_file_0_AC3Ha",
        "cityKey": "new-orleans-la",
        "cityLabel": "New Orleans, LA",
        "date": "2021-06-19 00:00:00",
        "location": "VALID"
      }
    },
    {
      "type": "Feature",
      "geometry": {
        "type": "Point",
        "coordinates": [
          -90.05814760923387,
          29.97863972495307
        ]
      },
      "properties": {
        "id": 31163,
        "obstruction": "Other  (damaged lane / snow / debris / pedestrian / etc.)",
        "imageUrl": "https://feed.bikelaneuprising.com/nc/uploads/2024/07/29/d4e47ef83c2f752b23a524dca50f1403e919f9c8/05878e77-39f8-478d-a163-d2aa797a768f_file_0_bcldV",
        "cityKey": "new-orleans-la",
        "cityLabel": "New Orleans, LA",
        "date": "2021-06-19 00:00:00",
        "location": "VALID"
      }
    },
    {
      "type": "Feature",
      "geometry": {
        "type": "Point",
        "coordinates": [
          -90.05083423107862,
          29.979119497831967
        ]
      },
      "properties": {
        "id": 31189,
        "obstruction": "Private Owner Vehicle",
        "imageUrl": "https://feed.bikelaneuprising.com/nc/uploads/2024/07/29/d4e47ef83c2f752b23a524dca50f1403e919f9c8/923b70b0-8d43-48a2-9e8f-d66013256459_file_0_AXoYa",
        "cityKey": "new-orleans-la",
        "cityLabel": "New Orleans, LA",
        "date": "2021-06-21 00:00:00",
        "location": "VALID"
      }
    },
    {
      "type": "Feature",
      "geometry": {
        "type": "Point",
        "coordinates": [
          -90.05423393100499,
          29.97887932126278
        ]
      },
      "properties": {
        "id": 31190,
        "obstruction": "Private Owner Vehicle",
        "imageUrl": "https://feed.bikelaneuprising.com/nc/uploads/2024/07/28/d4e47ef83c2f752b23a524dca50f1403e919f9c8/a3f7a74c-a4d7-4f44-847d-c837cc05cc55_file_0_GW-XU",
        "cityKey": "new-orleans-la",
        "cityLabel": "New Orleans, LA",
        "date": "2021-06-21 00:00:00",
        "location": "VALID"
      }
    },
    {
      "type": "Feature",
      "geometry": {
        "type": "Point",
        "coordinates": [
          -90.06444476544857,
          29.97825927386772
        ]
      },
      "properties": {
        "id": 31877,
        "obstruction": "Private Owner Vehicle",
        "imageUrl": "https://feed.bikelaneuprising.com/nc/uploads/2024/07/29/d4e47ef83c2f752b23a524dca50f1403e919f9c8/8d85f2b7-4233-4828-ad78-87451cfa760d_file_0_L-C7Q",
        "cityKey": "new-orleans-la",
        "cityLabel": "New Orleans, LA",
        "date": "2021-07-06 00:00:00",
        "location": "VALID"
      }
    },
    {
      "type": "Feature",
      "geometry": {
        "type": "Point",
        "coordinates": [
          -90.05211599171162,
          29.979011752429596
        ]
      },
      "properties": {
        "id": 31878,
        "obstruction": "Private Owner Vehicle",
        "imageUrl": "https://feed.bikelaneuprising.com/nc/uploads/2024/07/29/d4e47ef83c2f752b23a524dca50f1403e919f9c8/1907611f-3826-4712-ba65-467afd203d6f_file_0_ZQk3g",
        "cityKey": "new-orleans-la",
        "cityLabel": "New Orleans, LA",
        "date": "2021-07-06 00:00:00",
        "location": "VALID"
      }
    },
    {
      "type": "Feature",
      "geometry": {
        "type": "Point",
        "coordinates": [
          -90.05582582205534,
          29.978796261274212
        ]
      },
      "properties": {
        "id": 31879,
        "obstruction": "Private Owner Vehicle",
        "imageUrl": "https://feed.bikelaneuprising.com/nc/uploads/2024/07/29/d4e47ef83c2f752b23a524dca50f1403e919f9c8/df827bc2-27ec-4ddf-aa31-063f53ebbf5b_file_0_S0sHS",
        "cityKey": "new-orleans-la",
        "cityLabel": "New Orleans, LA",
        "date": "2021-07-06 00:00:00",
        "location": "VALID"
      }
    },
    {
      "type": "Feature",
      "geometry": {
        "type": "Point",
        "coordinates": [
          -90.05601793527602,
          29.97872539885142
        ]
      },
      "properties": {
        "id": 31939,
        "obstruction": "Private Owner Vehicle",
        "imageUrl": "https://feed.bikelaneuprising.com/nc/uploads/2024/07/29/d4e47ef83c2f752b23a524dca50f1403e919f9c8/6dc9f56e-c693-4d35-bf69-13fdc438fd08_file_0_nDh5K",
        "cityKey": "new-orleans-la",
        "cityLabel": "New Orleans, LA",
        "date": "2021-07-06 00:00:00",
        "location": "VALID"
      }
    },
    {
      "type": "Feature",
      "geometry": {
        "type": "Point",
        "coordinates": [
          -90.05623552948235,
          29.96433056644637
        ]
      },
      "properties": {
        "id": 31940,
        "obstruction": "Private Owner Vehicle",
        "imageUrl": "https://feed.bikelaneuprising.com/nc/uploads/2024/07/29/d4e47ef83c2f752b23a524dca50f1403e919f9c8/d927d81d-aa53-41c0-8af9-ddb73db937e5_file_0_a29j6",
        "cityKey": "new-orleans-la",
        "cityLabel": "New Orleans, LA",
        "date": "2021-06-30 00:00:00",
        "location": "VALID"
      }
    },
    {
      "type": "Feature",
      "geometry": {
        "type": "Point",
        "coordinates": [
          -90.05574904382229,
          29.9788029409262
        ]
      },
      "properties": {
        "id": 35611,
        "obstruction": "Private Owner Vehicle",
        "imageUrl": "https://feed.bikelaneuprising.com/nc/uploads/2024/07/29/d4e47ef83c2f752b23a524dca50f1403e919f9c8/1c4cc020-9031-4e0a-8dd0-7a022d762034_file_0_vtQZD",
        "cityKey": "new-orleans-la",
        "cityLabel": "New Orleans, LA",
        "date": "2021-10-04 00:00:00",
        "location": "VALID"
      }
    },
    {
      "type": "Feature",
      "geometry": {
        "type": "Point",
        "coordinates": [
          -90.05675990134478,
          29.978809910997388
        ]
      },
      "properties": {
        "id": 35612,
        "obstruction": "Private Owner Vehicle",
        "imageUrl": "https://feed.bikelaneuprising.com/nc/uploads/2024/07/29/d4e47ef83c2f752b23a524dca50f1403e919f9c8/6ef65204-17ae-4103-902c-91dcd5fabfbe_file_0_GrudF",
        "cityKey": "new-orleans-la",
        "cityLabel": "New Orleans, LA",
        "date": "2021-10-04 00:00:00",
        "location": "VALID"
      }
    },
    {
      "type": "Feature",
      "geometry": {
        "type": "Point",
        "coordinates": [
          -90.05459871143103,
          29.978861896096106
        ]
      },
      "properties": {
        "id": 35613,
        "obstruction": "Private Owner Vehicle",
        "imageUrl": "https://feed.bikelaneuprising.com/nc/uploads/2024/07/29/d4e47ef83c2f752b23a524dca50f1403e919f9c8/460d6994-afdf-45d6-816a-3a7dcc67e61a_file_0_m4AKx",
        "cityKey": "new-orleans-la",
        "cityLabel": "New Orleans, LA",
        "date": "2021-09-25 00:00:00",
        "location": "VALID"
      }
    },
    {
      "type": "Feature",
      "geometry": {
        "type": "Point",
        "coordinates": [
          -90.05417458713055,
          29.9788732224548
        ]
      },
      "properties": {
        "id": 35614,
        "obstruction": "Private Owner Vehicle",
        "imageUrl": "https://feed.bikelaneuprising.com/nc/uploads/2024/07/29/d4e47ef83c2f752b23a524dca50f1403e919f9c8/64490acf-826d-4a7f-9edb-69292bd3c938_file_0_oxYrN",
        "cityKey": "new-orleans-la",
        "cityLabel": "New Orleans, LA",
        "date": "2021-09-22 00:00:00",
        "location": "VALID"
      }
    },
    {
      "type": "Feature",
      "geometry": {
        "type": "Point",
        "coordinates": [
          -90.0554298609495,
          29.97872278507255
        ]
      },
      "properties": {
        "id": 35615,
        "obstruction": "Private Owner Vehicle",
        "imageUrl": "https://feed.bikelaneuprising.com/nc/uploads/2024/07/29/d4e47ef83c2f752b23a524dca50f1403e919f9c8/6d5faab7-6ff3-4a75-a165-8a8d17e8f1e6_file_0_93n0G",
        "cityKey": "new-orleans-la",
        "cityLabel": "New Orleans, LA",
        "date": "2021-09-22 00:00:00",
        "location": "VALID"
      }
    },
    {
      "type": "Feature",
      "geometry": {
        "type": "Point",
        "coordinates": [
          -90.05555558949708,
          29.979802269888335
        ]
      },
      "properties": {
        "id": 35616,
        "obstruction": "Private Owner Vehicle",
        "imageUrl": "https://feed.bikelaneuprising.com/nc/uploads/2024/07/29/d4e47ef83c2f752b23a524dca50f1403e919f9c8/9b971fd5-75df-4c93-91c6-ef90af32b585_file_0_VKSiV",
        "cityKey": "new-orleans-la",
        "cityLabel": "New Orleans, LA",
        "date": "2021-09-22 00:00:00",
        "location": "VALID"
      }
    },
    {
      "type": "Feature",
      "geometry": {
        "type": "Point",
        "coordinates": [
          -90.0640756264329,
          29.970241000892926
        ]
      },
      "properties": {
        "id": 35617,
        "obstruction": "Company Vehicle",
        "imageUrl": "https://feed.bikelaneuprising.com/nc/uploads/2024/07/29/d4e47ef83c2f752b23a524dca50f1403e919f9c8/a35ab808-10f0-41e4-8d25-8d54a8d5b3be_file_0_dMRwU",
        "cityKey": "new-orleans-la",
        "cityLabel": "New Orleans, LA",
        "date": "2021-09-20 00:00:00",
        "location": "VALID"
      }
    },
    {
      "type": "Feature",
      "geometry": {
        "type": "Point",
        "coordinates": [
          -90.06392139941455,
          29.96992732014991
        ]
      },
      "properties": {
        "id": 35618,
        "obstruction": "Private Owner Vehicle",
        "imageUrl": "https://feed.bikelaneuprising.com/nc/uploads/2024/07/29/d4e47ef83c2f752b23a524dca50f1403e919f9c8/eb6dbe40-4e64-4a92-91c4-b34ffc419f00_file_0_SzTNN",
        "cityKey": "new-orleans-la",
        "cityLabel": "New Orleans, LA",
        "date": "2021-09-20 00:00:00",
        "location": "VALID"
      }
    },
    {
      "type": "Feature",
      "geometry": {
        "type": "Point",
        "coordinates": [
          -90.06095621734858,
          29.978487254273226
        ]
      },
      "properties": {
        "id": 35777,
        "obstruction": "Private Owner Vehicle",
        "imageUrl": "https://feed.bikelaneuprising.com/nc/uploads/2024/07/29/d4e47ef83c2f752b23a524dca50f1403e919f9c8/e85df197-78d5-44e1-929c-f9fdd124a1e7_file_0_elA2e",
        "cityKey": "new-orleans-la",
        "cityLabel": "New Orleans, LA",
        "date": "2021-10-09 00:00:00",
        "location": "VALID"
      }
    },
    {
      "type": "Feature",
      "geometry": {
        "type": "Point",
        "coordinates": [
          -90.07090486586095,
          29.982116573768415
        ]
      },
      "properties": {
        "id": 35778,
        "obstruction": "Municipal (city) Vehicle - includes USPS",
        "imageUrl": "https://feed.bikelaneuprising.com/nc/uploads/2024/07/29/d4e47ef83c2f752b23a524dca50f1403e919f9c8/5cfe7f5f-2560-4dae-a8af-ebfcdc45c47a_file_0_f2wLO",
        "cityKey": "new-orleans-la",
        "cityLabel": "New Orleans, LA",
        "date": "2021-10-09 00:00:00",
        "location": "VALID"
      }
    },
    {
      "type": "Feature",
      "geometry": {
        "type": "Point",
        "coordinates": [
          -90.07192444056273,
          29.97375386712086
        ]
      },
      "properties": {
        "id": 35779,
        "obstruction": "Other  (damaged lane / snow / debris / pedestrian / etc.)",
        "imageUrl": "https://feed.bikelaneuprising.com/nc/uploads/2024/07/28/d4e47ef83c2f752b23a524dca50f1403e919f9c8/63756e5e-007a-4863-ae2d-76630d5da48c_file_0_aZjMV",
        "cityKey": "new-orleans-la",
        "cityLabel": "New Orleans, LA",
        "date": "2021-10-09 00:00:00",
        "location": "VALID"
      }
    },
    {
      "type": "Feature",
      "geometry": {
        "type": "Point",
        "coordinates": [
          -90.05419000983238,
          29.97887554581025
        ]
      },
      "properties": {
        "id": 35780,
        "obstruction": "Private Owner Vehicle",
        "imageUrl": "https://feed.bikelaneuprising.com/nc/uploads/2024/07/28/d4e47ef83c2f752b23a524dca50f1403e919f9c8/bbc94cd8-279b-4a17-a553-44f61a30f614_file_0__lAed",
        "cityKey": "new-orleans-la",
        "cityLabel": "New Orleans, LA",
        "date": "2021-10-08 00:00:00",
        "location": "VALID"
      }
    },
    {
      "type": "Feature",
      "geometry": {
        "type": "Point",
        "coordinates": [
          -90.0560849905014,
          29.968656031665855
        ]
      },
      "properties": {
        "id": 37699,
        "obstruction": "Private Owner Vehicle",
        "imageUrl": "https://feed.bikelaneuprising.com/nc/uploads/2024/07/29/d4e47ef83c2f752b23a524dca50f1403e919f9c8/b0a5fa28-c97c-4465-91c5-e3867c10e1b7_file_0_tsXru",
        "cityKey": "new-orleans-la",
        "cityLabel": "New Orleans, LA",
        "date": "2021-11-16 00:00:00",
        "location": "VALID"
      }
    },
    {
      "type": "Feature",
      "geometry": {
        "type": "Point",
        "coordinates": [
          -90.05574334412815,
          29.97873672522566
        ]
      },
      "properties": {
        "id": 37700,
        "obstruction": "Private Owner Vehicle",
        "imageUrl": "https://feed.bikelaneuprising.com/nc/uploads/2024/07/29/d4e47ef83c2f752b23a524dca50f1403e919f9c8/eb6fb584-e73f-413c-bcc2-1b95c33af9a6_file_0_w37O7",
        "cityKey": "new-orleans-la",
        "cityLabel": "New Orleans, LA",
        "date": "2021-11-09 00:00:00",
        "location": "VALID"
      }
    },
    {
      "type": "Feature",
      "geometry": {
        "type": "Point",
        "coordinates": [
          -90.06163951009512,
          29.978422200045273
        ]
      },
      "properties": {
        "id": 37701,
        "obstruction": "Private Owner Vehicle",
        "imageUrl": "https://feed.bikelaneuprising.com/nc/uploads/2024/07/29/d4e47ef83c2f752b23a524dca50f1403e919f9c8/4d156d5f-b8f9-4fd6-b6ef-03f4531c4fcc_file_0_dHxxu",
        "cityKey": "new-orleans-la",
        "cityLabel": "New Orleans, LA",
        "date": "2021-11-09 00:00:00",
        "location": "VALID"
      }
    },
    {
      "type": "Feature",
      "geometry": {
        "type": "Point",
        "coordinates": [
          -90.05682963877918,
          29.97880468344405
        ]
      },
      "properties": {
        "id": 37702,
        "obstruction": "Other  (damaged lane / snow / debris / pedestrian / etc.)",
        "imageUrl": "https://feed.bikelaneuprising.com/nc/uploads/2024/07/28/d4e47ef83c2f752b23a524dca50f1403e919f9c8/0fc9227b-86be-4cac-a99a-509704195df5_file_0_8xw6b",
        "cityKey": "new-orleans-la",
        "cityLabel": "New Orleans, LA",
        "date": "2021-11-05 00:00:00",
        "location": "VALID"
      }
    },
    {
      "type": "Feature",
      "geometry": {
        "type": "Point",
        "coordinates": [
          -90.08017256855965,
          29.977479489798778
        ]
      },
      "properties": {
        "id": 37703,
        "obstruction": "Company Vehicle",
        "imageUrl": "https://feed.bikelaneuprising.com/nc/uploads/2024/07/28/d4e47ef83c2f752b23a524dca50f1403e919f9c8/99b12ed7-ce26-4a14-86e3-abb0e877e7e3_file_0_1xFiK",
        "cityKey": "new-orleans-la",
        "cityLabel": "New Orleans, LA",
        "date": "2021-11-04 00:00:00",
        "location": "VALID"
      }
    },
    {
      "type": "Feature",
      "geometry": {
        "type": "Point",
        "coordinates": [
          -90.08011288940908,
          29.977433312449648
        ]
      },
      "properties": {
        "id": 37704,
        "obstruction": "Company Vehicle",
        "imageUrl": "https://feed.bikelaneuprising.com/nc/uploads/2024/07/29/d4e47ef83c2f752b23a524dca50f1403e919f9c8/2b00c449-eba3-4918-807a-6b658114e5fa_file_0_YgmhQ",
        "cityKey": "new-orleans-la",
        "cityLabel": "New Orleans, LA",
        "date": "2021-11-04 00:00:00",
        "location": "VALID"
      }
    },
    {
      "type": "Feature",
      "geometry": {
        "type": "Point",
        "coordinates": [
          -90.05830619484186,
          29.97865744057878
        ]
      },
      "properties": {
        "id": 37705,
        "obstruction": "Private Owner Vehicle",
        "imageUrl": "https://feed.bikelaneuprising.com/nc/uploads/2024/07/28/d4e47ef83c2f752b23a524dca50f1403e919f9c8/834bd1a1-c13b-4aba-b098-54ada0d54d47_file_0_MdO82",
        "cityKey": "new-orleans-la",
        "cityLabel": "New Orleans, LA",
        "date": "2021-10-26 00:00:00",
        "location": "VALID"
      }
    },
    {
      "type": "Feature",
      "geometry": {
        "type": "Point",
        "coordinates": [
          -90.05210425704718,
          29.97903701888214
        ]
      },
      "properties": {
        "id": 37706,
        "obstruction": "Private Owner Vehicle",
        "imageUrl": "https://feed.bikelaneuprising.com/nc/uploads/2024/07/29/d4e47ef83c2f752b23a524dca50f1403e919f9c8/5c963cc9-b01d-4d82-9a6d-8c429e35d246_file_0_G23Bs",
        "cityKey": "new-orleans-la",
        "cityLabel": "New Orleans, LA",
        "date": "2021-10-26 00:00:00",
        "location": "VALID"
      }
    },
    {
      "type": "Feature",
      "geometry": {
        "type": "Point",
        "coordinates": [
          -90.0497455894947,
          29.97915870435098
        ]
      },
      "properties": {
        "id": 37707,
        "obstruction": "Private Owner Vehicle",
        "imageUrl": "https://feed.bikelaneuprising.com/nc/uploads/2024/07/29/d4e47ef83c2f752b23a524dca50f1403e919f9c8/2d405c73-7b0c-4c4b-b621-121209708049_file_0_nQGV7",
        "cityKey": "new-orleans-la",
        "cityLabel": "New Orleans, LA",
        "date": "2021-10-19 00:00:00",
        "location": "VALID"
      }
    },
    {
      "type": "Feature",
      "geometry": {
        "type": "Point",
        "coordinates": [
          -90.0561098009348,
          29.96858806650477
        ]
      },
      "properties": {
        "id": 37708,
        "obstruction": "Private Owner Vehicle",
        "imageUrl": "https://feed.bikelaneuprising.com/nc/uploads/2024/07/29/d4e47ef83c2f752b23a524dca50f1403e919f9c8/9408e328-76d3-49df-9bfb-1e8de1f76619_file_0_-GlXA",
        "cityKey": "new-orleans-la",
        "cityLabel": "New Orleans, LA",
        "date": "2021-10-16 00:00:00",
        "location": "VALID"
      }
    },
    {
      "type": "Feature",
      "geometry": {
        "type": "Point",
        "coordinates": [
          -90.0556793063879,
          29.9788845488122
        ]
      },
      "properties": {
        "id": 37709,
        "obstruction": "Private Owner Vehicle",
        "imageUrl": "https://feed.bikelaneuprising.com/nc/uploads/2024/07/29/d4e47ef83c2f752b23a524dca50f1403e919f9c8/956d370b-5ad5-4539-994d-bdacc3647036_file_0_0VEiE",
        "cityKey": "new-orleans-la",
        "cityLabel": "New Orleans, LA",
        "date": "2021-10-18 00:00:00",
        "location": "VALID"
      }
    },
    {
      "type": "Feature",
      "geometry": {
        "type": "Point",
        "coordinates": [
          -90.0519285723567,
          29.979023078771192
        ]
      },
      "properties": {
        "id": 37814,
        "obstruction": "Private Owner Vehicle",
        "imageUrl": "https://feed.bikelaneuprising.com/nc/uploads/2024/07/29/d4e47ef83c2f752b23a524dca50f1403e919f9c8/e8fb8e1d-13e4-4661-805d-b1a1ecf7acc9_file_0_1xwub",
        "cityKey": "new-orleans-la",
        "cityLabel": "New Orleans, LA",
        "date": "2021-11-21 00:00:00",
        "location": "VALID"
      }
    },
    {
      "type": "Feature",
      "geometry": {
        "type": "Point",
        "coordinates": [
          -90.05195472389461,
          29.97899548896249
        ]
      },
      "properties": {
        "id": 37815,
        "obstruction": "Private Owner Vehicle",
        "imageUrl": "https://feed.bikelaneuprising.com/nc/uploads/2024/07/29/d4e47ef83c2f752b23a524dca50f1403e919f9c8/97a16bad-4b49-424e-a83b-e06822a4ac9a_file_0_Yrg_H",
        "cityKey": "new-orleans-la",
        "cityLabel": "New Orleans, LA",
        "date": "2021-11-21 00:00:00",
        "location": "VALID"
      }
    },
    {
      "type": "Feature",
      "geometry": {
        "type": "Point",
        "coordinates": [
          -90.05815129727127,
          29.978645242935198
        ]
      },
      "properties": {
        "id": 37816,
        "obstruction": "Private Owner Vehicle",
        "imageUrl": "https://feed.bikelaneuprising.com/nc/uploads/2024/07/29/d4e47ef83c2f752b23a524dca50f1403e919f9c8/680e8db6-d0b0-47d8-ba75-06787cfb52b2_file_0_j_LOm",
        "cityKey": "new-orleans-la",
        "cityLabel": "New Orleans, LA",
        "date": "2021-11-21 00:00:00",
        "location": "VALID"
      }
    },
    {
      "type": "Feature",
      "geometry": {
        "type": "Point",
        "coordinates": [
          -90.05635790526867,
          29.964433099461765
        ]
      },
      "properties": {
        "id": 37817,
        "obstruction": "Private Owner Vehicle",
        "imageUrl": "https://feed.bikelaneuprising.com/nc/uploads/2024/07/29/d4e47ef83c2f752b23a524dca50f1403e919f9c8/8449e42b-cc2c-4058-b5c5-64b1020f9640_file_0_exAay",
        "cityKey": "new-orleans-la",
        "cityLabel": "New Orleans, LA",
        "date": "2021-11-21 00:00:00",
        "location": "VALID"
      }
    },
    {
      "type": "Feature",
      "geometry": {
        "type": "Point",
        "coordinates": [
          -90.06375174969436,
          29.969522147724536
        ]
      },
      "properties": {
        "id": 38016,
        "obstruction": "Private Owner Vehicle",
        "imageUrl": "https://feed.bikelaneuprising.com/nc/uploads/2024/07/29/d4e47ef83c2f752b23a524dca50f1403e919f9c8/34e69b8e-88b6-4392-8b06-5c79eff703db_file_0_ecoPR",
        "cityKey": "new-orleans-la",
        "cityLabel": "New Orleans, LA",
        "date": "2021-12-01 00:00:00",
        "location": "VALID"
      }
    },
    {
      "type": "Feature",
      "geometry": {
        "type": "Point",
        "coordinates": [
          -90.05559112876655,
          29.978749503697635
        ]
      },
      "properties": {
        "id": 38157,
        "obstruction": "Private Owner Vehicle",
        "imageUrl": "https://feed.bikelaneuprising.com/nc/uploads/2024/07/29/d4e47ef83c2f752b23a524dca50f1403e919f9c8/b4c8f0cf-2b70-4141-9a4f-02507f28777f_file_0_8qTsw",
        "cityKey": "new-orleans-la",
        "cityLabel": "New Orleans, LA",
        "date": "2021-12-04 00:00:00",
        "location": "VALID"
      }
    },
    {
      "type": "Feature",
      "geometry": {
        "type": "Point",
        "coordinates": [
          -90.0584114715457,
          29.978665281920303
        ]
      },
      "properties": {
        "id": 38158,
        "obstruction": "Private Owner Vehicle",
        "imageUrl": "https://feed.bikelaneuprising.com/nc/uploads/2024/07/29/d4e47ef83c2f752b23a524dca50f1403e919f9c8/e05c79ac-bc9e-404b-9679-6eb2b86d570c_file_0_1d7rB",
        "cityKey": "new-orleans-la",
        "cityLabel": "New Orleans, LA",
        "date": "2021-12-04 00:00:00",
        "location": "VALID"
      }
    },
    {
      "type": "Feature",
      "geometry": {
        "type": "Point",
        "coordinates": [
          -90.05705695599316,
          29.978700422739525
        ]
      },
      "properties": {
        "id": 38326,
        "obstruction": "Private Owner Vehicle",
        "imageUrl": "https://feed.bikelaneuprising.com/nc/uploads/2024/07/28/d4e47ef83c2f752b23a524dca50f1403e919f9c8/68cf9c3c-6535-49c0-aa95-23a7e3dda425_file_0_r8N6t",
        "cityKey": "new-orleans-la",
        "cityLabel": "New Orleans, LA",
        "date": "2021-12-10 00:00:00",
        "location": "VALID"
      }
    },
    {
      "type": "Feature",
      "geometry": {
        "type": "Point",
        "coordinates": [
          -90.05271948873997,
          29.974596413755584
        ]
      },
      "properties": {
        "id": 38461,
        "obstruction": "Private Owner Vehicle",
        "imageUrl": "https://feed.bikelaneuprising.com/nc/uploads/2024/07/29/d4e47ef83c2f752b23a524dca50f1403e919f9c8/29b78462-a030-48fa-806b-14344fdf52e4_file_0_z-N_L",
        "cityKey": "new-orleans-la",
        "cityLabel": "New Orleans, LA",
        "date": "2021-12-12 00:00:00",
        "location": "VALID"
      }
    },
    {
      "type": "Feature",
      "geometry": {
        "type": "Point",
        "coordinates": [
          -90.05269937217237,
          29.974526129200925
        ]
      },
      "properties": {
        "id": 38463,
        "obstruction": "Private Owner Vehicle",
        "imageUrl": "https://feed.bikelaneuprising.com/nc/uploads/2024/07/29/d4e47ef83c2f752b23a524dca50f1403e919f9c8/27a620fa-763f-4d59-b5c2-0ec4599298d4_file_0_1RqZA",
        "cityKey": "new-orleans-la",
        "cityLabel": "New Orleans, LA",
        "date": "2021-12-12 00:00:00",
        "location": "VALID"
      }
    },
    {
      "type": "Feature",
      "geometry": {
        "type": "Point",
        "coordinates": [
          -90.05272049456835,
          29.9746213908994
        ]
      },
      "properties": {
        "id": 38464,
        "obstruction": "Private Owner Vehicle",
        "imageUrl": "https://feed.bikelaneuprising.com/nc/uploads/2024/07/29/d4e47ef83c2f752b23a524dca50f1403e919f9c8/e528b83f-d7ef-4a13-984d-7a63d087f67a_file_0_CnBXc",
        "cityKey": "new-orleans-la",
        "cityLabel": "New Orleans, LA",
        "date": "2021-12-11 00:00:00",
        "location": "VALID"
      }
    },
    {
      "type": "Feature",
      "geometry": {
        "type": "Point",
        "coordinates": [
          -90.06412860006093,
          29.970259008461063
        ]
      },
      "properties": {
        "id": 38465,
        "obstruction": "Company Vehicle",
        "imageUrl": "https://feed.bikelaneuprising.com/nc/uploads/2024/07/29/d4e47ef83c2f752b23a524dca50f1403e919f9c8/98134471-aff3-408e-9988-2ec092e0ded0_file_0_K0dQr",
        "cityKey": "new-orleans-la",
        "cityLabel": "New Orleans, LA",
        "date": "2021-12-11 00:00:00",
        "location": "VALID"
      }
    },
    {
      "type": "Feature",
      "geometry": {
        "type": "Point",
        "coordinates": [
          -90.06385199725626,
          29.978294414830575
        ]
      },
      "properties": {
        "id": 38466,
        "obstruction": "Private Owner Vehicle",
        "imageUrl": "https://feed.bikelaneuprising.com/nc/uploads/2024/07/29/d4e47ef83c2f752b23a524dca50f1403e919f9c8/fc91e467-38e7-469c-be8d-0e0dd75b2113_file_0_HMPoj",
        "cityKey": "new-orleans-la",
        "cityLabel": "New Orleans, LA",
        "date": "2021-12-10 00:00:00",
        "location": "VALID"
      }
    },
    {
      "type": "Feature",
      "geometry": {
        "type": "Point",
        "coordinates": [
          -90.05445655435324,
          29.97887264161593
        ]
      },
      "properties": {
        "id": 38467,
        "obstruction": "Company Vehicle",
        "imageUrl": "https://feed.bikelaneuprising.com/nc/uploads/2024/07/29/d4e47ef83c2f752b23a524dca50f1403e919f9c8/7fb08c4c-caf7-4f00-8f70-d33456f9e24f_file_0_qjtV6",
        "cityKey": "new-orleans-la",
        "cityLabel": "New Orleans, LA",
        "date": "2021-12-07 00:00:00",
        "location": "VALID"
      }
    },
    {
      "type": "Feature",
      "geometry": {
        "type": "Point",
        "coordinates": [
          -90.05269400775433,
          29.97410790602914
        ]
      },
      "properties": {
        "id": 38577,
        "obstruction": "Private Owner Vehicle",
        "imageUrl": "https://feed.bikelaneuprising.com/nc/uploads/2024/07/29/d4e47ef83c2f752b23a524dca50f1403e919f9c8/4293b2d0-6679-469b-99d9-a9e75adbfad4_file_0_zpBbN",
        "cityKey": "new-orleans-la",
        "cityLabel": "New Orleans, LA",
        "date": "2021-12-16 00:00:00",
        "location": "VALID"
      }
    },
    {
      "type": "Feature",
      "geometry": {
        "type": "Point",
        "coordinates": [
          -90.05271647125481,
          29.974619648308174
        ]
      },
      "properties": {
        "id": 38578,
        "obstruction": "Private Owner Vehicle",
        "imageUrl": "https://feed.bikelaneuprising.com/nc/uploads/2024/07/29/d4e47ef83c2f752b23a524dca50f1403e919f9c8/7051710b-1688-4788-a957-6a5f7d168783_file_0_jyw-R",
        "cityKey": "new-orleans-la",
        "cityLabel": "New Orleans, LA",
        "date": "2021-12-15 00:00:00",
        "location": "VALID"
      }
    },
    {
      "type": "Feature",
      "geometry": {
        "type": "Point",
        "coordinates": [
          -90.07451444864272,
          29.945312493956408
        ]
      },
      "properties": {
        "id": 38579,
        "obstruction": "Private Owner Vehicle",
        "imageUrl": "https://feed.bikelaneuprising.com/nc/uploads/2024/07/29/d4e47ef83c2f752b23a524dca50f1403e919f9c8/7ef55e2b-a76c-4efb-8ab8-ff0282d8c3b6_file_0_WHOaa",
        "cityKey": "new-orleans-la",
        "cityLabel": "New Orleans, LA",
        "date": "2021-12-14 00:00:00",
        "location": "VALID"
      }
    },
    {
      "type": "Feature",
      "geometry": {
        "type": "Point",
        "coordinates": [
          -90.05272150039671,
          29.974642882855317
        ]
      },
      "properties": {
        "id": 38724,
        "obstruction": "Private Owner Vehicle",
        "imageUrl": "https://feed.bikelaneuprising.com/nc/uploads/2024/07/28/d4e47ef83c2f752b23a524dca50f1403e919f9c8/c96a65f1-e170-46be-86c4-aebfdb68fd8b_file_0_el7Z0",
        "cityKey": "new-orleans-la",
        "cityLabel": "New Orleans, LA",
        "date": "2021-12-19 00:00:00",
        "location": "VALID"
      }
    },
    {
      "type": "Feature",
      "geometry": {
        "type": "Point",
        "coordinates": [
          -90.05137167870998,
          29.968860507767605
        ]
      },
      "properties": {
        "id": 38725,
        "obstruction": "Private Owner Vehicle",
        "imageUrl": "https://feed.bikelaneuprising.com/nc/uploads/2024/07/28/d4e47ef83c2f752b23a524dca50f1403e919f9c8/0030cb99-6aef-4e65-a55f-c6fd56cbb1ad_file_0_RsBq4",
        "cityKey": "new-orleans-la",
        "cityLabel": "New Orleans, LA",
        "date": "2021-12-19 00:00:00",
        "location": "VALID"
      }
    },
    {
      "type": "Feature",
      "geometry": {
        "type": "Point",
        "coordinates": [
          -90.07423650473356,
          29.946230234560083
        ]
      },
      "properties": {
        "id": 38726,
        "obstruction": "Company Vehicle",
        "imageUrl": "https://feed.bikelaneuprising.com/nc/uploads/2024/07/29/d4e47ef83c2f752b23a524dca50f1403e919f9c8/5c1a540a-4666-4d5f-badd-6cc86a1b301a_file_0_vBoTw",
        "cityKey": "new-orleans-la",
        "cityLabel": "New Orleans, LA",
        "date": "2021-12-14 00:00:00",
        "location": "VALID"
      }
    },
    {
      "type": "Feature",
      "geometry": {
        "type": "Point",
        "coordinates": [
          -90.05344938486814,
          29.978919689553816
        ]
      },
      "properties": {
        "id": 39396,
        "obstruction": "Private Owner Vehicle",
        "imageUrl": "https://feed.bikelaneuprising.com/nc/uploads/2024/07/29/d4e47ef83c2f752b23a524dca50f1403e919f9c8/ea7a2701-aee5-4e0b-a34d-d3f84636e8f6_file_0_lBHXy",
        "cityKey": "new-orleans-la",
        "cityLabel": "New Orleans, LA",
        "date": "2022-02-03 00:00:00",
        "location": "VALID"
      }
    },
    {
      "type": "Feature",
      "geometry": {
        "type": "Point",
        "coordinates": [
          -90.05435228347778,
          29.97883895295533
        ]
      },
      "properties": {
        "id": 39397,
        "obstruction": "Private Owner Vehicle",
        "imageUrl": "https://feed.bikelaneuprising.com/nc/uploads/2024/07/29/d4e47ef83c2f752b23a524dca50f1403e919f9c8/b52eb692-9b3c-4d89-b689-c39b3ddc15e3_file_0_XbMK9",
        "cityKey": "new-orleans-la",
        "cityLabel": "New Orleans, LA",
        "date": "2022-02-03 00:00:00",
        "location": "VALID"
      }
    },
    {
      "type": "Feature",
      "geometry": {
        "type": "Point",
        "coordinates": [
          -90.03614511340857,
          29.965753529351087
        ]
      },
      "properties": {
        "id": 39398,
        "obstruction": "Private Owner Vehicle",
        "imageUrl": "https://feed.bikelaneuprising.com/nc/uploads/2024/07/29/d4e47ef83c2f752b23a524dca50f1403e919f9c8/371ef722-5d6c-4754-9ba7-8dc16c89a7f5_file_0_ROWTU",
        "cityKey": "new-orleans-la",
        "cityLabel": "New Orleans, LA",
        "date": "2022-02-01 00:00:00",
        "location": "VALID"
      }
    },
    {
      "type": "Feature",
      "geometry": {
        "type": "Point",
        "coordinates": [
          -90.03920987248421,
          29.96644481648885
        ]
      },
      "properties": {
        "id": 39399,
        "obstruction": "Company Vehicle",
        "imageUrl": "https://feed.bikelaneuprising.com/nc/uploads/2024/07/29/d4e47ef83c2f752b23a524dca50f1403e919f9c8/f9a0ad3a-3fd6-4fd9-82aa-e9c7063fa0d2_file_0_oUEid",
        "cityKey": "new-orleans-la",
        "cityLabel": "New Orleans, LA",
        "date": "2022-02-01 00:00:00",
        "location": "VALID"
      }
    },
    {
      "type": "Feature",
      "geometry": {
        "type": "Point",
        "coordinates": [
          -90.050496943295,
          29.968925568257177
        ]
      },
      "properties": {
        "id": 39400,
        "obstruction": "Company Vehicle",
        "imageUrl": "https://feed.bikelaneuprising.com/nc/uploads/2024/07/29/d4e47ef83c2f752b23a524dca50f1403e919f9c8/61675783-0757-443c-8aa3-08b6acddecf7_file_0_RkQ_I",
        "cityKey": "new-orleans-la",
        "cityLabel": "New Orleans, LA",
        "date": "2022-02-01 00:00:00",
        "location": "VALID"
      }
    },
    {
      "type": "Feature",
      "geometry": {
        "type": "Point",
        "coordinates": [
          -90.05059350281955,
          29.968931086778905
        ]
      },
      "properties": {
        "id": 39401,
        "obstruction": "Private Owner Vehicle",
        "imageUrl": "https://feed.bikelaneuprising.com/nc/uploads/2024/07/29/d4e47ef83c2f752b23a524dca50f1403e919f9c8/f0b50768-7707-44e2-9fe0-a26309f64402_file_0_DL2rp",
        "cityKey": "new-orleans-la",
        "cityLabel": "New Orleans, LA",
        "date": "2022-02-01 00:00:00",
        "location": "VALID"
      }
    },
    {
      "type": "Feature",
      "geometry": {
        "type": "Point",
        "coordinates": [
          -90.0524814426899,
          29.968821878081748
        ]
      },
      "properties": {
        "id": 39402,
        "obstruction": "Company Vehicle",
        "imageUrl": "https://feed.bikelaneuprising.com/nc/uploads/2024/07/29/d4e47ef83c2f752b23a524dca50f1403e919f9c8/8c09a86d-1d1e-40b4-8e9a-1e4132b5bf49_file_0_FYSEE",
        "cityKey": "new-orleans-la",
        "cityLabel": "New Orleans, LA",
        "date": "2022-02-01 00:00:00",
        "location": "VALID"
      }
    },
    {
      "type": "Feature",
      "geometry": {
        "type": "Point",
        "coordinates": [
          -90.07368329912424,
          29.971645290967327
        ]
      },
      "properties": {
        "id": 39403,
        "obstruction": "Other  (damaged lane / snow / debris / pedestrian / etc.)",
        "imageUrl": "https://feed.bikelaneuprising.com/nc/uploads/2024/07/29/d4e47ef83c2f752b23a524dca50f1403e919f9c8/f4471a63-294d-49bd-996f-53a9250475dc_file_0_PPp0j",
        "cityKey": "new-orleans-la",
        "cityLabel": "New Orleans, LA",
        "date": "2022-02-01 00:00:00",
        "location": "VALID"
      }
    },
    {
      "type": "Feature",
      "geometry": {
        "type": "Point",
        "coordinates": [
          -90.07411781698467,
          29.971212243135444
        ]
      },
      "properties": {
        "id": 39404,
        "obstruction": "Other  (damaged lane / snow / debris / pedestrian / etc.)",
        "imageUrl": "https://feed.bikelaneuprising.com/nc/uploads/2024/07/29/d4e47ef83c2f752b23a524dca50f1403e919f9c8/6309563b-b2b2-4906-bcdb-74b53f84a391_file_0_0ti8s",
        "cityKey": "new-orleans-la",
        "cityLabel": "New Orleans, LA",
        "date": "2022-02-01 00:00:00",
        "location": "VALID"
      }
    },
    {
      "type": "Feature",
      "geometry": {
        "type": "Point",
        "coordinates": [
          -90.05614098161459,
          29.96858835695427
        ]
      },
      "properties": {
        "id": 39405,
        "obstruction": "Private Owner Vehicle",
        "imageUrl": "https://feed.bikelaneuprising.com/nc/uploads/2024/07/29/d4e47ef83c2f752b23a524dca50f1403e919f9c8/ab195f12-2065-4125-8a80-3a02525bb7d3_file_0_AvIeH",
        "cityKey": "new-orleans-la",
        "cityLabel": "New Orleans, LA",
        "date": "2022-01-26 00:00:00",
        "location": "VALID"
      }
    },
    {
      "type": "Feature",
      "geometry": {
        "type": "Point",
        "coordinates": [
          -90.05361769348384,
          29.978928402132468
        ]
      },
      "properties": {
        "id": 39406,
        "obstruction": "Private Owner Vehicle",
        "imageUrl": "https://feed.bikelaneuprising.com/nc/uploads/2024/07/29/d4e47ef83c2f752b23a524dca50f1403e919f9c8/ba0a4d1f-dbbc-4cba-a7ce-e1550ac8fb07_file_0_sxaDx",
        "cityKey": "new-orleans-la",
        "cityLabel": "New Orleans, LA",
        "date": "2022-01-19 00:00:00",
        "location": "VALID"
      }
    },
    {
      "type": "Feature",
      "geometry": {
        "type": "Point",
        "coordinates": [
          -90.06400790065526,
          29.97827669914011
        ]
      },
      "properties": {
        "id": 39407,
        "obstruction": "Other  (damaged lane / snow / debris / pedestrian / etc.)",
        "imageUrl": "https://feed.bikelaneuprising.com/nc/uploads/2024/07/29/d4e47ef83c2f752b23a524dca50f1403e919f9c8/49419a04-5a6d-4458-865c-dc9a6cad0313_file_0_owoQb",
        "cityKey": "new-orleans-la",
        "cityLabel": "New Orleans, LA",
        "date": "2022-01-14 00:00:00",
        "location": "VALID"
      }
    },
    {
      "type": "Feature",
      "geometry": {
        "type": "Point",
        "coordinates": [
          -90.05635254085065,
          29.964355255709027
        ]
      },
      "properties": {
        "id": 39408,
        "obstruction": "Private Owner Vehicle",
        "imageUrl": "https://feed.bikelaneuprising.com/nc/uploads/2024/07/28/d4e47ef83c2f752b23a524dca50f1403e919f9c8/d4cd7f2f-b5f6-4f90-b417-7b9cda5ddbab_file_0_FVFc6",
        "cityKey": "new-orleans-la",
        "cityLabel": "New Orleans, LA",
        "date": "2022-01-14 00:00:00",
        "location": "VALID"
      }
    },
    {
      "type": "Feature",
      "geometry": {
        "type": "Point",
        "coordinates": [
          -90.0825459882617,
          29.9616051246021
        ]
      },
      "properties": {
        "id": 39409,
        "obstruction": "Private Owner Vehicle",
        "imageUrl": "https://feed.bikelaneuprising.com/nc/uploads/2024/07/29/d4e47ef83c2f752b23a524dca50f1403e919f9c8/15960a41-2578-49f1-b66f-9220eb1e4002_file_0_JTnjQ",
        "cityKey": "new-orleans-la",
        "cityLabel": "New Orleans, LA",
        "date": "2022-01-11 00:00:00",
        "location": "VALID"
      }
    },
    {
      "type": "Feature",
      "geometry": {
        "type": "Point",
        "coordinates": [
          -90.081281,
          29.938256
        ]
      },
      "properties": {
        "id": 39774,
        "obstruction": "Private Owner Vehicle",
        "imageUrl": "https://feed.bikelaneuprising.com/nc/uploads/2024/07/29/d4e47ef83c2f752b23a524dca50f1403e919f9c8/69cff3_8c6a8f32e3474d989e2ec18b048a68cb~mv2_O0e95.jpeg",
        "cityKey": "new-orleans-la",
        "cityLabel": "New Orleans, LA",
        "date": "2022-02-15 00:00:00",
        "location": "VALID"
      }
    },
    {
      "type": "Feature",
      "geometry": {
        "type": "Point",
        "coordinates": [
          -90.05256325006484,
          29.97903701888214
        ]
      },
      "properties": {
        "id": 39779,
        "obstruction": "Private Owner Vehicle",
        "imageUrl": "https://feed.bikelaneuprising.com/nc/uploads/2024/07/29/d4e47ef83c2f752b23a524dca50f1403e919f9c8/3d1a5141-7baa-45f5-a22f-6d7e9145dd4c_file_0_vKx7S",
        "cityKey": "new-orleans-la",
        "cityLabel": "New Orleans, LA",
        "date": "2022-02-15 00:00:00",
        "location": "VALID"
      }
    },
    {
      "type": "Feature",
      "geometry": {
        "type": "Point",
        "coordinates": [
          -90.05364350974561,
          29.978949312318115
        ]
      },
      "properties": {
        "id": 39780,
        "obstruction": "Private Owner Vehicle",
        "imageUrl": "https://feed.bikelaneuprising.com/nc/uploads/2024/07/29/d4e47ef83c2f752b23a524dca50f1403e919f9c8/7076231a-56ba-447c-8ba9-659d7afdbc69_file_0_C_RsW",
        "cityKey": "new-orleans-la",
        "cityLabel": "New Orleans, LA",
        "date": "2022-02-15 00:00:00",
        "location": "VALID"
      }
    },
    {
      "type": "Feature",
      "geometry": {
        "type": "Point",
        "coordinates": [
          -90.05268629640341,
          29.97409106089229
        ]
      },
      "properties": {
        "id": 39781,
        "obstruction": "Private Owner Vehicle",
        "imageUrl": "https://feed.bikelaneuprising.com/nc/uploads/2024/07/29/d4e47ef83c2f752b23a524dca50f1403e919f9c8/7509472e-7b22-41ce-9d38-9284ea6f7fe1_file_0_ZzoL7",
        "cityKey": "new-orleans-la",
        "cityLabel": "New Orleans, LA",
        "date": "2022-02-12 00:00:00",
        "location": "VALID"
      }
    },
    {
      "type": "Feature",
      "geometry": {
        "type": "Point",
        "coordinates": [
          -90.05270674824716,
          29.974499119007575
        ]
      },
      "properties": {
        "id": 39782,
        "obstruction": "Company Vehicle",
        "imageUrl": "https://feed.bikelaneuprising.com/nc/uploads/2024/07/29/d4e47ef83c2f752b23a524dca50f1403e919f9c8/1ffa5d08-791c-4cd3-839a-78d51f381ef9_file_0_j0Lvr",
        "cityKey": "new-orleans-la",
        "cityLabel": "New Orleans, LA",
        "date": "2022-02-12 00:00:00",
        "location": "VALID"
      }
    },
    {
      "type": "Feature",
      "geometry": {
        "type": "Point",
        "coordinates": [
          -90.04994608461858,
          29.979138375046755
        ]
      },
      "properties": {
        "id": 39783,
        "obstruction": "Private Owner Vehicle",
        "imageUrl": "https://feed.bikelaneuprising.com/nc/uploads/2024/07/29/d4e47ef83c2f752b23a524dca50f1403e919f9c8/a03ff09c-ff02-406b-97da-29544108b376_file_0_2CDxA",
        "cityKey": "new-orleans-la",
        "cityLabel": "New Orleans, LA",
        "date": "2022-02-12 00:00:00",
        "location": "VALID"
      }
    },
    {
      "type": "Feature",
      "geometry": {
        "type": "Point",
        "coordinates": [
          -90.05660399794577,
          29.978752117475793
        ]
      },
      "properties": {
        "id": 39784,
        "obstruction": "Private Owner Vehicle",
        "imageUrl": "https://feed.bikelaneuprising.com/nc/uploads/2024/07/28/d4e47ef83c2f752b23a524dca50f1403e919f9c8/acf6254d-dfe7-41ee-a213-46b35be68cd8_file_0_zy34Q",
        "cityKey": "new-orleans-la",
        "cityLabel": "New Orleans, LA",
        "date": "2022-02-12 00:00:00",
        "location": "VALID"
      }
    },
    {
      "type": "Feature",
      "geometry": {
        "type": "Point",
        "coordinates": [
          -90.05269501358269,
          29.974524967472313
        ]
      },
      "properties": {
        "id": 39785,
        "obstruction": "Private Owner Vehicle",
        "imageUrl": "https://feed.bikelaneuprising.com/nc/uploads/2024/07/29/d4e47ef83c2f752b23a524dca50f1403e919f9c8/d47d41cc-d5fe-463b-b607-0a1aa699c6b6_file_0_l5IUP",
        "cityKey": "new-orleans-la",
        "cityLabel": "New Orleans, LA",
        "date": "2022-02-12 00:00:00",
        "location": "VALID"
      }
    },
    {
      "type": "Feature",
      "geometry": {
        "type": "Point",
        "coordinates": [
          -90.06964623928071,
          29.97608806100713
        ]
      },
      "properties": {
        "id": 39786,
        "obstruction": "Private Owner Vehicle",
        "imageUrl": "https://feed.bikelaneuprising.com/nc/uploads/2024/07/29/d4e47ef83c2f752b23a524dca50f1403e919f9c8/1349bf68-088d-4cfc-9380-17c8b965caa3_file_0_I93Vq",
        "cityKey": "new-orleans-la",
        "cityLabel": "New Orleans, LA",
        "date": "2022-02-12 00:00:00",
        "location": "VALID"
      }
    },
    {
      "type": "Feature",
      "geometry": {
        "type": "Point",
        "coordinates": [
          -90.05267187952995,
          29.97441925011339
        ]
      },
      "properties": {
        "id": 39819,
        "obstruction": "Private Owner Vehicle",
        "imageUrl": "https://feed.bikelaneuprising.com/nc/uploads/2024/07/29/d4e47ef83c2f752b23a524dca50f1403e919f9c8/ee3f3733-9eea-451b-b2af-f0ee97a19d17_file_0_0zfe1",
        "cityKey": "new-orleans-la",
        "cityLabel": "New Orleans, LA",
        "date": "2022-02-17 00:00:00",
        "location": "VALID"
      }
    },
    {
      "type": "Feature",
      "geometry": {
        "type": "Point",
        "coordinates": [
          -90.05618792027235,
          29.968569768184242
        ]
      },
      "properties": {
        "id": 39820,
        "obstruction": "Private Owner Vehicle",
        "imageUrl": "https://feed.bikelaneuprising.com/nc/uploads/2024/07/29/d4e47ef83c2f752b23a524dca50f1403e919f9c8/f52a858b-a14b-4fb4-a99e-c7ae8a730544_file_0_GiWJF",
        "cityKey": "new-orleans-la",
        "cityLabel": "New Orleans, LA",
        "date": "2022-02-16 00:00:00",
        "location": "VALID"
      }
    },
    {
      "type": "Feature",
      "geometry": {
        "type": "Point",
        "coordinates": [
          -90.05614131689072,
          29.968577610322022
        ]
      },
      "properties": {
        "id": 39821,
        "obstruction": "Private Owner Vehicle",
        "imageUrl": "https://feed.bikelaneuprising.com/nc/uploads/2024/07/29/d4e47ef83c2f752b23a524dca50f1403e919f9c8/0a580cf2-8416-45d8-80c2-d284cfefbb7b_file_0_Dh6UD",
        "cityKey": "new-orleans-la",
        "cityLabel": "New Orleans, LA",
        "date": "2022-02-16 00:00:00",
        "location": "VALID"
      }
    },
    {
      "type": "Feature",
      "geometry": {
        "type": "Point",
        "coordinates": [
          -90.08124376881355,
          29.93831778543875
        ]
      },
      "properties": {
        "id": 39864,
        "obstruction": "Private Owner Vehicle",
        "imageUrl": "",
        "cityKey": "new-orleans-la",
        "cityLabel": "New Orleans, LA",
        "date": "2022-02-17 00:00:00",
        "location": "VALID"
      }
    },
    {
      "type": "Feature",
      "geometry": {
        "type": "Point",
        "coordinates": [
          -90.08128465322994,
          29.938250827656198
        ]
      },
      "properties": {
        "id": 39865,
        "obstruction": "Private Owner Vehicle",
        "imageUrl": "https://feed.bikelaneuprising.com/nc/uploads/2024/07/29/d4e47ef83c2f752b23a524dca50f1403e919f9c8/171ca702-071a-4db9-8308-f390def83b45_file_0_Fqp3-",
        "cityKey": "new-orleans-la",
        "cityLabel": "New Orleans, LA",
        "date": "2022-02-17 00:00:00",
        "location": "VALID"
      }
    },
    {
      "type": "Feature",
      "geometry": {
        "type": "Point",
        "coordinates": [
          -90.08130290274809,
          29.93825386869478
        ]
      },
      "properties": {
        "id": 39866,
        "obstruction": "Private Owner Vehicle",
        "imageUrl": "https://feed.bikelaneuprising.com/nc/uploads/2024/07/29/d4e47ef83c2f752b23a524dca50f1403e919f9c8/9f857774-0beb-4608-a7b0-2afb4c7e6a66_file_0_T8ARV",
        "cityKey": "new-orleans-la",
        "cityLabel": "New Orleans, LA",
        "date": "2022-02-17 00:00:00",
        "location": "VALID"
      }
    },
    {
      "type": "Feature",
      "geometry": {
        "type": "Point",
        "coordinates": [
          -90.06383188068865,
          29.9783170676761
        ]
      },
      "properties": {
        "id": 39873,
        "obstruction": "Private Owner Vehicle",
        "imageUrl": "https://feed.bikelaneuprising.com/nc/uploads/2024/07/29/d4e47ef83c2f752b23a524dca50f1403e919f9c8/74f0a767-482b-444f-9933-7826efad7cb1_file_0_3k6K9",
        "cityKey": "new-orleans-la",
        "cityLabel": "New Orleans, LA",
        "date": "2022-02-18 00:00:00",
        "location": "VALID"
      }
    },
    {
      "type": "Feature",
      "geometry": {
        "type": "Point",
        "coordinates": [
          -90.06393447518349,
          29.97830661251726
        ]
      },
      "properties": {
        "id": 39874,
        "obstruction": "Private Owner Vehicle",
        "imageUrl": "https://feed.bikelaneuprising.com/nc/uploads/2024/07/29/d4e47ef83c2f752b23a524dca50f1403e919f9c8/cc8426b6-e690-421a-bed7-1d3555de33c5_file_0_1ijIY",
        "cityKey": "new-orleans-la",
        "cityLabel": "New Orleans, LA",
        "date": "2022-02-18 00:00:00",
        "location": "VALID"
      }
    },
    {
      "type": "Feature",
      "geometry": {
        "type": "Point",
        "coordinates": [
          -90.08128850848816,
          29.938223673384968
        ]
      },
      "properties": {
        "id": 40209,
        "obstruction": "Private Owner Vehicle",
        "imageUrl": "https://feed.bikelaneuprising.com/nc/uploads/2024/07/29/d4e47ef83c2f752b23a524dca50f1403e919f9c8/e8c2e350-d912-49da-94a2-b4f8205ba7cd_file_0_I5_Ol",
        "cityKey": "new-orleans-la",
        "cityLabel": "New Orleans, LA",
        "date": "2022-03-07 00:00:00",
        "location": "VALID"
      }
    },
    {
      "type": "Feature",
      "geometry": {
        "type": "Point",
        "coordinates": [
          -90.04909984767437,
          29.97917525820993
        ]
      },
      "properties": {
        "id": 40456,
        "obstruction": "Private Owner Vehicle",
        "imageUrl": "https://feed.bikelaneuprising.com/nc/uploads/2024/07/29/d4e47ef83c2f752b23a524dca50f1403e919f9c8/92b73ba1-7e51-4131-9589-669444ce56b7_file_0_QuAqy",
        "cityKey": "new-orleans-la",
        "cityLabel": "New Orleans, LA",
        "date": "2022-03-15 00:00:00",
        "location": "VALID"
      }
    },
    {
      "type": "Feature",
      "geometry": {
        "type": "Point",
        "coordinates": [
          -90.04914175719021,
          29.979191521647607
        ]
      },
      "properties": {
        "id": 40457,
        "obstruction": "Private Owner Vehicle",
        "imageUrl": "https://feed.bikelaneuprising.com/nc/uploads/2024/07/29/d4e47ef83c2f752b23a524dca50f1403e919f9c8/76df7d4f-f775-4634-bed9-b322d3939849_file_0_TOzGp",
        "cityKey": "new-orleans-la",
        "cityLabel": "New Orleans, LA",
        "date": "2022-03-15 00:00:00",
        "location": "VALID"
      }
    },
    {
      "type": "Feature",
      "geometry": {
        "type": "Point",
        "coordinates": [
          -90.0341247394681,
          29.96550402579552
        ]
      },
      "properties": {
        "id": 40458,
        "obstruction": "Private Owner Vehicle",
        "imageUrl": "https://feed.bikelaneuprising.com/nc/uploads/2024/07/29/d4e47ef83c2f752b23a524dca50f1403e919f9c8/a70ef0b6-57b5-4208-a9be-8798d434671e_file_0_4I7Sx",
        "cityKey": "new-orleans-la",
        "cityLabel": "New Orleans, LA",
        "date": "2022-03-12 00:00:00",
        "location": "VALID"
      }
    },
    {
      "type": "Feature",
      "geometry": {
        "type": "Point",
        "coordinates": [
          -90.0579970702529,
          29.978652213017426
        ]
      },
      "properties": {
        "id": 40459,
        "obstruction": "Private Owner Vehicle",
        "imageUrl": "https://feed.bikelaneuprising.com/nc/uploads/2024/07/29/d4e47ef83c2f752b23a524dca50f1403e919f9c8/f1d65e92-bc19-4f23-a386-2c2730352662_file_0_yVa6K",
        "cityKey": "new-orleans-la",
        "cityLabel": "New Orleans, LA",
        "date": "2022-03-15 00:00:00",
        "location": "VALID"
      }
    },
    {
      "type": "Feature",
      "geometry": {
        "type": "Point",
        "coordinates": [
          -90.03309812396765,
          29.965058461426874
        ]
      },
      "properties": {
        "id": 40460,
        "obstruction": "Construction",
        "imageUrl": "https://feed.bikelaneuprising.com/nc/uploads/2024/07/29/d4e47ef83c2f752b23a524dca50f1403e919f9c8/7cd39d12-d6dd-41eb-a3b1-73dadd44f870_file_0_EvLUM",
        "cityKey": "new-orleans-la",
        "cityLabel": "New Orleans, LA",
        "date": "2022-03-12 00:00:00",
        "location": "VALID"
      }
    },
    {
      "type": "Feature",
      "geometry": {
        "type": "Point",
        "coordinates": [
          -90.04345614463091,
          29.967412029496913
        ]
      },
      "properties": {
        "id": 40461,
        "obstruction": "Private Owner Vehicle",
        "imageUrl": "https://feed.bikelaneuprising.com/nc/uploads/2024/07/29/d4e47ef83c2f752b23a524dca50f1403e919f9c8/130ba0fe-e117-4c80-b488-832ea657e56c_file_0_3-a8l",
        "cityKey": "new-orleans-la",
        "cityLabel": "New Orleans, LA",
        "date": "2022-03-12 00:00:00",
        "location": "VALID"
      }
    },
    {
      "type": "Feature",
      "geometry": {
        "type": "Point",
        "coordinates": [
          -90.03512788563965,
          29.965741039665282
        ]
      },
      "properties": {
        "id": 40462,
        "obstruction": "Private Owner Vehicle",
        "imageUrl": "https://feed.bikelaneuprising.com/nc/uploads/2024/07/29/d4e47ef83c2f752b23a524dca50f1403e919f9c8/d1c5dec7-1463-43fe-bf6c-17d4c60cbcff_file_0_EOSjr",
        "cityKey": "new-orleans-la",
        "cityLabel": "New Orleans, LA",
        "date": "2022-03-04 00:00:00",
        "location": "VALID"
      }
    },
    {
      "type": "Feature",
      "geometry": {
        "type": "Point",
        "coordinates": [
          -90.05417626351117,
          29.9788691565826
        ]
      },
      "properties": {
        "id": 40463,
        "obstruction": "Private Owner Vehicle",
        "imageUrl": "https://feed.bikelaneuprising.com/nc/uploads/2024/07/29/d4e47ef83c2f752b23a524dca50f1403e919f9c8/bd128271-8fc7-4180-96ba-fdddef45cc46_file_0_q1Ck5",
        "cityKey": "new-orleans-la",
        "cityLabel": "New Orleans, LA",
        "date": "2022-02-28 00:00:00",
        "location": "VALID"
      }
    },
    {
      "type": "Feature",
      "geometry": {
        "type": "Point",
        "coordinates": [
          -90.05671866238116,
          29.97879132413984
        ]
      },
      "properties": {
        "id": 40464,
        "obstruction": "Private Owner Vehicle",
        "imageUrl": "https://feed.bikelaneuprising.com/nc/uploads/2024/07/29/d4e47ef83c2f752b23a524dca50f1403e919f9c8/4654b904-88a6-4945-be2d-241b4963e177_file_0_3eu7v",
        "cityKey": "new-orleans-la",
        "cityLabel": "New Orleans, LA",
        "date": "2022-02-24 00:00:00",
        "location": "VALID"
      }
    },
    {
      "type": "Feature",
      "geometry": {
        "type": "Point",
        "coordinates": [
          -90.063890889287,
          29.9782912201981
        ]
      },
      "properties": {
        "id": 40465,
        "obstruction": "Private Owner Vehicle",
        "imageUrl": "https://feed.bikelaneuprising.com/nc/uploads/2024/07/29/d4e47ef83c2f752b23a524dca50f1403e919f9c8/0eba7fac-95a3-4186-8e8d-1b15c76e3c76_file_0_3bPxn",
        "cityKey": "new-orleans-la",
        "cityLabel": "New Orleans, LA",
        "date": "2022-02-24 00:00:00",
        "location": "VALID"
      }
    },
    {
      "type": "Feature",
      "geometry": {
        "type": "Point",
        "coordinates": [
          -90.06402164697647,
          29.978297609462953
        ]
      },
      "properties": {
        "id": 40466,
        "obstruction": "Private Owner Vehicle",
        "imageUrl": "https://feed.bikelaneuprising.com/nc/uploads/2024/07/29/d4e47ef83c2f752b23a524dca50f1403e919f9c8/72c5c2dc-c9e1-4657-a77c-c8191bea7da5_file_0_kbO86",
        "cityKey": "new-orleans-la",
        "cityLabel": "New Orleans, LA",
        "date": "2022-02-24 00:00:00",
        "location": "VALID"
      }
    },
    {
      "type": "Feature",
      "geometry": {
        "type": "Point",
        "coordinates": [
          -90.06407260894775,
          29.97827118113753
        ]
      },
      "properties": {
        "id": 40467,
        "obstruction": "Private Owner Vehicle",
        "imageUrl": "https://feed.bikelaneuprising.com/nc/uploads/2024/07/29/d4e47ef83c2f752b23a524dca50f1403e919f9c8/10e21bf8-4ab4-425c-8b0c-9bfb7ea3430d_file_0_bZspM",
        "cityKey": "new-orleans-la",
        "cityLabel": "New Orleans, LA",
        "date": "2022-02-18 00:00:00",
        "location": "VALID"
      }
    },
    {
      "type": "Feature",
      "geometry": {
        "type": "Point",
        "coordinates": [
          -90.06398577243091,
          29.978298480726316
        ]
      },
      "properties": {
        "id": 40468,
        "obstruction": "Private Owner Vehicle",
        "imageUrl": "https://feed.bikelaneuprising.com/nc/uploads/2024/07/28/d4e47ef83c2f752b23a524dca50f1403e919f9c8/a68d03c3-de99-487b-a1f5-8fded120ed88_file_0_-qNFh",
        "cityKey": "new-orleans-la",
        "cityLabel": "New Orleans, LA",
        "date": "2022-02-18 00:00:00",
        "location": "VALID"
      }
    },
    {
      "type": "Feature",
      "geometry": {
        "type": "Point",
        "coordinates": [
          -90.05820494145155,
          29.978631593189373
        ]
      },
      "properties": {
        "id": 40922,
        "obstruction": "Other  (damaged lane / snow / debris / pedestrian / etc.)",
        "imageUrl": "https://feed.bikelaneuprising.com/nc/uploads/2024/07/29/d4e47ef83c2f752b23a524dca50f1403e919f9c8/b713fb82-cd50-46ca-ba9a-111699450210_file_0_SL_rC",
        "cityKey": "new-orleans-la",
        "cityLabel": "New Orleans, LA",
        "date": "2022-03-25 00:00:00",
        "location": "VALID"
      }
    },
    {
      "type": "Feature",
      "geometry": {
        "type": "Point",
        "coordinates": [
          -90.05538124591112,
          29.978797132533174
        ]
      },
      "properties": {
        "id": 40923,
        "obstruction": "Private Owner Vehicle",
        "imageUrl": "https://feed.bikelaneuprising.com/nc/uploads/2024/07/28/d4e47ef83c2f752b23a524dca50f1403e919f9c8/bc26fe52-ca41-47b5-9e1a-bfebcc1341ce_file_0_zNqYG",
        "cityKey": "new-orleans-la",
        "cityLabel": "New Orleans, LA",
        "date": "2022-03-20 00:00:00",
        "location": "VALID"
      }
    },
    {
      "type": "Feature",
      "geometry": {
        "type": "Point",
        "coordinates": [
          -90.05430769175291,
          29.97887845000453
        ]
      },
      "properties": {
        "id": 41028,
        "obstruction": "Private Owner Vehicle",
        "imageUrl": "https://feed.bikelaneuprising.com/nc/uploads/2024/07/29/d4e47ef83c2f752b23a524dca50f1403e919f9c8/ae8476eb-06a5-4dc7-b4f0-6d1b5872adc5_file_0_hF14p",
        "cityKey": "new-orleans-la",
        "cityLabel": "New Orleans, LA",
        "date": "2022-04-01 00:00:00",
        "location": "VALID"
      }
    },
    {
      "type": "Feature",
      "geometry": {
        "type": "Point",
        "coordinates": [
          -90.05808893591166,
          29.9786310123491
        ]
      },
      "properties": {
        "id": 41029,
        "obstruction": "Private Owner Vehicle",
        "imageUrl": "https://feed.bikelaneuprising.com/nc/uploads/2024/07/29/d4e47ef83c2f752b23a524dca50f1403e919f9c8/349327f8-054f-4786-a5d7-f7333fcb0f84_file_0_0Svx8",
        "cityKey": "new-orleans-la",
        "cityLabel": "New Orleans, LA",
        "date": "2022-04-01 00:00:00",
        "location": "VALID"
      }
    },
    {
      "type": "Feature",
      "geometry": {
        "type": "Point",
        "coordinates": [
          -90.0634329020977,
          29.978338558832426
        ]
      },
      "properties": {
        "id": 41030,
        "obstruction": "Private Owner Vehicle",
        "imageUrl": "https://feed.bikelaneuprising.com/nc/uploads/2024/07/29/d4e47ef83c2f752b23a524dca50f1403e919f9c8/c1970b53-69b1-4e40-9379-2a47ccab8d1b_file_0_O7ZcY",
        "cityKey": "new-orleans-la",
        "cityLabel": "New Orleans, LA",
        "date": "2022-04-01 00:00:00",
        "location": "VALID"
      }
    },
    {
      "type": "Feature",
      "geometry": {
        "type": "Point",
        "coordinates": [
          -90.04909247159958,
          29.979172354024335
        ]
      },
      "properties": {
        "id": 41031,
        "obstruction": "Private Owner Vehicle",
        "imageUrl": "https://feed.bikelaneuprising.com/nc/uploads/2024/07/29/d4e47ef83c2f752b23a524dca50f1403e919f9c8/306ca963-4cb9-49ea-9b00-7d2bca1f67ee_file_0_iOO5I",
        "cityKey": "new-orleans-la",
        "cityLabel": "New Orleans, LA",
        "date": "2022-03-29 00:00:00",
        "location": "VALID"
      }
    },
    {
      "type": "Feature",
      "geometry": {
        "type": "Point",
        "coordinates": [
          -90.04901938140392,
          29.97918019532522
        ]
      },
      "properties": {
        "id": 41032,
        "obstruction": "Private Owner Vehicle",
        "imageUrl": "https://feed.bikelaneuprising.com/nc/uploads/2024/07/29/d4e47ef83c2f752b23a524dca50f1403e919f9c8/85335599-cead-4bf5-a405-8d122e4ac7db_file_0_zIqKW",
        "cityKey": "new-orleans-la",
        "cityLabel": "New Orleans, LA",
        "date": "2022-03-29 00:00:00",
        "location": "VALID"
      }
    },
    {
      "type": "Feature",
      "geometry": {
        "type": "Point",
        "coordinates": [
          -90.07022995501757,
          29.985233785278847
        ]
      },
      "properties": {
        "id": 41033,
        "obstruction": "Company Vehicle",
        "imageUrl": "https://feed.bikelaneuprising.com/nc/uploads/2024/07/29/d4e47ef83c2f752b23a524dca50f1403e919f9c8/c3461b85-6486-4a98-ac5e-878812b48aa5_file_0_k6Mt6",
        "cityKey": "new-orleans-la",
        "cityLabel": "New Orleans, LA",
        "date": "2022-03-29 00:00:00",
        "location": "VALID"
      }
    },
    {
      "type": "Feature",
      "geometry": {
        "type": "Point",
        "coordinates": [
          -90.0697759911418,
          29.976028523335327
        ]
      },
      "properties": {
        "id": 41034,
        "obstruction": "Private Owner Vehicle",
        "imageUrl": "https://feed.bikelaneuprising.com/nc/uploads/2024/07/29/d4e47ef83c2f752b23a524dca50f1403e919f9c8/9e222f74-b4e1-40e5-a347-668960764db5_file_0_h7Fnn",
        "cityKey": "new-orleans-la",
        "cityLabel": "New Orleans, LA",
        "date": "2022-03-29 00:00:00",
        "location": "VALID"
      }
    },
    {
      "type": "Feature",
      "geometry": {
        "type": "Point",
        "coordinates": [
          -90.08086156100035,
          29.97291828382492
        ]
      },
      "properties": {
        "id": 41035,
        "obstruction": "Municipal (city) Vehicle - includes USPS",
        "imageUrl": "https://feed.bikelaneuprising.com/nc/uploads/2024/07/29/d4e47ef83c2f752b23a524dca50f1403e919f9c8/81c85139-c454-4b13-b2aa-d0775a08c3b4_file_0_Ud9vM",
        "cityKey": "new-orleans-la",
        "cityLabel": "New Orleans, LA",
        "date": "2022-03-28 00:00:00",
        "location": "VALID"
      }
    },
    {
      "type": "Feature",
      "geometry": {
        "type": "Point",
        "coordinates": [
          -90.06722,
          29.95096
        ]
      },
      "properties": {
        "id": 41060,
        "obstruction": "Private Owner Vehicle",
        "imageUrl": "https://feed.bikelaneuprising.com/nc/uploads/2024/07/28/d4e47ef83c2f752b23a524dca50f1403e919f9c8/b0c24cfd-9424-4d5f-af4b-8ebe15e0a32a_file_0_4wQaM",
        "cityKey": "new-orleans-la",
        "cityLabel": "New Orleans, LA",
        "date": "2022-04-02 00:00:00",
        "location": "VALID"
      }
    },
    {
      "type": "Feature",
      "geometry": {
        "type": "Point",
        "coordinates": [
          -90.05270775407553,
          29.974347803702717
        ]
      },
      "properties": {
        "id": 41260,
        "obstruction": "Private Owner Vehicle",
        "imageUrl": "https://feed.bikelaneuprising.com/nc/uploads/2024/07/29/d4e47ef83c2f752b23a524dca50f1403e919f9c8/da53b735-18c1-4339-ac43-15cd975470c0_file_0_DFCkz",
        "cityKey": "new-orleans-la",
        "cityLabel": "New Orleans, LA",
        "date": "2022-04-08 00:00:00",
        "location": "VALID"
      }
    },
    {
      "type": "Feature",
      "geometry": {
        "type": "Point",
        "coordinates": [
          -90.0486710295081,
          29.979204300061063
        ]
      },
      "properties": {
        "id": 41261,
        "obstruction": "Private Owner Vehicle",
        "imageUrl": "https://feed.bikelaneuprising.com/nc/uploads/2024/07/28/d4e47ef83c2f752b23a524dca50f1403e919f9c8/6ed07150-8b6d-49af-bdb8-84b349e0e732_file_0_P338N",
        "cityKey": "new-orleans-la",
        "cityLabel": "New Orleans, LA",
        "date": "2022-04-08 00:00:00",
        "location": "VALID"
      }
    },
    {
      "type": "Feature",
      "geometry": {
        "type": "Point",
        "coordinates": [
          -90.0490351393819,
          29.979177291139777
        ]
      },
      "properties": {
        "id": 41262,
        "obstruction": "Private Owner Vehicle",
        "imageUrl": "https://feed.bikelaneuprising.com/nc/uploads/2024/07/29/d4e47ef83c2f752b23a524dca50f1403e919f9c8/041f1765-3591-451a-b07b-d20a6714f07b_file_0_f0dS-",
        "cityKey": "new-orleans-la",
        "cityLabel": "New Orleans, LA",
        "date": "2022-04-08 00:00:00",
        "location": "VALID"
      }
    },
    {
      "type": "Feature",
      "geometry": {
        "type": "Point",
        "coordinates": [
          -90.04994239658119,
          29.97910555773257
        ]
      },
      "properties": {
        "id": 41263,
        "obstruction": "Private Owner Vehicle",
        "imageUrl": "https://feed.bikelaneuprising.com/nc/uploads/2024/07/29/d4e47ef83c2f752b23a524dca50f1403e919f9c8/b8908cb7-cd93-4991-a824-34c0f92fadb6_file_0_RhDen",
        "cityKey": "new-orleans-la",
        "cityLabel": "New Orleans, LA",
        "date": "2022-04-08 00:00:00",
        "location": "VALID"
      }
    },
    {
      "type": "Feature",
      "geometry": {
        "type": "Point",
        "coordinates": [
          -90.05006812512873,
          29.97911368945746
        ]
      },
      "properties": {
        "id": 41264,
        "obstruction": "Private Owner Vehicle",
        "imageUrl": "https://feed.bikelaneuprising.com/nc/uploads/2024/07/29/d4e47ef83c2f752b23a524dca50f1403e919f9c8/31e1249c-a82c-49c1-8d86-c1f60caac4b5_file_0_PxaPY",
        "cityKey": "new-orleans-la",
        "cityLabel": "New Orleans, LA",
        "date": "2022-04-08 00:00:00",
        "location": "VALID"
      }
    },
    {
      "type": "Feature",
      "geometry": {
        "type": "Point",
        "coordinates": [
          -90.05794912576675,
          29.97865076091702
        ]
      },
      "properties": {
        "id": 41265,
        "obstruction": "Private Owner Vehicle",
        "imageUrl": "https://feed.bikelaneuprising.com/nc/uploads/2024/07/29/d4e47ef83c2f752b23a524dca50f1403e919f9c8/4663a1b7-a29c-4367-93b4-9d35e53a9e1c_file_0_RY9XT",
        "cityKey": "new-orleans-la",
        "cityLabel": "New Orleans, LA",
        "date": "2022-04-08 00:00:00",
        "location": "VALID"
      }
    },
    {
      "type": "Feature",
      "geometry": {
        "type": "Point",
        "coordinates": [
          -90.06395023316146,
          29.978279893773074
        ]
      },
      "properties": {
        "id": 41266,
        "obstruction": "Private Owner Vehicle",
        "imageUrl": "https://feed.bikelaneuprising.com/nc/uploads/2024/07/29/d4e47ef83c2f752b23a524dca50f1403e919f9c8/e13e3fa0-d2a0-42c3-b998-01a5fbaf718b_file_0_KDxDX",
        "cityKey": "new-orleans-la",
        "cityLabel": "New Orleans, LA",
        "date": "2022-04-08 00:00:00",
        "location": "VALID"
      }
    },
    {
      "type": "Feature",
      "geometry": {
        "type": "Point",
        "coordinates": [
          -90.04869248718022,
          29.979208656337985
        ]
      },
      "properties": {
        "id": 41593,
        "obstruction": "Private Owner Vehicle",
        "imageUrl": "https://feed.bikelaneuprising.com/nc/uploads/2024/07/29/d4e47ef83c2f752b23a524dca50f1403e919f9c8/806f6727-7071-432f-866f-fb26a4454002_file_0_YjN6D",
        "cityKey": "new-orleans-la",
        "cityLabel": "New Orleans, LA",
        "date": "2022-04-14 00:00:00",
        "location": "VALID"
      }
    },
    {
      "type": "Feature",
      "geometry": {
        "type": "Point",
        "coordinates": [
          -90.04889968782665,
          29.979187746206968
        ]
      },
      "properties": {
        "id": 41594,
        "obstruction": "Private Owner Vehicle",
        "imageUrl": "https://feed.bikelaneuprising.com/nc/uploads/2024/07/29/d4e47ef83c2f752b23a524dca50f1403e919f9c8/e9eee786-a101-40ce-a5b7-68460b1c7f9e_file_0_FozFP",
        "cityKey": "new-orleans-la",
        "cityLabel": "New Orleans, LA",
        "date": "2022-04-14 00:00:00",
        "location": "VALID"
      }
    },
    {
      "type": "Feature",
      "geometry": {
        "type": "Point",
        "coordinates": [
          -90.0510223209858,
          29.979080872135107
        ]
      },
      "properties": {
        "id": 41595,
        "obstruction": "Private Owner Vehicle",
        "imageUrl": "https://feed.bikelaneuprising.com/nc/uploads/2024/07/29/d4e47ef83c2f752b23a524dca50f1403e919f9c8/80cc08aa-d738-421d-805a-5a7c1deb7c3d_file_0_5H8Mt",
        "cityKey": "new-orleans-la",
        "cityLabel": "New Orleans, LA",
        "date": "2022-04-14 00:00:00",
        "location": "VALID"
      }
    },
    {
      "type": "Feature",
      "geometry": {
        "type": "Point",
        "coordinates": [
          -90.05120437592268,
          29.97905328234246
        ]
      },
      "properties": {
        "id": 41596,
        "obstruction": "Private Owner Vehicle",
        "imageUrl": "https://feed.bikelaneuprising.com/nc/uploads/2024/07/29/d4e47ef83c2f752b23a524dca50f1403e919f9c8/8f9f1373-0673-4cd1-ae48-7a2d13255dcc_file_0_mKwgG",
        "cityKey": "new-orleans-la",
        "cityLabel": "New Orleans, LA",
        "date": "2022-04-14 00:00:00",
        "location": "VALID"
      }
    },
    {
      "type": "Feature",
      "geometry": {
        "type": "Point",
        "coordinates": [
          -90.04213985055685,
          29.967321698590528
        ]
      },
      "properties": {
        "id": 41597,
        "obstruction": "Private Owner Vehicle",
        "imageUrl": "https://feed.bikelaneuprising.com/nc/uploads/2024/07/29/d4e47ef83c2f752b23a524dca50f1403e919f9c8/fc2b86fe-40c5-4b23-a150-72eb7293c47d_file_0_plSPD",
        "cityKey": "new-orleans-la",
        "cityLabel": "New Orleans, LA",
        "date": "2022-04-10 00:00:00",
        "location": "VALID"
      }
    },
    {
      "type": "Feature",
      "geometry": {
        "type": "Point",
        "coordinates": [
          -90.06396196782589,
          29.978296447778487
        ]
      },
      "properties": {
        "id": 41598,
        "obstruction": "Private Owner Vehicle",
        "imageUrl": "https://feed.bikelaneuprising.com/nc/uploads/2024/07/29/d4e47ef83c2f752b23a524dca50f1403e919f9c8/8adc8d4a-7884-4f0f-805a-afe19a1463a0_file_0_V_ESi",
        "cityKey": "new-orleans-la",
        "cityLabel": "New Orleans, LA",
        "date": "2022-04-08 00:00:00",
        "location": "VALID"
      }
    },
    {
      "type": "Feature",
      "geometry": {
        "type": "Point",
        "coordinates": [
          -90.04883263260126,
          29.979203428805636
        ]
      },
      "properties": {
        "id": 41664,
        "obstruction": "Private Owner Vehicle",
        "imageUrl": "https://feed.bikelaneuprising.com/nc/uploads/2024/07/29/d4e47ef83c2f752b23a524dca50f1403e919f9c8/ed62aba6-9e5c-45dc-94a9-178adebffeaf_file_0_JVjop",
        "cityKey": "new-orleans-la",
        "cityLabel": "New Orleans, LA",
        "date": "2022-04-19 00:00:00",
        "location": "VALID"
      }
    },
    {
      "type": "Feature",
      "geometry": {
        "type": "Point",
        "coordinates": [
          -90.05726214498281,
          29.978702165259154
        ]
      },
      "properties": {
        "id": 41665,
        "obstruction": "Private Owner Vehicle",
        "imageUrl": "https://feed.bikelaneuprising.com/nc/uploads/2024/07/29/d4e47ef83c2f752b23a524dca50f1403e919f9c8/6316d32f-4ed3-4112-b240-add6cf779507_file_0_hmdW4",
        "cityKey": "new-orleans-la",
        "cityLabel": "New Orleans, LA",
        "date": "2022-04-19 00:00:00",
        "location": "VALID"
      }
    },
    {
      "type": "Feature",
      "geometry": {
        "type": "Point",
        "coordinates": [
          -90.0696938484907,
          29.97609241742074
        ]
      },
      "properties": {
        "id": 41666,
        "obstruction": "Other  (damaged lane / snow / debris / pedestrian / etc.)",
        "imageUrl": "https://feed.bikelaneuprising.com/nc/uploads/2024/07/29/d4e47ef83c2f752b23a524dca50f1403e919f9c8/77c34e8e-3cbc-497c-ab93-c19fae2cf793_file_0_mYToA",
        "cityKey": "new-orleans-la",
        "cityLabel": "New Orleans, LA",
        "date": "2022-04-19 00:00:00",
        "location": "VALID"
      }
    },
    {
      "type": "Feature",
      "geometry": {
        "type": "Point",
        "coordinates": [
          -90.07174205034971,
          29.973831122642416
        ]
      },
      "properties": {
        "id": 41667,
        "obstruction": "Private Owner Vehicle",
        "imageUrl": "https://feed.bikelaneuprising.com/nc/uploads/2024/07/29/d4e47ef83c2f752b23a524dca50f1403e919f9c8/f40a1f5e-98a1-448f-a71b-7301806cba3f_file_0_mqCXM",
        "cityKey": "new-orleans-la",
        "cityLabel": "New Orleans, LA",
        "date": "2022-04-19 00:00:00",
        "location": "VALID"
      }
    },
    {
      "type": "Feature",
      "geometry": {
        "type": "Point",
        "coordinates": [
          -90.041786134243,
          29.967264188838833
        ]
      },
      "properties": {
        "id": 41702,
        "obstruction": "Company Vehicle",
        "imageUrl": "https://feed.bikelaneuprising.com/nc/uploads/2024/07/29/d4e47ef83c2f752b23a524dca50f1403e919f9c8/3569e684-446b-4c9a-a518-62b5d2c60814_file_0_5QYfU",
        "cityKey": "new-orleans-la",
        "cityLabel": "New Orleans, LA",
        "date": "2022-04-19 00:00:00",
        "location": "VALID"
      }
    },
    {
      "type": "Feature",
      "geometry": {
        "type": "Point",
        "coordinates": [
          -90.04982069134712,
          29.979118336157093
        ]
      },
      "properties": {
        "id": 41781,
        "obstruction": "Private Owner Vehicle",
        "imageUrl": "https://feed.bikelaneuprising.com/nc/uploads/2024/07/29/d4e47ef83c2f752b23a524dca50f1403e919f9c8/b47905e0-cfd6-4446-9ddd-1be1483ed517_file_0_ECqp-",
        "cityKey": "new-orleans-la",
        "cityLabel": "New Orleans, LA",
        "date": "2022-04-21 00:00:00",
        "location": "VALID"
      }
    },
    {
      "type": "Feature",
      "geometry": {
        "type": "Point",
        "coordinates": [
          -90.04883699119091,
          29.97921882098343
        ]
      },
      "properties": {
        "id": 41917,
        "obstruction": "Other  (damaged lane / snow / debris / pedestrian / etc.)",
        "imageUrl": "https://feed.bikelaneuprising.com/nc/uploads/2024/07/29/d4e47ef83c2f752b23a524dca50f1403e919f9c8/54c521bb-447e-4d3d-87a1-a9427ea8cc33_file_0_ENwIH",
        "cityKey": "new-orleans-la",
        "cityLabel": "New Orleans, LA",
        "date": "2022-04-25 00:00:00",
        "location": "VALID"
      }
    },
    {
      "type": "Feature",
      "geometry": {
        "type": "Point",
        "coordinates": [
          -90.04895567893982,
          29.97918484202175
        ]
      },
      "properties": {
        "id": 41918,
        "obstruction": "Other  (damaged lane / snow / debris / pedestrian / etc.)",
        "imageUrl": "https://feed.bikelaneuprising.com/nc/uploads/2024/07/29/d4e47ef83c2f752b23a524dca50f1403e919f9c8/11d0d146-8dc7-4ff3-9fdb-37961f37fedb_file_0_b2V9Z",
        "cityKey": "new-orleans-la",
        "cityLabel": "New Orleans, LA",
        "date": "2022-04-25 00:00:00",
        "location": "VALID"
      }
    },
    {
      "type": "Feature",
      "geometry": {
        "type": "Point",
        "coordinates": [
          -90.049101524055,
          29.97918484202175
        ]
      },
      "properties": {
        "id": 41919,
        "obstruction": "Other  (damaged lane / snow / debris / pedestrian / etc.)",
        "imageUrl": "https://feed.bikelaneuprising.com/nc/uploads/2024/07/28/d4e47ef83c2f752b23a524dca50f1403e919f9c8/9903c704-2735-44ec-a54c-69357f67704c_file_0_pXyFy",
        "cityKey": "new-orleans-la",
        "cityLabel": "New Orleans, LA",
        "date": "2022-04-25 00:00:00",
        "location": "VALID"
      }
    },
    {
      "type": "Feature",
      "geometry": {
        "type": "Point",
        "coordinates": [
          -90.04938047379255,
          29.979158413932396
        ]
      },
      "properties": {
        "id": 41920,
        "obstruction": "Other  (damaged lane / snow / debris / pedestrian / etc.)",
        "imageUrl": "https://feed.bikelaneuprising.com/nc/uploads/2024/07/28/d4e47ef83c2f752b23a524dca50f1403e919f9c8/4581bb6d-66e6-4ae5-8b75-7a9f2e198311_file_0_k3k1m",
        "cityKey": "new-orleans-la",
        "cityLabel": "New Orleans, LA",
        "date": "2022-04-25 00:00:00",
        "location": "VALID"
      }
    },
    {
      "type": "Feature",
      "geometry": {
        "type": "Point",
        "coordinates": [
          -90.04988607019185,
          29.97912879123046
        ]
      },
      "properties": {
        "id": 41921,
        "obstruction": "Other  (damaged lane / snow / debris / pedestrian / etc.)",
        "imageUrl": "https://feed.bikelaneuprising.com/nc/uploads/2024/07/29/d4e47ef83c2f752b23a524dca50f1403e919f9c8/ed3c834a-71a7-425a-88cd-340c3d28db17_file_0_tTH0_",
        "cityKey": "new-orleans-la",
        "cityLabel": "New Orleans, LA",
        "date": "2022-04-25 00:00:00",
        "location": "VALID"
      }
    },
    {
      "type": "Feature",
      "geometry": {
        "type": "Point",
        "coordinates": [
          -90.05106121301651,
          29.979075935014883
        ]
      },
      "properties": {
        "id": 41922,
        "obstruction": "Other  (damaged lane / snow / debris / pedestrian / etc.)",
        "imageUrl": "https://feed.bikelaneuprising.com/nc/uploads/2024/07/29/d4e47ef83c2f752b23a524dca50f1403e919f9c8/f742baf3-45ed-4711-a43a-29080ba8f01f_file_0_x4rQQ",
        "cityKey": "new-orleans-la",
        "cityLabel": "New Orleans, LA",
        "date": "2022-04-25 00:00:00",
        "location": "VALID"
      }
    },
    {
      "type": "Feature",
      "geometry": {
        "type": "Point",
        "coordinates": [
          -90.05121678113937,
          29.979057929044913
        ]
      },
      "properties": {
        "id": 41923,
        "obstruction": "Other  (damaged lane / snow / debris / pedestrian / etc.)",
        "imageUrl": "https://feed.bikelaneuprising.com/nc/uploads/2024/07/29/d4e47ef83c2f752b23a524dca50f1403e919f9c8/4815909c-7a5b-470e-8879-e0100a22b1ff_file_0__3iv3",
        "cityKey": "new-orleans-la",
        "cityLabel": "New Orleans, LA",
        "date": "2022-04-25 00:00:00",
        "location": "VALID"
      }
    },
    {
      "type": "Feature",
      "geometry": {
        "type": "Point",
        "coordinates": [
          -90.05154836922884,
          29.97903701888214
        ]
      },
      "properties": {
        "id": 41924,
        "obstruction": "Other  (damaged lane / snow / debris / pedestrian / etc.)",
        "imageUrl": "https://feed.bikelaneuprising.com/nc/uploads/2024/07/29/d4e47ef83c2f752b23a524dca50f1403e919f9c8/07d14ea1-cfa5-4ab9-9849-43b1f34c6a73_file_0_57oKI",
        "cityKey": "new-orleans-la",
        "cityLabel": "New Orleans, LA",
        "date": "2022-04-25 00:00:00",
        "location": "VALID"
      }
    },
    {
      "type": "Feature",
      "geometry": {
        "type": "Point",
        "coordinates": [
          -90.05161676555873,
          29.97905996197717
        ]
      },
      "properties": {
        "id": 41925,
        "obstruction": "Other  (damaged lane / snow / debris / pedestrian / etc.)",
        "imageUrl": "https://feed.bikelaneuprising.com/nc/uploads/2024/07/29/d4e47ef83c2f752b23a524dca50f1403e919f9c8/f4bad6ee-0b4f-4ba9-8df3-b6ad33a4dd55_file_0_riHjD",
        "cityKey": "new-orleans-la",
        "cityLabel": "New Orleans, LA",
        "date": "2022-04-25 00:00:00",
        "location": "VALID"
      }
    },
    {
      "type": "Feature",
      "geometry": {
        "type": "Point",
        "coordinates": [
          -90.05359053611755,
          29.97888919552254
        ]
      },
      "properties": {
        "id": 41926,
        "obstruction": "Other  (damaged lane / snow / debris / pedestrian / etc.)",
        "imageUrl": "https://feed.bikelaneuprising.com/nc/uploads/2024/07/29/d4e47ef83c2f752b23a524dca50f1403e919f9c8/450c7c89-d743-4891-b0db-b97c3a2445d4_file_0_-b8Bf",
        "cityKey": "new-orleans-la",
        "cityLabel": "New Orleans, LA",
        "date": "2022-04-25 00:00:00",
        "location": "VALID"
      }
    },
    {
      "type": "Feature",
      "geometry": {
        "type": "Point",
        "coordinates": [
          -90.05429998040199,
          29.978861315257156
        ]
      },
      "properties": {
        "id": 41927,
        "obstruction": "Other  (damaged lane / snow / debris / pedestrian / etc.)",
        "imageUrl": "https://feed.bikelaneuprising.com/nc/uploads/2024/07/29/d4e47ef83c2f752b23a524dca50f1403e919f9c8/8fb04ffe-4807-4976-a970-9f637cb02074_file_0_2LyQN",
        "cityKey": "new-orleans-la",
        "cityLabel": "New Orleans, LA",
        "date": "2022-04-25 00:00:00",
        "location": "VALID"
      }
    },
    {
      "type": "Feature",
      "geometry": {
        "type": "Point",
        "coordinates": [
          -90.05634751170874,
          29.964579201564355
        ]
      },
      "properties": {
        "id": 41928,
        "obstruction": "Company Vehicle",
        "imageUrl": "https://feed.bikelaneuprising.com/nc/uploads/2024/07/29/d4e47ef83c2f752b23a524dca50f1403e919f9c8/b5a9a4b4-7b9f-4c71-ad43-9a7e8afc1386_file_0_OWrI5",
        "cityKey": "new-orleans-la",
        "cityLabel": "New Orleans, LA",
        "date": "2022-04-23 00:00:00",
        "location": "VALID"
      }
    },
    {
      "type": "Feature",
      "geometry": {
        "type": "Point",
        "coordinates": [
          -90.04872199147941,
          29.979205171316462
        ]
      },
      "properties": {
        "id": 42329,
        "obstruction": "Private Owner Vehicle",
        "imageUrl": "https://feed.bikelaneuprising.com/nc/uploads/2024/07/28/d4e47ef83c2f752b23a524dca50f1403e919f9c8/84a38078-cf9a-426e-a6fa-12ea7bbff39b_file_0_v9yz9",
        "cityKey": "new-orleans-la",
        "cityLabel": "New Orleans, LA",
        "date": "2022-05-07 00:00:00",
        "location": "VALID"
      }
    },
    {
      "type": "Feature",
      "geometry": {
        "type": "Point",
        "coordinates": [
          -90.04986193031073,
          29.979130243323898
        ]
      },
      "properties": {
        "id": 42330,
        "obstruction": "Private Owner Vehicle",
        "imageUrl": "https://feed.bikelaneuprising.com/nc/uploads/2024/07/29/d4e47ef83c2f752b23a524dca50f1403e919f9c8/0c131fbf-50a4-426e-800e-c982992be664_file_0_Yuxwp",
        "cityKey": "new-orleans-la",
        "cityLabel": "New Orleans, LA",
        "date": "2022-05-07 00:00:00",
        "location": "VALID"
      }
    },
    {
      "type": "Feature",
      "geometry": {
        "type": "Point",
        "coordinates": [
          -90.0763688609004,
          29.984996817913096
        ]
      },
      "properties": {
        "id": 42331,
        "obstruction": "Private Owner Vehicle",
        "imageUrl": "https://feed.bikelaneuprising.com/nc/uploads/2024/07/29/d4e47ef83c2f752b23a524dca50f1403e919f9c8/903a26d2-b7c5-47d8-982b-57cf13f68de8_file_0_bWWju",
        "cityKey": "new-orleans-la",
        "cityLabel": "New Orleans, LA",
        "date": "2022-05-07 00:00:00",
        "location": "VALID"
      }
    },
    {
      "type": "Feature",
      "geometry": {
        "type": "Point",
        "coordinates": [
          -90.05054019391538,
          29.97910265354496
        ]
      },
      "properties": {
        "id": 42332,
        "obstruction": "Private Owner Vehicle",
        "imageUrl": "https://feed.bikelaneuprising.com/nc/uploads/2024/07/29/d4e47ef83c2f752b23a524dca50f1403e919f9c8/c6889f77-f617-4489-bbd2-d597aafe3c05_file_0_s_88h",
        "cityKey": "new-orleans-la",
        "cityLabel": "New Orleans, LA",
        "date": "2022-05-07 00:00:00",
        "location": "VALID"
      }
    },
    {
      "type": "Feature",
      "geometry": {
        "type": "Point",
        "coordinates": [
          -90.05635924637316,
          29.964424966535205
        ]
      },
      "properties": {
        "id": 42333,
        "obstruction": "Private Owner Vehicle",
        "imageUrl": "https://feed.bikelaneuprising.com/nc/uploads/2024/07/29/d4e47ef83c2f752b23a524dca50f1403e919f9c8/ebf5e571-b3a0-40b8-84ee-06bb24361ce3_file_0_DMZln",
        "cityKey": "new-orleans-la",
        "cityLabel": "New Orleans, LA",
        "date": "2022-05-06 00:00:00",
        "location": "VALID"
      }
    },
    {
      "type": "Feature",
      "geometry": null,
      "properties": {
        "id": 42334,
        "obstruction": "Private Owner Vehicle",
        "imageUrl": "https://feed.bikelaneuprising.com/nc/uploads/2024/07/29/d4e47ef83c2f752b23a524dca50f1403e919f9c8/68a859aa-3a36-4019-85cb-4188d278fce1_file_0_n0nRl",
        "cityKey": "new-orleans-la",
        "cityLabel": "New Orleans, LA",
        "date": "2022-05-06 00:00:00",
        "location": "INVALID"
      }
    },
    {
      "type": "Feature",
      "geometry": {
        "type": "Point",
        "coordinates": [
          -90.05397375673056,
          29.968711217018875
        ]
      },
      "properties": {
        "id": 42335,
        "obstruction": "Private Owner Vehicle",
        "imageUrl": "https://feed.bikelaneuprising.com/nc/uploads/2024/07/29/d4e47ef83c2f752b23a524dca50f1403e919f9c8/05145b59-88dc-49e6-aad5-91c1cfa48b1a_file_0_3kutx",
        "cityKey": "new-orleans-la",
        "cityLabel": "New Orleans, LA",
        "date": "2022-05-05 00:00:00",
        "location": "VALID"
      }
    },
    {
      "type": "Feature",
      "geometry": {
        "type": "Point",
        "coordinates": [
          -90.05698185414076,
          29.96843703264704
        ]
      },
      "properties": {
        "id": 42336,
        "obstruction": "Other  (damaged lane / snow / debris / pedestrian / etc.)",
        "imageUrl": "https://feed.bikelaneuprising.com/nc/uploads/2024/07/29/d4e47ef83c2f752b23a524dca50f1403e919f9c8/120cdc3f-addd-48d6-9e07-b2079fe24d95_file_0_q976C",
        "cityKey": "new-orleans-la",
        "cityLabel": "New Orleans, LA",
        "date": "2022-05-05 00:00:00",
        "location": "VALID"
      }
    },
    {
      "type": "Feature",
      "geometry": {
        "type": "Point",
        "coordinates": [
          -90.0710815563798,
          29.957648555144072
        ]
      },
      "properties": {
        "id": 42337,
        "obstruction": "Private Owner Vehicle",
        "imageUrl": "https://feed.bikelaneuprising.com/nc/uploads/2024/07/29/d4e47ef83c2f752b23a524dca50f1403e919f9c8/83bc29d9-72f7-4596-80e9-5a0547740a82_file_0_AA3xA",
        "cityKey": "new-orleans-la",
        "cityLabel": "New Orleans, LA",
        "date": "2022-05-05 00:00:00",
        "location": "VALID"
      }
    },
    {
      "type": "Feature",
      "geometry": {
        "type": "Point",
        "coordinates": [
          -90.06224703043699,
          29.967547090023732
        ]
      },
      "properties": {
        "id": 42338,
        "obstruction": "Taxi / Uber / Livery / Lyft",
        "imageUrl": "https://feed.bikelaneuprising.com/nc/uploads/2024/07/29/d4e47ef83c2f752b23a524dca50f1403e919f9c8/bf1b50df-312b-4584-84b2-4527b5805193_file_0_wFdOS",
        "cityKey": "new-orleans-la",
        "cityLabel": "New Orleans, LA",
        "date": "2022-05-05 00:00:00",
        "location": "VALID"
      }
    },
    {
      "type": "Feature",
      "geometry": {
        "type": "Point",
        "coordinates": [
          -90.06178569048643,
          29.967909864594578
        ]
      },
      "properties": {
        "id": 42339,
        "obstruction": "Private Owner Vehicle",
        "imageUrl": "https://feed.bikelaneuprising.com/nc/uploads/2024/07/29/d4e47ef83c2f752b23a524dca50f1403e919f9c8/98695347-4b15-424d-84a5-f9a00e7c035d_file_0_rsWMi",
        "cityKey": "new-orleans-la",
        "cityLabel": "New Orleans, LA",
        "date": "2022-05-03 00:00:00",
        "location": "VALID"
      }
    },
    {
      "type": "Feature",
      "geometry": {
        "type": "Point",
        "coordinates": [
          -90.05637668073177,
          29.964569616343553
        ]
      },
      "properties": {
        "id": 42340,
        "obstruction": "Company Vehicle",
        "imageUrl": "https://feed.bikelaneuprising.com/nc/uploads/2024/07/29/d4e47ef83c2f752b23a524dca50f1403e919f9c8/5af40bf0-e585-4bc5-88b8-db42de6a03de_file_0_xiZOI",
        "cityKey": "new-orleans-la",
        "cityLabel": "New Orleans, LA",
        "date": "2022-04-23 00:00:00",
        "location": "VALID"
      }
    },
    {
      "type": "Feature",
      "geometry": {
        "type": "Point",
        "coordinates": [
          -90.05354929715395,
          29.97892956380958
        ]
      },
      "properties": {
        "id": 42438,
        "obstruction": "Other  (damaged lane / snow / debris / pedestrian / etc.)",
        "imageUrl": "https://feed.bikelaneuprising.com/nc/uploads/2024/07/29/d4e47ef83c2f752b23a524dca50f1403e919f9c8/a50fc973-e4f5-4c5d-9b8e-c629189243ab_file_0_OYinM",
        "cityKey": "new-orleans-la",
        "cityLabel": "New Orleans, LA",
        "date": "2022-05-09 00:00:00",
        "location": "VALID"
      }
    },
    {
      "type": "Feature",
      "geometry": {
        "type": "Point",
        "coordinates": [
          -90.05441766232252,
          29.978870027840927
        ]
      },
      "properties": {
        "id": 42439,
        "obstruction": "Other  (damaged lane / snow / debris / pedestrian / etc.)",
        "imageUrl": "https://feed.bikelaneuprising.com/nc/uploads/2024/07/29/d4e47ef83c2f752b23a524dca50f1403e919f9c8/dea5c371-260e-414d-a8fc-da36f06b0b39_file_0_yBCBd",
        "cityKey": "new-orleans-la",
        "cityLabel": "New Orleans, LA",
        "date": "2022-05-09 00:00:00",
        "location": "VALID"
      }
    },
    {
      "type": "Feature",
      "geometry": {
        "type": "Point",
        "coordinates": [
          -90.0569761544466,
          29.97874282404203
        ]
      },
      "properties": {
        "id": 42440,
        "obstruction": "Other  (damaged lane / snow / debris / pedestrian / etc.)",
        "imageUrl": "https://feed.bikelaneuprising.com/nc/uploads/2024/07/29/d4e47ef83c2f752b23a524dca50f1403e919f9c8/c57809cc-4957-44ed-af25-c49bcaff1fbe_file_0_GI2Mp",
        "cityKey": "new-orleans-la",
        "cityLabel": "New Orleans, LA",
        "date": "2022-05-09 00:00:00",
        "location": "VALID"
      }
    },
    {
      "type": "Feature",
      "geometry": {
        "type": "Point",
        "coordinates": [
          -90.05868170410395,
          29.978619105122448
        ]
      },
      "properties": {
        "id": 42441,
        "obstruction": "Private Owner Vehicle",
        "imageUrl": "https://feed.bikelaneuprising.com/nc/uploads/2024/07/29/d4e47ef83c2f752b23a524dca50f1403e919f9c8/108068a3-b7d2-4134-a3ef-9f70e0555ec9_file_0_rykbX",
        "cityKey": "new-orleans-la",
        "cityLabel": "New Orleans, LA",
        "date": "2022-05-09 00:00:00",
        "location": "VALID"
      }
    },
    {
      "type": "Feature",
      "geometry": {
        "type": "Point",
        "coordinates": [
          -90.04891678690909,
          29.979195587506606
        ]
      },
      "properties": {
        "id": 42443,
        "obstruction": "Private Owner Vehicle",
        "imageUrl": "https://feed.bikelaneuprising.com/nc/uploads/2024/07/29/d4e47ef83c2f752b23a524dca50f1403e919f9c8/a074e24d-0832-487f-a0a0-81d732860079_file_0_egSzX",
        "cityKey": "new-orleans-la",
        "cityLabel": "New Orleans, LA",
        "date": "2022-05-08 00:00:00",
        "location": "VALID"
      }
    },
    {
      "type": "Feature",
      "geometry": {
        "type": "Point",
        "coordinates": [
          -90.05269501358269,
          29.974340542885752
        ]
      },
      "properties": {
        "id": 42542,
        "obstruction": "Private Owner Vehicle",
        "imageUrl": "https://feed.bikelaneuprising.com/nc/uploads/2024/07/28/d4e47ef83c2f752b23a524dca50f1403e919f9c8/544e7e45-b419-4cae-9419-4f4e640a9347_file_0_6Pauj",
        "cityKey": "new-orleans-la",
        "cityLabel": "New Orleans, LA",
        "date": "2022-05-12 00:00:00",
        "location": "VALID"
      }
    },
    {
      "type": "Feature",
      "geometry": {
        "type": "Point",
        "coordinates": [
          -90.07259532809258,
          29.951828297899322
        ]
      },
      "properties": {
        "id": 42543,
        "obstruction": "Company Vehicle",
        "imageUrl": "https://feed.bikelaneuprising.com/nc/uploads/2024/07/29/d4e47ef83c2f752b23a524dca50f1403e919f9c8/3b4770b1-ee9a-4d0e-b385-3a732f9f7985_file_0_GPOxb",
        "cityKey": "new-orleans-la",
        "cityLabel": "New Orleans, LA",
        "date": "2022-05-11 00:00:00",
        "location": "VALID"
      }
    },
    {
      "type": "Feature",
      "geometry": {
        "type": "Point",
        "coordinates": [
          -90.06219137459995,
          29.967598209659123
        ]
      },
      "properties": {
        "id": 42544,
        "obstruction": "Private Owner Vehicle",
        "imageUrl": "https://feed.bikelaneuprising.com/nc/uploads/2024/07/28/d4e47ef83c2f752b23a524dca50f1403e919f9c8/24de31bf-f091-4c49-9ee5-1ce66fcfe318_file_0_tCkwB",
        "cityKey": "new-orleans-la",
        "cityLabel": "New Orleans, LA",
        "date": "2022-05-11 00:00:00",
        "location": "VALID"
      }
    },
    {
      "type": "Feature",
      "geometry": {
        "type": "Point",
        "coordinates": [
          -90.05086071789263,
          29.979087551767968
        ]
      },
      "properties": {
        "id": 42545,
        "obstruction": "Private Owner Vehicle",
        "imageUrl": "https://feed.bikelaneuprising.com/nc/uploads/2024/07/28/d4e47ef83c2f752b23a524dca50f1403e919f9c8/d0434894-bb66-48b6-8a58-d6a194a9e552_file_0_XrL9l",
        "cityKey": "new-orleans-la",
        "cityLabel": "New Orleans, LA",
        "date": "2022-05-11 00:00:00",
        "location": "VALID"
      }
    },
    {
      "type": "Feature",
      "geometry": {
        "type": "Point",
        "coordinates": [
          -90.05842085927725,
          29.978637401592074
        ]
      },
      "properties": {
        "id": 42597,
        "obstruction": "Other  (damaged lane / snow / debris / pedestrian / etc.)",
        "imageUrl": "https://feed.bikelaneuprising.com/nc/uploads/2024/07/29/d4e47ef83c2f752b23a524dca50f1403e919f9c8/58a31241-c199-4297-b4fc-f1c949a1613c_file_0_vuLaG",
        "cityKey": "new-orleans-la",
        "cityLabel": "New Orleans, LA",
        "date": "2022-05-13 00:00:00",
        "location": "VALID"
      }
    },
    {
      "type": "Feature",
      "geometry": {
        "type": "Point",
        "coordinates": [
          -90.06284616887568,
          29.978365567981765
        ]
      },
      "properties": {
        "id": 42598,
        "obstruction": "Company Vehicle",
        "imageUrl": "https://feed.bikelaneuprising.com/nc/uploads/2024/07/28/d4e47ef83c2f752b23a524dca50f1403e919f9c8/50c0e7ad-4d37-4e17-9f27-47b4ee866127_file_0_WssHY",
        "cityKey": "new-orleans-la",
        "cityLabel": "New Orleans, LA",
        "date": "2022-05-13 00:00:00",
        "location": "VALID"
      }
    },
    {
      "type": "Feature",
      "geometry": {
        "type": "Point",
        "coordinates": [
          -90.05624122917652,
          29.968573544028434
        ]
      },
      "properties": {
        "id": 42636,
        "obstruction": "Private Owner Vehicle",
        "imageUrl": "https://feed.bikelaneuprising.com/nc/uploads/2024/07/29/d4e47ef83c2f752b23a524dca50f1403e919f9c8/e426a4b9-16ab-4ad2-a781-bdbe71f37307_file_0_Crxe1",
        "cityKey": "new-orleans-la",
        "cityLabel": "New Orleans, LA",
        "date": "2022-05-15 00:00:00",
        "location": "VALID"
      }
    },
    {
      "type": "Feature",
      "geometry": {
        "type": "Point",
        "coordinates": [
          -90.05606453865767,
          29.968588647403795
        ]
      },
      "properties": {
        "id": 42637,
        "obstruction": "Private Owner Vehicle",
        "imageUrl": "https://feed.bikelaneuprising.com/nc/uploads/2024/07/28/d4e47ef83c2f752b23a524dca50f1403e919f9c8/72c770b2-7d51-4379-8b07-4e62468cdff9_file_0_130Cy",
        "cityKey": "new-orleans-la",
        "cityLabel": "New Orleans, LA",
        "date": "2022-05-15 00:00:00",
        "location": "VALID"
      }
    },
    {
      "type": "Feature",
      "geometry": {
        "type": "Point",
        "coordinates": [
          -90.05630895495413,
          29.968570639532896
        ]
      },
      "properties": {
        "id": 42638,
        "obstruction": "Private Owner Vehicle",
        "imageUrl": "https://feed.bikelaneuprising.com/nc/uploads/2024/07/28/d4e47ef83c2f752b23a524dca50f1403e919f9c8/062a9bf8-ae3d-4879-8743-f73b3d8f64fe_file_0_OC_CB",
        "cityKey": "new-orleans-la",
        "cityLabel": "New Orleans, LA",
        "date": "2022-05-13 00:00:00",
        "location": "VALID"
      }
    },
    {
      "type": "Feature",
      "geometry": {
        "type": "Point",
        "coordinates": [
          -90.05608197301626,
          29.9685961990906
        ]
      },
      "properties": {
        "id": 42639,
        "obstruction": "Private Owner Vehicle",
        "imageUrl": "https://feed.bikelaneuprising.com/nc/uploads/2024/07/29/d4e47ef83c2f752b23a524dca50f1403e919f9c8/d8445526-077c-4db0-b871-772a8a83de24_file_0_P3XLE",
        "cityKey": "new-orleans-la",
        "cityLabel": "New Orleans, LA",
        "date": "2022-05-13 00:00:00",
        "location": "VALID"
      }
    },
    {
      "type": "Feature",
      "geometry": {
        "type": "Point",
        "coordinates": [
          -90.06976794451475,
          29.97605553311279
        ]
      },
      "properties": {
        "id": 42954,
        "obstruction": "Private Owner Vehicle",
        "imageUrl": "https://feed.bikelaneuprising.com/nc/uploads/2024/07/29/d4e47ef83c2f752b23a524dca50f1403e919f9c8/95a128c6-90a1-47f3-ae0b-79983697d124_file_0_yOw9M",
        "cityKey": "new-orleans-la",
        "cityLabel": "New Orleans, LA",
        "date": "2022-05-21 00:00:00",
        "location": "VALID"
      }
    },
    {
      "type": "Feature",
      "geometry": {
        "type": "Point",
        "coordinates": [
          -90.05266584455967,
          29.974463105405064
        ]
      },
      "properties": {
        "id": 42955,
        "obstruction": "Company Vehicle",
        "imageUrl": "https://feed.bikelaneuprising.com/nc/uploads/2024/07/29/d4e47ef83c2f752b23a524dca50f1403e919f9c8/72786115-1ec1-4ca1-a1ce-bcb35fb20c7f_file_0_tLr6q",
        "cityKey": "new-orleans-la",
        "cityLabel": "New Orleans, LA",
        "date": "2022-05-17 00:00:00",
        "location": "VALID"
      }
    },
    {
      "type": "Feature",
      "geometry": {
        "type": "Point",
        "coordinates": [
          -90.05535140633583,
          29.976796992200796
        ]
      },
      "properties": {
        "id": 42956,
        "obstruction": "Private Owner Vehicle",
        "imageUrl": "https://feed.bikelaneuprising.com/nc/uploads/2024/07/29/d4e47ef83c2f752b23a524dca50f1403e919f9c8/ebc0f70a-5e2e-4577-865b-88eb7fd7d2d3_file_0_pq4KV",
        "cityKey": "new-orleans-la",
        "cityLabel": "New Orleans, LA",
        "date": "2022-05-17 00:00:00",
        "location": "VALID"
      }
    },
    {
      "type": "Feature",
      "geometry": {
        "type": "Point",
        "coordinates": [
          -90.05827903747559,
          29.978685030481405
        ]
      },
      "properties": {
        "id": 42957,
        "obstruction": "Company Vehicle",
        "imageUrl": "https://feed.bikelaneuprising.com/nc/uploads/2024/07/29/d4e47ef83c2f752b23a524dca50f1403e919f9c8/fce9b7af-d3a9-49c6-b9cc-8eafa59e4f44_file_0_ENZ_F",
        "cityKey": "new-orleans-la",
        "cityLabel": "New Orleans, LA",
        "date": "2022-05-17 00:00:00",
        "location": "VALID"
      }
    },
    {
      "type": "Feature",
      "geometry": {
        "type": "Point",
        "coordinates": [
          -90.05361568182707,
          29.97895076441417
        ]
      },
      "properties": {
        "id": 42958,
        "obstruction": "Other  (damaged lane / snow / debris / pedestrian / etc.)",
        "imageUrl": "https://feed.bikelaneuprising.com/nc/uploads/2024/07/29/d4e47ef83c2f752b23a524dca50f1403e919f9c8/23e638b4-9ef6-40f3-940a-da413beed3d0_file_0_Ivl7Y",
        "cityKey": "new-orleans-la",
        "cityLabel": "New Orleans, LA",
        "date": "2022-05-16 00:00:00",
        "location": "VALID"
      }
    },
    {
      "type": "Feature",
      "geometry": {
        "type": "Point",
        "coordinates": [
          -90.05676057189703,
          29.978748632438215
        ]
      },
      "properties": {
        "id": 42959,
        "obstruction": "Private Owner Vehicle",
        "imageUrl": "https://feed.bikelaneuprising.com/nc/uploads/2024/07/28/d4e47ef83c2f752b23a524dca50f1403e919f9c8/277e2564-e737-47bd-8d3e-8855da095275_file_0_Wr2Yj",
        "cityKey": "new-orleans-la",
        "cityLabel": "New Orleans, LA",
        "date": "2022-05-16 00:00:00",
        "location": "VALID"
      }
    },
    {
      "type": "Feature",
      "geometry": {
        "type": "Point",
        "coordinates": [
          -90.05631498992443,
          29.96858632380772
        ]
      },
      "properties": {
        "id": 42960,
        "obstruction": "Private Owner Vehicle",
        "imageUrl": "https://feed.bikelaneuprising.com/nc/uploads/2024/07/29/d4e47ef83c2f752b23a524dca50f1403e919f9c8/095dabe1-83ae-4801-a81f-8ef186ba7d73_file_0_RkRht",
        "cityKey": "new-orleans-la",
        "cityLabel": "New Orleans, LA",
        "date": "2022-05-15 00:00:00",
        "location": "VALID"
      }
    },
    {
      "type": "Feature",
      "geometry": {
        "type": "Point",
        "coordinates": [
          -90.05647122859955,
          29.978742243202394
        ]
      },
      "properties": {
        "id": 49806,
        "obstruction": "Private Owner Vehicle",
        "imageUrl": "https://feed.bikelaneuprising.com/nc/uploads/2024/07/29/d4e47ef83c2f752b23a524dca50f1403e919f9c8/06213afc-3f2d-4046-976e-93ca3cff83fe_file_0_WzJ0W",
        "cityKey": "new-orleans-la",
        "cityLabel": "New Orleans, LA",
        "date": "2022-08-17 00:00:00",
        "location": "VALID"
      }
    },
    {
      "type": "Feature",
      "geometry": {
        "type": "Point",
        "coordinates": [
          -90.0526262819767,
          29.97372801845549
        ]
      },
      "properties": {
        "id": 49807,
        "obstruction": "Private Owner Vehicle",
        "imageUrl": "https://feed.bikelaneuprising.com/nc/uploads/2024/07/29/d4e47ef83c2f752b23a524dca50f1403e919f9c8/ccd7f68e-cf60-4254-a539-34945538cd37_file_0_afhlZ",
        "cityKey": "new-orleans-la",
        "cityLabel": "New Orleans, LA",
        "date": "2022-08-14 00:00:00",
        "location": "VALID"
      }
    },
    {
      "type": "Feature",
      "geometry": {
        "type": "Point",
        "coordinates": [
          -90.0532153621316,
          29.978936243452615
        ]
      },
      "properties": {
        "id": 49808,
        "obstruction": "Private Owner Vehicle",
        "imageUrl": "https://feed.bikelaneuprising.com/nc/uploads/2024/07/29/d4e47ef83c2f752b23a524dca50f1403e919f9c8/9b3b5a70-2f67-4c84-94d6-8adc2b6f62a0_file_0_LtpMI",
        "cityKey": "new-orleans-la",
        "cityLabel": "New Orleans, LA",
        "date": "2022-08-14 00:00:00",
        "location": "VALID"
      }
    },
    {
      "type": "Feature",
      "geometry": {
        "type": "Point",
        "coordinates": [
          -90.05643669515848,
          29.968567735037308
        ]
      },
      "properties": {
        "id": 49809,
        "obstruction": "Private Owner Vehicle",
        "imageUrl": "https://feed.bikelaneuprising.com/nc/uploads/2024/07/29/d4e47ef83c2f752b23a524dca50f1403e919f9c8/704590ba-c018-493b-a20f-4fc269343d4c_file_0_9hcnW",
        "cityKey": "new-orleans-la",
        "cityLabel": "New Orleans, LA",
        "date": "2022-08-10 00:00:00",
        "location": "VALID"
      }
    },
    {
      "type": "Feature",
      "geometry": {
        "type": "Point",
        "coordinates": [
          -90.05622949451208,
          29.9685781912211
        ]
      },
      "properties": {
        "id": 49810,
        "obstruction": "Private Owner Vehicle",
        "imageUrl": "https://feed.bikelaneuprising.com/nc/uploads/2024/07/29/d4e47ef83c2f752b23a524dca50f1403e919f9c8/e30c9188-0ac7-40f6-a2f7-4251ba2b101d_file_0_u7237",
        "cityKey": "new-orleans-la",
        "cityLabel": "New Orleans, LA",
        "date": "2022-08-07 00:00:00",
        "location": "VALID"
      }
    },
    {
      "type": "Feature",
      "geometry": {
        "type": "Point",
        "coordinates": [
          -90.05607392638922,
          29.96859707043905
        ]
      },
      "properties": {
        "id": 49811,
        "obstruction": "Private Owner Vehicle",
        "imageUrl": "https://feed.bikelaneuprising.com/nc/uploads/2024/07/29/d4e47ef83c2f752b23a524dca50f1403e919f9c8/a1b86b1f-0681-46ae-ad49-ee967b831957_file_0_jt7Gt",
        "cityKey": "new-orleans-la",
        "cityLabel": "New Orleans, LA",
        "date": "2022-08-07 00:00:00",
        "location": "VALID"
      }
    },
    {
      "type": "Feature",
      "geometry": {
        "type": "Point",
        "coordinates": [
          -90.05200132727623,
          29.97900274943918
        ]
      },
      "properties": {
        "id": 49812,
        "obstruction": "Private Owner Vehicle",
        "imageUrl": "https://feed.bikelaneuprising.com/nc/uploads/2024/07/29/d4e47ef83c2f752b23a524dca50f1403e919f9c8/14e6d24b-b3de-4dfa-bef2-230d5b6e4ecc_file_0_aecA7",
        "cityKey": "new-orleans-la",
        "cityLabel": "New Orleans, LA",
        "date": "2022-08-04 00:00:00",
        "location": "VALID"
      }
    },
    {
      "type": "Feature",
      "geometry": {
        "type": "Point",
        "coordinates": [
          -90.05610208958387,
          29.968586904706743
        ]
      },
      "properties": {
        "id": 49813,
        "obstruction": "Private Owner Vehicle",
        "imageUrl": "https://feed.bikelaneuprising.com/nc/uploads/2024/07/28/d4e47ef83c2f752b23a524dca50f1403e919f9c8/b05337d1-2b00-460d-9cbe-33e6a953e0a3_file_0_FDKx8",
        "cityKey": "new-orleans-la",
        "cityLabel": "New Orleans, LA",
        "date": "2022-08-02 00:00:00",
        "location": "VALID"
      }
    },
    {
      "type": "Feature",
      "geometry": {
        "type": "Point",
        "coordinates": [
          -90.0565329194069,
          29.96855553615481
        ]
      },
      "properties": {
        "id": 49814,
        "obstruction": "Private Owner Vehicle",
        "imageUrl": "https://feed.bikelaneuprising.com/nc/uploads/2024/07/29/d4e47ef83c2f752b23a524dca50f1403e919f9c8/bba88694-ec2a-4280-9257-3d89d3f134fd_file_0_-hr4x",
        "cityKey": "new-orleans-la",
        "cityLabel": "New Orleans, LA",
        "date": "2022-07-30 00:00:00",
        "location": "VALID"
      }
    },
    {
      "type": "Feature",
      "geometry": {
        "type": "Point",
        "coordinates": [
          -90.05616780370474,
          29.96858777605527
        ]
      },
      "properties": {
        "id": 49815,
        "obstruction": "Private Owner Vehicle",
        "imageUrl": "https://feed.bikelaneuprising.com/nc/uploads/2024/07/29/d4e47ef83c2f752b23a524dca50f1403e919f9c8/6395e2bf-b184-41f9-af9e-7fb8fc9eed02_file_0_Sm390",
        "cityKey": "new-orleans-la",
        "cityLabel": "New Orleans, LA",
        "date": "2022-07-19 00:00:00",
        "location": "VALID"
      }
    },
    {
      "type": "Feature",
      "geometry": {
        "type": "Point",
        "coordinates": [
          -90.05590092390776,
          29.9685961990906
        ]
      },
      "properties": {
        "id": 49816,
        "obstruction": "Private Owner Vehicle",
        "imageUrl": "https://feed.bikelaneuprising.com/nc/uploads/2024/07/28/d4e47ef83c2f752b23a524dca50f1403e919f9c8/06f2e2aa-b657-45e0-8bdb-9caff4467fe2_file_0_OhwAJ",
        "cityKey": "new-orleans-la",
        "cityLabel": "New Orleans, LA",
        "date": "2022-07-19 00:00:00",
        "location": "VALID"
      }
    },
    {
      "type": "Feature",
      "geometry": {
        "type": "Point",
        "coordinates": [
          -90.06090626120567,
          29.99762673868733
        ]
      },
      "properties": {
        "id": 49817,
        "obstruction": "Private Owner Vehicle",
        "imageUrl": "https://feed.bikelaneuprising.com/nc/uploads/2024/07/29/d4e47ef83c2f752b23a524dca50f1403e919f9c8/42682ec4-4328-4df0-b167-43f8142a36f1_file_0_sxwyx",
        "cityKey": "new-orleans-la",
        "cityLabel": "New Orleans, LA",
        "date": "2022-07-18 00:00:00",
        "location": "VALID"
      }
    },
    {
      "type": "Feature",
      "geometry": {
        "type": "Point",
        "coordinates": [
          -90.06126433610915,
          29.997212387557212
        ]
      },
      "properties": {
        "id": 49818,
        "obstruction": "Private Owner Vehicle",
        "imageUrl": "https://feed.bikelaneuprising.com/nc/uploads/2024/07/29/d4e47ef83c2f752b23a524dca50f1403e919f9c8/1ad11380-7c29-418d-a2e8-b4a0d833726f_file_0_j7-SD",
        "cityKey": "new-orleans-la",
        "cityLabel": "New Orleans, LA",
        "date": "2022-07-18 00:00:00",
        "location": "VALID"
      }
    },
    {
      "type": "Feature",
      "geometry": {
        "type": "Point",
        "coordinates": [
          -90.06150875240564,
          29.996915052533762
        ]
      },
      "properties": {
        "id": 49819,
        "obstruction": "Private Owner Vehicle",
        "imageUrl": "https://feed.bikelaneuprising.com/nc/uploads/2024/07/28/d4e47ef83c2f752b23a524dca50f1403e919f9c8/179b0b2f-7863-4b4b-9228-51e80adb0d1a_file_0_ibQoS",
        "cityKey": "new-orleans-la",
        "cityLabel": "New Orleans, LA",
        "date": "2022-07-18 00:00:00",
        "location": "VALID"
      }
    },
    {
      "type": "Feature",
      "geometry": {
        "type": "Point",
        "coordinates": [
          -90.06120264530182,
          29.997274525818714
        ]
      },
      "properties": {
        "id": 49820,
        "obstruction": "Private Owner Vehicle",
        "imageUrl": "https://feed.bikelaneuprising.com/nc/uploads/2024/07/29/d4e47ef83c2f752b23a524dca50f1403e919f9c8/2f0b8120-6b7e-4bdd-9bee-4f4854426350_file_0_RmqKV",
        "cityKey": "new-orleans-la",
        "cityLabel": "New Orleans, LA",
        "date": "2022-07-18 00:00:00",
        "location": "VALID"
      }
    },
    {
      "type": "Feature",
      "geometry": {
        "type": "Point",
        "coordinates": [
          -90.06112284958364,
          29.997341890619033
        ]
      },
      "properties": {
        "id": 49821,
        "obstruction": "Private Owner Vehicle",
        "imageUrl": "https://feed.bikelaneuprising.com/nc/uploads/2024/07/29/d4e47ef83c2f752b23a524dca50f1403e919f9c8/dd1ccead-cc7a-42e9-a424-10291ac85f79_file_0_lj61X",
        "cityKey": "new-orleans-la",
        "cityLabel": "New Orleans, LA",
        "date": "2022-07-18 00:00:00",
        "location": "VALID"
      }
    },
    {
      "type": "Feature",
      "geometry": {
        "type": "Point",
        "coordinates": [
          -90.0496383011341,
          29.979138375046755
        ]
      },
      "properties": {
        "id": 49822,
        "obstruction": "Private Owner Vehicle",
        "imageUrl": "https://feed.bikelaneuprising.com/nc/uploads/2024/07/29/d4e47ef83c2f752b23a524dca50f1403e919f9c8/e5dba2a8-5dd8-418d-86cf-dd362bf38840_file_0_ZspKi",
        "cityKey": "new-orleans-la",
        "cityLabel": "New Orleans, LA",
        "date": "2022-07-17 00:00:00",
        "location": "VALID"
      }
    },
    {
      "type": "Feature",
      "geometry": {
        "type": "Point",
        "coordinates": [
          -90.05695402622221,
          29.9682549203633
        ]
      },
      "properties": {
        "id": 49823,
        "obstruction": "Private Owner Vehicle",
        "imageUrl": "https://feed.bikelaneuprising.com/nc/uploads/2024/07/29/d4e47ef83c2f752b23a524dca50f1403e919f9c8/577e3b92-5d41-4861-ba60-0897fcd1e2e7_file_0_nTeTi",
        "cityKey": "new-orleans-la",
        "cityLabel": "New Orleans, LA",
        "date": "2022-07-15 00:00:00",
        "location": "VALID"
      }
    },
    {
      "type": "Feature",
      "geometry": {
        "type": "Point",
        "coordinates": [
          -90.05430098623037,
          29.978874674551978
        ]
      },
      "properties": {
        "id": 50603,
        "obstruction": "Private Owner Vehicle",
        "imageUrl": "https://feed.bikelaneuprising.com/nc/uploads/2024/07/29/d4e47ef83c2f752b23a524dca50f1403e919f9c8/fea25735-40f5-4685-b133-7da34e4ff820_file_0_VDikm",
        "cityKey": "new-orleans-la",
        "cityLabel": "New Orleans, LA",
        "date": "2023-01-13 00:00:00",
        "location": "VALID"
      }
    },
    {
      "type": "Feature",
      "geometry": {
        "type": "Point",
        "coordinates": [
          -90.05443207919598,
          29.978875255390832
        ]
      },
      "properties": {
        "id": 50605,
        "obstruction": "Private Owner Vehicle",
        "imageUrl": "https://feed.bikelaneuprising.com/nc/uploads/2024/07/28/d4e47ef83c2f752b23a524dca50f1403e919f9c8/3d36483a-6ce2-4bf2-919c-b9a4e6924804_file_0_zPjOc",
        "cityKey": "new-orleans-la",
        "cityLabel": "New Orleans, LA",
        "date": "2023-01-11 00:00:00",
        "location": "VALID"
      }
    },
    {
      "type": "Feature",
      "geometry": {
        "type": "Point",
        "coordinates": [
          -90.05435395985842,
          29.978870027840927
        ]
      },
      "properties": {
        "id": 50608,
        "obstruction": "Private Owner Vehicle",
        "imageUrl": "https://feed.bikelaneuprising.com/nc/uploads/2024/07/28/d4e47ef83c2f752b23a524dca50f1403e919f9c8/d99bf76e-0936-4b42-9a92-7161dd80464c_file_0_EOrvA",
        "cityKey": "new-orleans-la",
        "cityLabel": "New Orleans, LA",
        "date": "2023-01-09 00:00:00",
        "location": "VALID"
      }
    },
    {
      "type": "Feature",
      "geometry": {
        "type": "Point",
        "coordinates": [
          -90.0520821288228,
          29.979055315274817
        ]
      },
      "properties": {
        "id": 50610,
        "obstruction": "Private Owner Vehicle",
        "imageUrl": "https://feed.bikelaneuprising.com/nc/uploads/2024/07/29/d4e47ef83c2f752b23a524dca50f1403e919f9c8/1e17dc41-0bd6-4b0a-9454-7cac46290266_file_0_Bb9lc",
        "cityKey": "new-orleans-la",
        "cityLabel": "New Orleans, LA",
        "date": "2023-01-07 00:00:00",
        "location": "VALID"
      }
    },
    {
      "type": "Feature",
      "geometry": {
        "type": "Point",
        "coordinates": [
          -90.05436301231384,
          29.978852312253128
        ]
      },
      "properties": {
        "id": 50612,
        "obstruction": "Private Owner Vehicle",
        "imageUrl": "https://feed.bikelaneuprising.com/nc/uploads/2024/07/29/d4e47ef83c2f752b23a524dca50f1403e919f9c8/6d509260-64e1-4a62-a872-fdff577dcb9e_file_0_gi1d5",
        "cityKey": "new-orleans-la",
        "cityLabel": "New Orleans, LA",
        "date": "2023-01-07 00:00:00",
        "location": "VALID"
      }
    },
    {
      "type": "Feature",
      "geometry": {
        "type": "Point",
        "coordinates": [
          -90.05446560680865,
          29.9788691565826
        ]
      },
      "properties": {
        "id": 50613,
        "obstruction": "Private Owner Vehicle",
        "imageUrl": "https://feed.bikelaneuprising.com/nc/uploads/2024/07/29/d4e47ef83c2f752b23a524dca50f1403e919f9c8/1b6014ce-94fd-4313-bdd7-396623bfc15f_file_0_fFhpW",
        "cityKey": "new-orleans-la",
        "cityLabel": "New Orleans, LA",
        "date": "2023-01-07 00:00:00",
        "location": "VALID"
      }
    },
    {
      "type": "Feature",
      "geometry": {
        "type": "Point",
        "coordinates": [
          -90.05441833287477,
          29.978863057773985
        ]
      },
      "properties": {
        "id": 50615,
        "obstruction": "Private Owner Vehicle",
        "imageUrl": "https://feed.bikelaneuprising.com/nc/uploads/2024/07/29/d4e47ef83c2f752b23a524dca50f1403e919f9c8/e5373d17-4712-426a-9c0d-73cfc2e72839_file_0_YUiRm",
        "cityKey": "new-orleans-la",
        "cityLabel": "New Orleans, LA",
        "date": "2023-01-07 00:00:00",
        "location": "VALID"
      }
    },
    {
      "type": "Feature",
      "geometry": {
        "type": "Point",
        "coordinates": [
          -90.05429562181234,
          29.97887206077703
        ]
      },
      "properties": {
        "id": 50616,
        "obstruction": "Private Owner Vehicle",
        "imageUrl": "https://feed.bikelaneuprising.com/nc/uploads/2024/07/29/d4e47ef83c2f752b23a524dca50f1403e919f9c8/92f87db0-3042-4180-bcc8-85bc6f72f8e8_file_0_MG0Pc.jpeg",
        "cityKey": "new-orleans-la",
        "cityLabel": "New Orleans, LA",
        "date": "2022-11-23 00:00:00",
        "location": "VALID"
      }
    },
    {
      "type": "Feature",
      "geometry": {
        "type": "Point",
        "coordinates": [
          -90.04996016621588,
          29.97815791680604
        ]
      },
      "properties": {
        "id": 50618,
        "obstruction": "Private Owner Vehicle",
        "imageUrl": "https://feed.bikelaneuprising.com/nc/uploads/2024/07/29/d4e47ef83c2f752b23a524dca50f1403e919f9c8/30c98f01-ba28-47d1-9820-ebe7483c21f3_file_0_uFRbf",
        "cityKey": "new-orleans-la",
        "cityLabel": "New Orleans, LA",
        "date": "",
        "location": "VALID"
      }
    },
    {
      "type": "Feature",
      "geometry": {
        "type": "Point",
        "coordinates": [
          -90.0544833764434,
          29.978874093713102
        ]
      },
      "properties": {
        "id": 50620,
        "obstruction": "Private Owner Vehicle",
        "imageUrl": "https://feed.bikelaneuprising.com/nc/uploads/2024/07/29/d4e47ef83c2f752b23a524dca50f1403e919f9c8/548f63f0-f55f-4457-aa40-0b1b78b7ee00_file_0_GR7SE",
        "cityKey": "new-orleans-la",
        "cityLabel": "New Orleans, LA",
        "date": "",
        "location": "VALID"
      }
    },
    {
      "type": "Feature",
      "geometry": {
        "type": "Point",
        "coordinates": [
          -90.05576614290476,
          29.978828788271002
        ]
      },
      "properties": {
        "id": 50622,
        "obstruction": "Private Owner Vehicle",
        "imageUrl": "https://feed.bikelaneuprising.com/nc/uploads/2024/07/29/d4e47ef83c2f752b23a524dca50f1403e919f9c8/9c29f09d-bde2-4692-813e-4b03e48c1fb1_file_0_QHbE3",
        "cityKey": "new-orleans-la",
        "cityLabel": "New Orleans, LA",
        "date": "",
        "location": "VALID"
      }
    },
    {
      "type": "Feature",
      "geometry": {
        "type": "Point",
        "coordinates": [
          -90.06172567605972,
          29.97841348742222
        ]
      },
      "properties": {
        "id": 50625,
        "obstruction": "Private Owner Vehicle",
        "imageUrl": "https://feed.bikelaneuprising.com/nc/uploads/2024/07/29/d4e47ef83c2f752b23a524dca50f1403e919f9c8/9decac53-6d56-4279-8180-a5932ecf0d48_file_0_UBwPn",
        "cityKey": "new-orleans-la",
        "cityLabel": "New Orleans, LA",
        "date": "",
        "location": "VALID"
      }
    },
    {
      "type": "Feature",
      "geometry": {
        "type": "Point",
        "coordinates": [
          -90.0618128478527,
          29.9784529846406
        ]
      },
      "properties": {
        "id": 50627,
        "obstruction": "Private Owner Vehicle",
        "imageUrl": "https://feed.bikelaneuprising.com/nc/uploads/2024/07/29/d4e47ef83c2f752b23a524dca50f1403e919f9c8/e7f72447-1cf9-4ea0-963d-b2d14beb03df_file_0_s6-fK",
        "cityKey": "new-orleans-la",
        "cityLabel": "New Orleans, LA",
        "date": "",
        "location": "VALID"
      }
    },
    {
      "type": "Feature",
      "geometry": {
        "type": "Point",
        "coordinates": [
          -90.05330085754393,
          29.97893130632519
        ]
      },
      "properties": {
        "id": 50628,
        "obstruction": "Private Owner Vehicle",
        "imageUrl": "https://feed.bikelaneuprising.com/nc/uploads/2024/07/29/d4e47ef83c2f752b23a524dca50f1403e919f9c8/4589059d-651a-4363-a633-8dd642d1ca00_file_0_f3Ozu",
        "cityKey": "new-orleans-la",
        "cityLabel": "New Orleans, LA",
        "date": "",
        "location": "VALID"
      }
    },
    {
      "type": "Feature",
      "geometry": {
        "type": "Point",
        "coordinates": [
          -90.05427718162537,
          29.978865961968616
        ]
      },
      "properties": {
        "id": 50629,
        "obstruction": "Private Owner Vehicle",
        "imageUrl": "https://feed.bikelaneuprising.com/nc/uploads/2024/07/29/d4e47ef83c2f752b23a524dca50f1403e919f9c8/b32d1275-8d91-4816-a2f7-73b2faa4430e_file_0_JMztL",
        "cityKey": "new-orleans-la",
        "cityLabel": "New Orleans, LA",
        "date": "",
        "location": "VALID"
      }
    },
    {
      "type": "Feature",
      "geometry": {
        "type": "Point",
        "coordinates": [
          -90.05089458078145,
          29.979073611664116
        ]
      },
      "properties": {
        "id": 50630,
        "obstruction": "Private Owner Vehicle",
        "imageUrl": "https://feed.bikelaneuprising.com/nc/uploads/2024/07/29/d4e47ef83c2f752b23a524dca50f1403e919f9c8/1cd1f65a-c176-4a39-a39b-efd8fe7b0ced_file_0_am5aO",
        "cityKey": "new-orleans-la",
        "cityLabel": "New Orleans, LA",
        "date": "",
        "location": "VALID"
      }
    },
    {
      "type": "Feature",
      "geometry": {
        "type": "Point",
        "coordinates": [
          -90.05625128746033,
          29.968588647403795
        ]
      },
      "properties": {
        "id": 50631,
        "obstruction": "Private Owner Vehicle",
        "imageUrl": "https://feed.bikelaneuprising.com/nc/uploads/2024/07/29/d4e47ef83c2f752b23a524dca50f1403e919f9c8/bee0cd19-1baf-4a07-969f-8c349fde8765_file_0_o3Z-C",
        "cityKey": "new-orleans-la",
        "cityLabel": "New Orleans, LA",
        "date": "",
        "location": "VALID"
      }
    },
    {
      "type": "Feature",
      "geometry": {
        "type": "Point",
        "coordinates": [
          -90.05334042012691,
          29.97893682429111
        ]
      },
      "properties": {
        "id": 50632,
        "obstruction": "Private Owner Vehicle",
        "imageUrl": "https://feed.bikelaneuprising.com/nc/uploads/2024/07/29/d4e47ef83c2f752b23a524dca50f1403e919f9c8/99527a7a-7efd-4a63-93f6-32bc48f93aee_file_0_uOZCL",
        "cityKey": "new-orleans-la",
        "cityLabel": "New Orleans, LA",
        "date": "",
        "location": "VALID"
      }
    },
    {
      "type": "Feature",
      "geometry": {
        "type": "Point",
        "coordinates": [
          -90.05343027412891,
          29.978912719490364
        ]
      },
      "properties": {
        "id": 50633,
        "obstruction": "Private Owner Vehicle",
        "imageUrl": "https://feed.bikelaneuprising.com/nc/uploads/2024/07/29/d4e47ef83c2f752b23a524dca50f1403e919f9c8/d249d721-a894-4c45-8dd0-157ba83695c5_file_0_HY2uH",
        "cityKey": "new-orleans-la",
        "cityLabel": "New Orleans, LA",
        "date": "",
        "location": "VALID"
      }
    },
    {
      "type": "Feature",
      "geometry": {
        "type": "Point",
        "coordinates": [
          -90.05434691905975,
          29.978870608679824
        ]
      },
      "properties": {
        "id": 50634,
        "obstruction": "Private Owner Vehicle",
        "imageUrl": "https://feed.bikelaneuprising.com/nc/uploads/2024/07/29/d4e47ef83c2f752b23a524dca50f1403e919f9c8/5cb06870-4097-4ee5-8a6a-cef6605ec60a_file_0_pNV23",
        "cityKey": "new-orleans-la",
        "cityLabel": "New Orleans, LA",
        "date": "",
        "location": "VALID"
      }
    },
    {
      "type": "Feature",
      "geometry": {
        "type": "Point",
        "coordinates": [
          -90.05433350801468,
          29.978870027840927
        ]
      },
      "properties": {
        "id": 50635,
        "obstruction": "Private Owner Vehicle",
        "imageUrl": "https://feed.bikelaneuprising.com/nc/uploads/2024/07/28/d4e47ef83c2f752b23a524dca50f1403e919f9c8/ab9904e9-6239-42b2-a8f4-b9458f18eead_file_0_g_qpn",
        "cityKey": "new-orleans-la",
        "cityLabel": "New Orleans, LA",
        "date": "",
        "location": "VALID"
      }
    },
    {
      "type": "Feature",
      "geometry": {
        "type": "Point",
        "coordinates": [
          -90.05447398871183,
          29.978850279316617
        ]
      },
      "properties": {
        "id": 50636,
        "obstruction": "Private Owner Vehicle",
        "imageUrl": "https://feed.bikelaneuprising.com/nc/uploads/2024/07/29/d4e47ef83c2f752b23a524dca50f1403e919f9c8/0ef4c4f4-ca54-41ca-a094-46277621d283_file_0_CYOQW",
        "cityKey": "new-orleans-la",
        "cityLabel": "New Orleans, LA",
        "date": "",
        "location": "VALID"
      }
    },
    {
      "type": "Feature",
      "geometry": {
        "type": "Point",
        "coordinates": [
          -90.05334880203009,
          29.978932468002252
        ]
      },
      "properties": {
        "id": 50637,
        "obstruction": "Private Owner Vehicle",
        "imageUrl": "https://feed.bikelaneuprising.com/nc/uploads/2024/07/29/d4e47ef83c2f752b23a524dca50f1403e919f9c8/a64df020-3727-4d80-9e07-1dd3103ad803_file_0_LyMmz",
        "cityKey": "new-orleans-la",
        "cityLabel": "New Orleans, LA",
        "date": "",
        "location": "VALID"
      }
    },
    {
      "type": "Feature",
      "geometry": {
        "type": "Point",
        "coordinates": [
          -90.054479688406,
          29.978860443998755
        ]
      },
      "properties": {
        "id": 50639,
        "obstruction": "Private Owner Vehicle",
        "imageUrl": "https://feed.bikelaneuprising.com/nc/uploads/2024/07/29/d4e47ef83c2f752b23a524dca50f1403e919f9c8/464f2fe4-4061-4958-a225-828ee5539a9e_file_0_pzOLP",
        "cityKey": "new-orleans-la",
        "cityLabel": "New Orleans, LA",
        "date": "",
        "location": "VALID"
      }
    },
    {
      "type": "Feature",
      "geometry": {
        "type": "Point",
        "coordinates": [
          -90.05433149635792,
          29.978870608679824
        ]
      },
      "properties": {
        "id": 50640,
        "obstruction": "Private Owner Vehicle",
        "imageUrl": "https://feed.bikelaneuprising.com/nc/uploads/2024/07/29/d4e47ef83c2f752b23a524dca50f1403e919f9c8/0fbd5bcf-ed44-42e3-abd6-7c836aef2954_file_0_HktIF",
        "cityKey": "new-orleans-la",
        "cityLabel": "New Orleans, LA",
        "date": "",
        "location": "VALID"
      }
    },
    {
      "type": "Feature",
      "geometry": {
        "type": "Point",
        "coordinates": [
          -90.05329515784979,
          29.978928692551765
        ]
      },
      "properties": {
        "id": 50641,
        "obstruction": "Private Owner Vehicle",
        "imageUrl": "https://feed.bikelaneuprising.com/nc/uploads/2024/07/29/d4e47ef83c2f752b23a524dca50f1403e919f9c8/a69f1e62-ce69-4279-952a-ee25e0dff6f6_file_0_rzB8n",
        "cityKey": "new-orleans-la",
        "cityLabel": "New Orleans, LA",
        "date": "",
        "location": "VALID"
      }
    },
    {
      "type": "Feature",
      "geometry": {
        "type": "Point",
        "coordinates": [
          -90.04894897341728,
          29.979198201273032
        ]
      },
      "properties": {
        "id": 50642,
        "obstruction": "Private Owner Vehicle",
        "imageUrl": "https://feed.bikelaneuprising.com/nc/uploads/2024/07/29/d4e47ef83c2f752b23a524dca50f1403e919f9c8/c70e80d9-c69c-413a-8fe7-eb9e78a634dd_file_0_bZSG8",
        "cityKey": "new-orleans-la",
        "cityLabel": "New Orleans, LA",
        "date": "",
        "location": "VALID"
      }
    },
    {
      "type": "Feature",
      "geometry": {
        "type": "Point",
        "coordinates": [
          -90.0541876628995,
          29.978879902101603
        ]
      },
      "properties": {
        "id": 50881,
        "obstruction": "Private Owner Vehicle",
        "imageUrl": "https://feed.bikelaneuprising.com/nc/uploads/2024/07/29/d4e47ef83c2f752b23a524dca50f1403e919f9c8/b52f412d-c246-4d1d-9c6e-d1a860430350_file_0_XDcDS",
        "cityKey": "new-orleans-la",
        "cityLabel": "New Orleans, LA",
        "date": "2023-01-18 00:00:00",
        "location": "VALID"
      }
    },
    {
      "type": "Feature",
      "geometry": {
        "type": "Point",
        "coordinates": [
          -90.05417291074991,
          29.978889485941913
        ]
      },
      "properties": {
        "id": 50882,
        "obstruction": "Private Owner Vehicle",
        "imageUrl": "https://feed.bikelaneuprising.com/nc/uploads/2024/07/28/d4e47ef83c2f752b23a524dca50f1403e919f9c8/7fc931fb-1b29-4143-bafa-915e88eead18_file_0_lsTpH",
        "cityKey": "new-orleans-la",
        "cityLabel": "New Orleans, LA",
        "date": "2023-01-18 00:00:00",
        "location": "VALID"
      }
    },
    {
      "type": "Feature",
      "geometry": {
        "type": "Point",
        "coordinates": [
          -90.05408439785242,
          29.977862848094894
        ]
      },
      "properties": {
        "id": 50883,
        "obstruction": "Private Owner Vehicle",
        "imageUrl": "https://feed.bikelaneuprising.com/nc/uploads/2024/07/29/d4e47ef83c2f752b23a524dca50f1403e919f9c8/e2cb2df8-9243-48a8-b07c-1fd49bf4969e_file_0_TvMJf",
        "cityKey": "new-orleans-la",
        "cityLabel": "New Orleans, LA",
        "date": "2023-01-18 00:00:00",
        "location": "VALID"
      }
    },
    {
      "type": "Feature",
      "geometry": {
        "type": "Point",
        "coordinates": [
          -90.05003057420254,
          29.97913547086011
        ]
      },
      "properties": {
        "id": 50884,
        "obstruction": "Private Owner Vehicle",
        "imageUrl": "https://feed.bikelaneuprising.com/nc/uploads/2024/07/29/d4e47ef83c2f752b23a524dca50f1403e919f9c8/50feee79-7d39-474e-b269-3d5012940c81_file_0_SCBc0",
        "cityKey": "new-orleans-la",
        "cityLabel": "New Orleans, LA",
        "date": "",
        "location": "VALID"
      }
    },
    {
      "type": "Feature",
      "geometry": {
        "type": "Point",
        "coordinates": [
          -90.053374953568,
          29.97892665961681
        ]
      },
      "properties": {
        "id": 50886,
        "obstruction": "Private Owner Vehicle",
        "imageUrl": "https://feed.bikelaneuprising.com/nc/uploads/2024/07/28/d4e47ef83c2f752b23a524dca50f1403e919f9c8/8b4fa646-891d-44fd-a309-60bec77ba02e_file_0_j5yF2",
        "cityKey": "new-orleans-la",
        "cityLabel": "New Orleans, LA",
        "date": "",
        "location": "VALID"
      }
    },
    {
      "type": "Feature",
      "geometry": {
        "type": "Point",
        "coordinates": [
          -90.05334511399269,
          29.978915914102842
        ]
      },
      "properties": {
        "id": 50887,
        "obstruction": "Private Owner Vehicle",
        "imageUrl": "https://feed.bikelaneuprising.com/nc/uploads/2024/07/29/d4e47ef83c2f752b23a524dca50f1403e919f9c8/9df62ae0-171b-46a9-96e0-c13977623171_file_0_o0GbA",
        "cityKey": "new-orleans-la",
        "cityLabel": "New Orleans, LA",
        "date": "",
        "location": "VALID"
      }
    },
    {
      "type": "Feature",
      "geometry": {
        "type": "Point",
        "coordinates": [
          -90.05422990769148,
          29.978872932035355
        ]
      },
      "properties": {
        "id": 50888,
        "obstruction": "Private Owner Vehicle",
        "imageUrl": "https://feed.bikelaneuprising.com/nc/uploads/2024/07/29/d4e47ef83c2f752b23a524dca50f1403e919f9c8/a569052d-be55-4f1e-b3c0-8b31ee7b0b35_file_0_D_Tnh",
        "cityKey": "new-orleans-la",
        "cityLabel": "New Orleans, LA",
        "date": "",
        "location": "VALID"
      }
    },
    {
      "type": "Feature",
      "geometry": {
        "type": "Point",
        "coordinates": [
          -90.05662847310306,
          29.968267409733112
        ]
      },
      "properties": {
        "id": 50889,
        "obstruction": "Private Owner Vehicle",
        "imageUrl": "https://feed.bikelaneuprising.com/nc/uploads/2024/07/29/d4e47ef83c2f752b23a524dca50f1403e919f9c8/ddc71fae-5c20-4a1e-b299-744ac2f8dcfe_file_0_cUy45",
        "cityKey": "new-orleans-la",
        "cityLabel": "New Orleans, LA",
        "date": "",
        "location": "VALID"
      }
    },
    {
      "type": "Feature",
      "geometry": {
        "type": "Point",
        "coordinates": [
          -90.05423963069916,
          29.97886683322697
        ]
      },
      "properties": {
        "id": 50890,
        "obstruction": "Private Owner Vehicle",
        "imageUrl": "https://feed.bikelaneuprising.com/nc/uploads/2024/07/29/d4e47ef83c2f752b23a524dca50f1403e919f9c8/92470807-e998-404a-b63a-b6f25000a40a_file_0_a9Uui",
        "cityKey": "new-orleans-la",
        "cityLabel": "New Orleans, LA",
        "date": "",
        "location": "VALID"
      }
    },
    {
      "type": "Feature",
      "geometry": {
        "type": "Point",
        "coordinates": [
          -90.0561872497201,
          29.968591551898776
        ]
      },
      "properties": {
        "id": 50891,
        "obstruction": "Private Owner Vehicle",
        "imageUrl": "https://feed.bikelaneuprising.com/nc/uploads/2024/07/29/d4e47ef83c2f752b23a524dca50f1403e919f9c8/a9e9395e-c98b-4f71-b2ae-c89200c1e135_file_0_AEWrE",
        "cityKey": "new-orleans-la",
        "cityLabel": "New Orleans, LA",
        "date": "",
        "location": "VALID"
      }
    },
    {
      "type": "Feature",
      "geometry": {
        "type": "Point",
        "coordinates": [
          -90.05102165043354,
          29.979074773339498
        ]
      },
      "properties": {
        "id": 50892,
        "obstruction": "Private Owner Vehicle",
        "imageUrl": "https://feed.bikelaneuprising.com/nc/uploads/2024/07/29/d4e47ef83c2f752b23a524dca50f1403e919f9c8/a1b62942-2f7e-4c7f-a8e8-275e9602d070_file_0_hyNts",
        "cityKey": "new-orleans-la",
        "cityLabel": "New Orleans, LA",
        "date": "",
        "location": "VALID"
      }
    },
    {
      "type": "Feature",
      "geometry": {
        "type": "Point",
        "coordinates": [
          -90.05423124879599,
          29.9788674140659
        ]
      },
      "properties": {
        "id": 50893,
        "obstruction": "Private Owner Vehicle",
        "imageUrl": "https://feed.bikelaneuprising.com/nc/uploads/2024/07/29/d4e47ef83c2f752b23a524dca50f1403e919f9c8/86818c0f-059e-4e7c-a100-af373eb4a9cb_file_0_wPLU9",
        "cityKey": "new-orleans-la",
        "cityLabel": "New Orleans, LA",
        "date": "",
        "location": "VALID"
      }
    },
    {
      "type": "Feature",
      "geometry": {
        "type": "Point",
        "coordinates": [
          -90.04969898611307,
          29.979124434950027
        ]
      },
      "properties": {
        "id": 50894,
        "obstruction": "Private Owner Vehicle",
        "imageUrl": "https://feed.bikelaneuprising.com/nc/uploads/2024/07/29/d4e47ef83c2f752b23a524dca50f1403e919f9c8/a1b4bc19-742a-4fae-b7c7-197af252f324_file_0_oLRao",
        "cityKey": "new-orleans-la",
        "cityLabel": "New Orleans, LA",
        "date": "",
        "location": "VALID"
      }
    },
    {
      "type": "Feature",
      "geometry": {
        "type": "Point",
        "coordinates": [
          -90.05094788968565,
          29.979090165537215
        ]
      },
      "properties": {
        "id": 50895,
        "obstruction": "Private Owner Vehicle",
        "imageUrl": "https://feed.bikelaneuprising.com/nc/uploads/2024/07/29/d4e47ef83c2f752b23a524dca50f1403e919f9c8/651bc042-3c8a-4913-8515-0ca8c7c37087_file_0_FvB2F",
        "cityKey": "new-orleans-la",
        "cityLabel": "New Orleans, LA",
        "date": "",
        "location": "VALID"
      }
    },
    {
      "type": "Feature",
      "geometry": {
        "type": "Point",
        "coordinates": [
          -90.0544984638691,
          29.97886015357928
        ]
      },
      "properties": {
        "id": 50896,
        "obstruction": "Private Owner Vehicle",
        "imageUrl": "https://feed.bikelaneuprising.com/nc/uploads/2024/07/29/d4e47ef83c2f752b23a524dca50f1403e919f9c8/a0ec3358-5fcd-4725-8a7a-1581f4a8c099_file_0_77Awc",
        "cityKey": "new-orleans-la",
        "cityLabel": "New Orleans, LA",
        "date": "",
        "location": "VALID"
      }
    },
    {
      "type": "Feature",
      "geometry": {
        "type": "Point",
        "coordinates": [
          -90.04755187779665,
          29.968315334044647
        ]
      },
      "properties": {
        "id": 50897,
        "obstruction": "Company Vehicle",
        "imageUrl": "https://feed.bikelaneuprising.com/nc/uploads/2024/07/29/d4e47ef83c2f752b23a524dca50f1403e919f9c8/80bc14ba-b125-4836-9e5e-a0fb60a77e34_file_0_jmix2",
        "cityKey": "new-orleans-la",
        "cityLabel": "New Orleans, LA",
        "date": "",
        "location": "VALID"
      }
    },
    {
      "type": "Feature",
      "geometry": {
        "type": "Point",
        "coordinates": [
          -90.0539368763566,
          29.97889093803886
        ]
      },
      "properties": {
        "id": 50898,
        "obstruction": "Private Owner Vehicle",
        "imageUrl": "https://feed.bikelaneuprising.com/nc/uploads/2024/07/29/d4e47ef83c2f752b23a524dca50f1403e919f9c8/683f671e-8936-4304-8a67-6ec57e940135_file_0_y7BHQ",
        "cityKey": "new-orleans-la",
        "cityLabel": "New Orleans, LA",
        "date": "",
        "location": "VALID"
      }
    },
    {
      "type": "Feature",
      "geometry": {
        "type": "Point",
        "coordinates": [
          -90.06291087716818,
          29.978377765659726
        ]
      },
      "properties": {
        "id": 50899,
        "obstruction": "Private Owner Vehicle",
        "imageUrl": "https://feed.bikelaneuprising.com/nc/uploads/2024/07/29/d4e47ef83c2f752b23a524dca50f1403e919f9c8/1f41530a-9beb-4301-9b6f-0743f43f6757_file_0_hN1w9",
        "cityKey": "new-orleans-la",
        "cityLabel": "New Orleans, LA",
        "date": "",
        "location": "VALID"
      }
    },
    {
      "type": "Feature",
      "geometry": {
        "type": "Point",
        "coordinates": [
          -90.05215387791395,
          29.979005653629738
        ]
      },
      "properties": {
        "id": 50903,
        "obstruction": "Private Owner Vehicle",
        "imageUrl": "https://feed.bikelaneuprising.com/nc/uploads/2024/07/29/d4e47ef83c2f752b23a524dca50f1403e919f9c8/1872b654-edf1-4ca3-9762-f50db69eeaf5_file_0_POKhp",
        "cityKey": "new-orleans-la",
        "cityLabel": "New Orleans, LA",
        "date": "",
        "location": "VALID"
      }
    },
    {
      "type": "Feature",
      "geometry": {
        "type": "Point",
        "coordinates": [
          -90.05342222750188,
          29.978931596744467
        ]
      },
      "properties": {
        "id": 54727,
        "obstruction": "Private Owner Vehicle",
        "imageUrl": "https://feed.bikelaneuprising.com/nc/uploads/2024/07/29/d4e47ef83c2f752b23a524dca50f1403e919f9c8/f1075cc2-6046-40e8-867a-6c1f89415f2c_file_0_IFoSe",
        "cityKey": "new-orleans-la",
        "cityLabel": "New Orleans, LA",
        "date": "2023-04-18 00:00:00",
        "location": "VALID"
      }
    },
    {
      "type": "Feature",
      "geometry": {
        "type": "Point",
        "coordinates": [
          -90.04989176988602,
          29.979145925931675
        ]
      },
      "properties": {
        "id": 54728,
        "obstruction": "Private Owner Vehicle",
        "imageUrl": "https://feed.bikelaneuprising.com/nc/uploads/2024/07/29/d4e47ef83c2f752b23a524dca50f1403e919f9c8/2ffa0985-e0c5-4693-afcf-2fd71d1587d9_file_0_XRoQq",
        "cityKey": "new-orleans-la",
        "cityLabel": "New Orleans, LA",
        "date": "2023-04-06 00:00:00",
        "location": "VALID"
      }
    },
    {
      "type": "Feature",
      "geometry": {
        "type": "Point",
        "coordinates": [
          -90.04992730915546,
          29.979143602582536
        ]
      },
      "properties": {
        "id": 54729,
        "obstruction": "Private Owner Vehicle",
        "imageUrl": "https://feed.bikelaneuprising.com/nc/uploads/2024/07/29/d4e47ef83c2f752b23a524dca50f1403e919f9c8/5aeb2cb9-90b6-4b88-a61e-039ccd2e4d96_file_0_BDfAK",
        "cityKey": "new-orleans-la",
        "cityLabel": "New Orleans, LA",
        "date": "2023-04-06 00:00:00",
        "location": "VALID"
      }
    },
    {
      "type": "Feature",
      "geometry": {
        "type": "Point",
        "coordinates": [
          -90.05587577819824,
          29.97881804274645
        ]
      },
      "properties": {
        "id": 54730,
        "obstruction": "Private Owner Vehicle",
        "imageUrl": "https://feed.bikelaneuprising.com/nc/uploads/2024/07/29/d4e47ef83c2f752b23a524dca50f1403e919f9c8/39ac76bf-0e2a-40b2-85f9-261ef792c8e0_file_0_aovhh",
        "cityKey": "new-orleans-la",
        "cityLabel": "New Orleans, LA",
        "date": "2023-04-06 00:00:00",
        "location": "VALID"
      }
    },
    {
      "type": "Feature",
      "geometry": {
        "type": "Point",
        "coordinates": [
          -90.06384193897247,
          29.965772699563427
        ]
      },
      "properties": {
        "id": 54731,
        "obstruction": "Company Vehicle",
        "imageUrl": "https://feed.bikelaneuprising.com/nc/uploads/2024/07/29/d4e47ef83c2f752b23a524dca50f1403e919f9c8/31992674-eb0a-4d72-b980-56faaf3f3170_file_0_ra9Nx",
        "cityKey": "new-orleans-la",
        "cityLabel": "New Orleans, LA",
        "date": "2023-04-03 00:00:00",
        "location": "VALID"
      }
    },
    {
      "type": "Feature",
      "geometry": {
        "type": "Point",
        "coordinates": [
          -90.05433954298496,
          29.978868866163147
        ]
      },
      "properties": {
        "id": 54732,
        "obstruction": "Private Owner Vehicle",
        "imageUrl": "https://feed.bikelaneuprising.com/nc/uploads/2024/07/29/d4e47ef83c2f752b23a524dca50f1403e919f9c8/8267c2ff-8fe3-4763-9a83-dec52b0f51bf_file_0_M5XON",
        "cityKey": "new-orleans-la",
        "cityLabel": "New Orleans, LA",
        "date": "2023-02-06 00:00:00",
        "location": "VALID"
      }
    },
    {
      "type": "Feature",
      "geometry": {
        "type": "Point",
        "coordinates": [
          -90.05430366843939,
          29.978867704485346
        ]
      },
      "properties": {
        "id": 54733,
        "obstruction": "Private Owner Vehicle",
        "imageUrl": "https://feed.bikelaneuprising.com/nc/uploads/2024/07/29/d4e47ef83c2f752b23a524dca50f1403e919f9c8/9a3b4643-32a6-46dd-9917-a62db18cd12a_file_0_MGYdd",
        "cityKey": "new-orleans-la",
        "cityLabel": "New Orleans, LA",
        "date": "2023-02-06 00:00:00",
        "location": "VALID"
      }
    },
    {
      "type": "Feature",
      "geometry": {
        "type": "Point",
        "coordinates": [
          -90.0759195,
          29.950663333333335
        ]
      },
      "properties": {
        "id": 54780,
        "obstruction": "Private Owner Vehicle",
        "imageUrl": "https://feed.bikelaneuprising.com/nc/uploads/2024/07/29/d4e47ef83c2f752b23a524dca50f1403e919f9c8/054a629d-f1de-45f1-8b15-61a3044740f8_file_0_nK9VM",
        "cityKey": "new-orleans-la",
        "cityLabel": "New Orleans, LA",
        "date": "2023-05-01 00:00:00",
        "location": "VALID"
      }
    },
    {
      "type": "Feature",
      "geometry": {
        "type": "Point",
        "coordinates": [
          -90.05642783333333,
          29.964261666666665
        ]
      },
      "properties": {
        "id": 54781,
        "obstruction": "Private Owner Vehicle",
        "imageUrl": "https://feed.bikelaneuprising.com/nc/uploads/2024/07/29/d4e47ef83c2f752b23a524dca50f1403e919f9c8/8be7ad28-3568-41a0-bf40-5dd9277583ac_file_0_94OGV",
        "cityKey": "new-orleans-la",
        "cityLabel": "New Orleans, LA",
        "date": "2023-03-15 00:00:00",
        "location": "VALID"
      }
    },
    {
      "type": "Feature",
      "geometry": {
        "type": "Point",
        "coordinates": [
          -90.05623616666666,
          29.962766666666667
        ]
      },
      "properties": {
        "id": 54782,
        "obstruction": "Taxi / Uber / Livery / Lyft",
        "imageUrl": "https://feed.bikelaneuprising.com/nc/uploads/2024/07/29/d4e47ef83c2f752b23a524dca50f1403e919f9c8/b8a506b8-83e7-4927-b280-35d7b5f11522_file_0_z3jwg",
        "cityKey": "new-orleans-la",
        "cityLabel": "New Orleans, LA",
        "date": "2023-03-27 00:00:00",
        "location": "VALID"
      }
    },
    {
      "type": "Feature",
      "geometry": {
        "type": "Point",
        "coordinates": [
          -90.073625,
          29.94823
        ]
      },
      "properties": {
        "id": 54783,
        "obstruction": "Company Vehicle",
        "imageUrl": "https://feed.bikelaneuprising.com/nc/uploads/2024/07/29/d4e47ef83c2f752b23a524dca50f1403e919f9c8/02a6f174-c6ba-4280-84e9-2bac1d81b40d_file_0_sYQon",
        "cityKey": "new-orleans-la",
        "cityLabel": "New Orleans, LA",
        "date": "2023-05-01 00:00:00",
        "location": "VALID"
      }
    },
    {
      "type": "Feature",
      "geometry": {
        "type": "Point",
        "coordinates": [
          -90.05628333333334,
          29.9644
        ]
      },
      "properties": {
        "id": 54784,
        "obstruction": "Municipal (city) Vehicle - includes USPS",
        "imageUrl": "https://feed.bikelaneuprising.com/nc/uploads/2024/07/29/d4e47ef83c2f752b23a524dca50f1403e919f9c8/7cff41a7-ef97-4723-838c-479fef00332e_file_0_Ij3bw",
        "cityKey": "new-orleans-la",
        "cityLabel": "New Orleans, LA",
        "date": "2022-12-01 00:00:00",
        "location": "VALID"
      }
    },
    {
      "type": "Feature",
      "geometry": {
        "type": "Point",
        "coordinates": [
          -90.05618333333334,
          29.963596666666668
        ]
      },
      "properties": {
        "id": 54786,
        "obstruction": "Municipal (city) Vehicle - includes USPS",
        "imageUrl": "https://feed.bikelaneuprising.com/nc/uploads/2024/07/29/d4e47ef83c2f752b23a524dca50f1403e919f9c8/51a23726-81ad-4269-8af9-ecb9c6f74bad_file_0__yONu",
        "cityKey": "new-orleans-la",
        "cityLabel": "New Orleans, LA",
        "date": "2022-11-06 00:00:00",
        "location": "VALID"
      }
    },
    {
      "type": "Feature",
      "geometry": {
        "type": "Point",
        "coordinates": [
          -90.07504166666666,
          29.954605
        ]
      },
      "properties": {
        "id": 54787,
        "obstruction": "Municipal (city) Vehicle - includes USPS",
        "imageUrl": "https://feed.bikelaneuprising.com/nc/uploads/2024/07/29/d4e47ef83c2f752b23a524dca50f1403e919f9c8/8181a026-05c3-4d43-902a-ceb69a01b1a0_file_0_3P9f8",
        "cityKey": "new-orleans-la",
        "cityLabel": "New Orleans, LA",
        "date": "2022-10-21 00:00:00",
        "location": "VALID"
      }
    },
    {
      "type": "Feature",
      "geometry": {
        "type": "Point",
        "coordinates": [
          -90.05645,
          29.967388333333332
        ]
      },
      "properties": {
        "id": 54788,
        "obstruction": "Private Owner Vehicle",
        "imageUrl": "https://feed.bikelaneuprising.com/nc/uploads/2024/07/29/d4e47ef83c2f752b23a524dca50f1403e919f9c8/76474880-6a24-4ce1-9e65-77f382592389_file_0_CC6ZG",
        "cityKey": "new-orleans-la",
        "cityLabel": "New Orleans, LA",
        "date": "2023-01-27 00:00:00",
        "location": "VALID"
      }
    },
    {
      "type": "Feature",
      "geometry": {
        "type": "Point",
        "coordinates": [
          -90.07253333333334,
          29.952013333333333
        ]
      },
      "properties": {
        "id": 54789,
        "obstruction": "Taxi / Uber / Livery / Lyft",
        "imageUrl": "https://feed.bikelaneuprising.com/nc/uploads/2024/07/28/d4e47ef83c2f752b23a524dca50f1403e919f9c8/788f3471-03d6-4179-bd79-25087adb72dd_file_0_cThZC",
        "cityKey": "new-orleans-la",
        "cityLabel": "New Orleans, LA",
        "date": "2022-10-14 00:00:00",
        "location": "VALID"
      }
    },
    {
      "type": "Feature",
      "geometry": {
        "type": "Point",
        "coordinates": [
          -90.07486666666667,
          29.952895
        ]
      },
      "properties": {
        "id": 54790,
        "obstruction": "Taxi / Uber / Livery / Lyft",
        "imageUrl": "https://feed.bikelaneuprising.com/nc/uploads/2024/07/29/d4e47ef83c2f752b23a524dca50f1403e919f9c8/e2fb00d0-9756-400a-b862-5f8cbb54eed8_file_0_83guz",
        "cityKey": "new-orleans-la",
        "cityLabel": "New Orleans, LA",
        "date": "2023-03-20 00:00:00",
        "location": "VALID"
      }
    },
    {
      "type": "Feature",
      "geometry": {
        "type": "Point",
        "coordinates": [
          -90.07357783333333,
          29.94872833333333
        ]
      },
      "properties": {
        "id": 54791,
        "obstruction": "Company Vehicle",
        "imageUrl": "https://feed.bikelaneuprising.com/nc/uploads/2024/07/29/d4e47ef83c2f752b23a524dca50f1403e919f9c8/ce91048e-04f0-4339-b24b-c0fc37b43692_file_0_kuMPV",
        "cityKey": "new-orleans-la",
        "cityLabel": "New Orleans, LA",
        "date": "2023-03-10 00:00:00",
        "location": "VALID"
      }
    },
    {
      "type": "Feature",
      "geometry": {
        "type": "Point",
        "coordinates": [
          -90.0754555,
          29.954921666666667
        ]
      },
      "properties": {
        "id": 54792,
        "obstruction": "Municipal (city) Vehicle - includes USPS",
        "imageUrl": "https://feed.bikelaneuprising.com/nc/uploads/2024/07/29/d4e47ef83c2f752b23a524dca50f1403e919f9c8/6b52128b-501c-485b-8c71-15a978b521d9_file_0_GzLUq",
        "cityKey": "new-orleans-la",
        "cityLabel": "New Orleans, LA",
        "date": "2023-03-08 00:00:00",
        "location": "VALID"
      }
    },
    {
      "type": "Feature",
      "geometry": {
        "type": "Point",
        "coordinates": [
          -90.0565805,
          29.96298
        ]
      },
      "properties": {
        "id": 54793,
        "obstruction": "Municipal (city) Vehicle - includes USPS",
        "imageUrl": "https://feed.bikelaneuprising.com/nc/uploads/2024/07/29/d4e47ef83c2f752b23a524dca50f1403e919f9c8/6b2d82e7-c85e-4a9b-9561-2cbd091f4317_file_0_IZKr1",
        "cityKey": "new-orleans-la",
        "cityLabel": "New Orleans, LA",
        "date": "2023-01-29 00:00:00",
        "location": "VALID"
      }
    },
    {
      "type": "Feature",
      "geometry": {
        "type": "Point",
        "coordinates": [
          -90.13069166666666,
          29.946196666666665
        ]
      },
      "properties": {
        "id": 54794,
        "obstruction": "Private Owner Vehicle",
        "imageUrl": "https://feed.bikelaneuprising.com/nc/uploads/2024/07/29/d4e47ef83c2f752b23a524dca50f1403e919f9c8/25212fec-590d-4c25-ba1a-d8b797520c2a_file_0_RYvLW",
        "cityKey": "new-orleans-la",
        "cityLabel": "New Orleans, LA",
        "date": "2023-02-09 00:00:00",
        "location": "VALID"
      }
    },
    {
      "type": "Feature",
      "geometry": {
        "type": "Point",
        "coordinates": [
          -90.0577305,
          29.960928333333335
        ]
      },
      "properties": {
        "id": 54795,
        "obstruction": "Private Owner Vehicle",
        "imageUrl": "https://feed.bikelaneuprising.com/nc/uploads/2024/07/29/d4e47ef83c2f752b23a524dca50f1403e919f9c8/a60a6336-548e-4e8b-80f6-f7240b418972_file_0_hkfCB",
        "cityKey": "new-orleans-la",
        "cityLabel": "New Orleans, LA",
        "date": "2023-01-28 00:00:00",
        "location": "VALID"
      }
    },
    {
      "type": "Feature",
      "geometry": {
        "type": "Point",
        "coordinates": [
          -90.07235833333333,
          29.9533
        ]
      },
      "properties": {
        "id": 54796,
        "obstruction": "Company Vehicle",
        "imageUrl": "https://feed.bikelaneuprising.com/nc/uploads/2024/07/29/d4e47ef83c2f752b23a524dca50f1403e919f9c8/7e454f14-a740-4b9c-aa40-3c7da3f8a2ae_file_0_y83Q2",
        "cityKey": "new-orleans-la",
        "cityLabel": "New Orleans, LA",
        "date": "2023-02-10 00:00:00",
        "location": "VALID"
      }
    },
    {
      "type": "Feature",
      "geometry": {
        "type": "Point",
        "coordinates": [
          -90.05626666666667,
          29.964221666666667
        ]
      },
      "properties": {
        "id": 54799,
        "obstruction": "Private Owner Vehicle",
        "imageUrl": "https://feed.bikelaneuprising.com/nc/uploads/2024/07/29/d4e47ef83c2f752b23a524dca50f1403e919f9c8/cf8f2ade-64b3-4987-95a4-be7350262c67_file_0_fGl8A",
        "cityKey": "new-orleans-la",
        "cityLabel": "New Orleans, LA",
        "date": "2023-02-08 00:00:00",
        "location": "VALID"
      }
    },
    {
      "type": "Feature",
      "geometry": {
        "type": "Point",
        "coordinates": [
          -90.07600283333333,
          29.950655
        ]
      },
      "properties": {
        "id": 54800,
        "obstruction": "Private Owner Vehicle",
        "imageUrl": "https://feed.bikelaneuprising.com/nc/uploads/2024/07/29/d4e47ef83c2f752b23a524dca50f1403e919f9c8/6bd8e176-4c19-4fcf-ba15-5b4a05a553cd_file_0_LQXKq",
        "cityKey": "new-orleans-la",
        "cityLabel": "New Orleans, LA",
        "date": "2023-02-14 00:00:00",
        "location": "VALID"
      }
    },
    {
      "type": "Feature",
      "geometry": {
        "type": "Point",
        "coordinates": [
          -90.06105,
          29.968245
        ]
      },
      "properties": {
        "id": 54801,
        "obstruction": "Private Owner Vehicle",
        "imageUrl": "https://feed.bikelaneuprising.com/nc/uploads/2024/07/29/d4e47ef83c2f752b23a524dca50f1403e919f9c8/146b4601-4e24-4e49-9dcf-f73a7b37b98b_file_0_7Y54A",
        "cityKey": "new-orleans-la",
        "cityLabel": "New Orleans, LA",
        "date": "2023-02-22 00:00:00",
        "location": "VALID"
      }
    },
    {
      "type": "Feature",
      "geometry": {
        "type": "Point",
        "coordinates": [
          -90.05655,
          29.96152
        ]
      },
      "properties": {
        "id": 54802,
        "obstruction": "Taxi / Uber / Livery / Lyft",
        "imageUrl": "https://feed.bikelaneuprising.com/nc/uploads/2024/07/29/d4e47ef83c2f752b23a524dca50f1403e919f9c8/80e7b4cc-f617-4ffe-8835-ed2652624cac_file_0_jbl47",
        "cityKey": "new-orleans-la",
        "cityLabel": "New Orleans, LA",
        "date": "2023-03-23 00:00:00",
        "location": "VALID"
      }
    },
    {
      "type": "Feature",
      "geometry": {
        "type": "Point",
        "coordinates": [
          -90.05618333333334,
          29.963171666666668
        ]
      },
      "properties": {
        "id": 54803,
        "obstruction": "Private Owner Vehicle",
        "imageUrl": "https://feed.bikelaneuprising.com/nc/uploads/2024/07/29/d4e47ef83c2f752b23a524dca50f1403e919f9c8/cf53c3f0-876a-4824-ae58-b01fe90770ac_file_0_MCPys",
        "cityKey": "new-orleans-la",
        "cityLabel": "New Orleans, LA",
        "date": "2023-03-23 00:00:00",
        "location": "VALID"
      }
    },
    {
      "type": "Feature",
      "geometry": {
        "type": "Point",
        "coordinates": [
          -90.07562216666666,
          29.954888333333333
        ]
      },
      "properties": {
        "id": 54809,
        "obstruction": "Municipal (city) Vehicle - includes USPS",
        "imageUrl": "https://feed.bikelaneuprising.com/nc/uploads/2024/07/29/d4e47ef83c2f752b23a524dca50f1403e919f9c8/2c590175-d6c1-4e51-8e24-31b4ed8f2df5_file_0_fQ_w4",
        "cityKey": "new-orleans-la",
        "cityLabel": "New Orleans, LA",
        "date": "2023-05-01 00:00:00",
        "location": "VALID"
      }
    },
    {
      "type": "Feature",
      "geometry": {
        "type": "Point",
        "coordinates": [
          -90.0724555,
          29.95231666666667
        ]
      },
      "properties": {
        "id": 54838,
        "obstruction": "Private Owner Vehicle",
        "imageUrl": "https://feed.bikelaneuprising.com/nc/uploads/2024/07/29/d4e47ef83c2f752b23a524dca50f1403e919f9c8/d12d43f0-613e-4766-adc5-f17ef044070b_file_0_A5q8S",
        "cityKey": "new-orleans-la",
        "cityLabel": "New Orleans, LA",
        "date": "2022-06-17 00:00:00",
        "location": "VALID"
      }
    },
    {
      "type": "Feature",
      "geometry": {
        "type": "Point",
        "coordinates": [
          -90.05628883333333,
          29.963786666666667
        ]
      },
      "properties": {
        "id": 54839,
        "obstruction": "Private Owner Vehicle",
        "imageUrl": "https://feed.bikelaneuprising.com/nc/uploads/2024/07/28/d4e47ef83c2f752b23a524dca50f1403e919f9c8/c14c6b58-14a0-4132-a194-35fa2ee5e002_file_0_adbv3",
        "cityKey": "new-orleans-la",
        "cityLabel": "New Orleans, LA",
        "date": "2022-06-06 00:00:00",
        "location": "VALID"
      }
    },
    {
      "type": "Feature",
      "geometry": {
        "type": "Point",
        "coordinates": [
          -90.09207783333333,
          29.928113333333332
        ]
      },
      "properties": {
        "id": 54840,
        "obstruction": "Company Vehicle",
        "imageUrl": "https://feed.bikelaneuprising.com/nc/uploads/2024/07/28/d4e47ef83c2f752b23a524dca50f1403e919f9c8/1c4886fd-5b0b-4aa1-a26c-c56a418e91c0_file_0_6kVwA",
        "cityKey": "new-orleans-la",
        "cityLabel": "New Orleans, LA",
        "date": "2023-01-31 00:00:00",
        "location": "VALID"
      }
    },
    {
      "type": "Feature",
      "geometry": {
        "type": "Point",
        "coordinates": [
          -90.0576945,
          29.960883333333335
        ]
      },
      "properties": {
        "id": 54841,
        "obstruction": "Private Owner Vehicle",
        "imageUrl": "https://feed.bikelaneuprising.com/nc/uploads/2024/07/29/d4e47ef83c2f752b23a524dca50f1403e919f9c8/c139a301-72b5-4421-93bc-65a0b432ce8b_file_0_PsRZl",
        "cityKey": "new-orleans-la",
        "cityLabel": "New Orleans, LA",
        "date": "2022-09-17 00:00:00",
        "location": "VALID"
      }
    },
    {
      "type": "Feature",
      "geometry": {
        "type": "Point",
        "coordinates": [
          -90.07308883333333,
          29.949595
        ]
      },
      "properties": {
        "id": 54842,
        "obstruction": "Private Owner Vehicle",
        "imageUrl": "https://feed.bikelaneuprising.com/nc/uploads/2024/07/28/d4e47ef83c2f752b23a524dca50f1403e919f9c8/a63a80cc-6cbc-4908-8efc-2335ad9b15bc_file_0_JfDcn",
        "cityKey": "new-orleans-la",
        "cityLabel": "New Orleans, LA",
        "date": "2023-04-22 00:00:00",
        "location": "VALID"
      }
    },
    {
      "type": "Feature",
      "geometry": {
        "type": "Point",
        "coordinates": [
          -90.05663333333334,
          29.961391666666668
        ]
      },
      "properties": {
        "id": 54843,
        "obstruction": "Taxi / Uber / Livery / Lyft",
        "imageUrl": "https://feed.bikelaneuprising.com/nc/uploads/2024/07/29/d4e47ef83c2f752b23a524dca50f1403e919f9c8/00d5ac69-3d73-4dcf-8335-8cc3b6749b75_file_0_Qjcft",
        "cityKey": "new-orleans-la",
        "cityLabel": "New Orleans, LA",
        "date": "2023-02-05 00:00:00",
        "location": "VALID"
      }
    },
    {
      "type": "Feature",
      "geometry": {
        "type": "Point",
        "coordinates": [
          -90.07585283333333,
          29.952013333333333
        ]
      },
      "properties": {
        "id": 54844,
        "obstruction": "Municipal (city) Vehicle - includes USPS",
        "imageUrl": "https://feed.bikelaneuprising.com/nc/uploads/2024/07/29/d4e47ef83c2f752b23a524dca50f1403e919f9c8/122b634c-2373-460c-9895-9fa3dcf414ac_file_0_j53kJ",
        "cityKey": "new-orleans-la",
        "cityLabel": "New Orleans, LA",
        "date": "2022-06-16 00:00:00",
        "location": "VALID"
      }
    },
    {
      "type": "Feature",
      "geometry": {
        "type": "Point",
        "coordinates": [
          -90.07582783333334,
          29.95218
        ]
      },
      "properties": {
        "id": 54845,
        "obstruction": "Private Owner Vehicle",
        "imageUrl": "https://feed.bikelaneuprising.com/nc/uploads/2024/07/29/d4e47ef83c2f752b23a524dca50f1403e919f9c8/6bb4530c-663e-47f1-9511-1f57506eb4c5_file_0_nPW3d",
        "cityKey": "new-orleans-la",
        "cityLabel": "New Orleans, LA",
        "date": "2022-08-23 00:00:00",
        "location": "VALID"
      }
    },
    {
      "type": "Feature",
      "geometry": {
        "type": "Point",
        "coordinates": [
          -90.0751945,
          29.95335
        ]
      },
      "properties": {
        "id": 54846,
        "obstruction": "Taxi / Uber / Livery / Lyft",
        "imageUrl": "https://feed.bikelaneuprising.com/nc/uploads/2024/07/28/d4e47ef83c2f752b23a524dca50f1403e919f9c8/0d501d05-c45d-44ab-8812-1a5e976e856a_file_0_7MD4v",
        "cityKey": "new-orleans-la",
        "cityLabel": "New Orleans, LA",
        "date": "2022-06-03 00:00:00",
        "location": "VALID"
      }
    },
    {
      "type": "Feature",
      "geometry": {
        "type": "Point",
        "coordinates": [
          -90.07232783333333,
          29.9535
        ]
      },
      "properties": {
        "id": 54847,
        "obstruction": "Private Owner Vehicle",
        "imageUrl": "https://feed.bikelaneuprising.com/nc/uploads/2024/07/28/d4e47ef83c2f752b23a524dca50f1403e919f9c8/707c33d7-2237-40bd-ba37-8d1263c96f54_file_0_mJtZ4",
        "cityKey": "new-orleans-la",
        "cityLabel": "New Orleans, LA",
        "date": "2023-04-22 00:00:00",
        "location": "VALID"
      }
    },
    {
      "type": "Feature",
      "geometry": {
        "type": "Point",
        "coordinates": [
          -90.0724945,
          29.95208
        ]
      },
      "properties": {
        "id": 54848,
        "obstruction": "Taxi / Uber / Livery / Lyft",
        "imageUrl": "https://feed.bikelaneuprising.com/nc/uploads/2024/07/29/d4e47ef83c2f752b23a524dca50f1403e919f9c8/a8622317-9895-4bde-b91c-7500abe6811f_file_0_n2rLD",
        "cityKey": "new-orleans-la",
        "cityLabel": "New Orleans, LA",
        "date": "2022-06-26 00:00:00",
        "location": "VALID"
      }
    },
    {
      "type": "Feature",
      "geometry": {
        "type": "Point",
        "coordinates": [
          -90.05638883333333,
          29.964416666666665
        ]
      },
      "properties": {
        "id": 54849,
        "obstruction": "Private Owner Vehicle",
        "imageUrl": "https://feed.bikelaneuprising.com/nc/uploads/2024/07/29/d4e47ef83c2f752b23a524dca50f1403e919f9c8/1362c1d9-6aa5-4e1a-9c22-b7c6dd0ddfe3_file_0_AHdmg",
        "cityKey": "new-orleans-la",
        "cityLabel": "New Orleans, LA",
        "date": "2022-08-28 00:00:00",
        "location": "VALID"
      }
    },
    {
      "type": "Feature",
      "geometry": {
        "type": "Point",
        "coordinates": [
          -90.05639716666667,
          29.96266333333333
        ]
      },
      "properties": {
        "id": 54850,
        "obstruction": "Company Vehicle",
        "imageUrl": "https://feed.bikelaneuprising.com/nc/uploads/2024/07/29/d4e47ef83c2f752b23a524dca50f1403e919f9c8/ea40041b-a9a4-4029-99d8-6d2aa16bf924_file_0_IZJoG",
        "cityKey": "new-orleans-la",
        "cityLabel": "New Orleans, LA",
        "date": "2023-03-29 00:00:00",
        "location": "VALID"
      }
    },
    {
      "type": "Feature",
      "geometry": {
        "type": "Point",
        "coordinates": [
          -90.07434166666667,
          29.946171666666668
        ]
      },
      "properties": {
        "id": 54851,
        "obstruction": "Company Vehicle",
        "imageUrl": "https://feed.bikelaneuprising.com/nc/uploads/2024/07/28/d4e47ef83c2f752b23a524dca50f1403e919f9c8/8db13ee3-1280-4e4a-bf11-ee7d9e428f00_file_0_oPLmY",
        "cityKey": "new-orleans-la",
        "cityLabel": "New Orleans, LA",
        "date": "2023-04-22 00:00:00",
        "location": "VALID"
      }
    },
    {
      "type": "Feature",
      "geometry": {
        "type": "Point",
        "coordinates": [
          -90.072425,
          29.952145
        ]
      },
      "properties": {
        "id": 54852,
        "obstruction": "Taxi / Uber / Livery / Lyft",
        "imageUrl": "https://feed.bikelaneuprising.com/nc/uploads/2024/07/28/d4e47ef83c2f752b23a524dca50f1403e919f9c8/943a754c-6a57-455b-9fd7-83b236b1cbbb_file_0_j2gl8",
        "cityKey": "new-orleans-la",
        "cityLabel": "New Orleans, LA",
        "date": "2022-09-14 00:00:00",
        "location": "VALID"
      }
    },
    {
      "type": "Feature",
      "geometry": {
        "type": "Point",
        "coordinates": [
          -90.07257783333333,
          29.951833333333333
        ]
      },
      "properties": {
        "id": 54853,
        "obstruction": "Taxi / Uber / Livery / Lyft",
        "imageUrl": "https://feed.bikelaneuprising.com/nc/uploads/2024/07/29/d4e47ef83c2f752b23a524dca50f1403e919f9c8/35d2094f-adf2-48cc-9f43-6516dcdef416_file_0_90iIN",
        "cityKey": "new-orleans-la",
        "cityLabel": "New Orleans, LA",
        "date": "2022-06-26 00:00:00",
        "location": "VALID"
      }
    },
    {
      "type": "Feature",
      "geometry": {
        "type": "Point",
        "coordinates": [
          -90.0959555,
          29.927078333333334
        ]
      },
      "properties": {
        "id": 54854,
        "obstruction": "Taxi / Uber / Livery / Lyft",
        "imageUrl": "https://feed.bikelaneuprising.com/nc/uploads/2024/07/29/d4e47ef83c2f752b23a524dca50f1403e919f9c8/98ef44f8-ca19-442e-86ac-9a1054453ec4_file_0_9VMKf",
        "cityKey": "new-orleans-la",
        "cityLabel": "New Orleans, LA",
        "date": "2022-04-29 00:00:00",
        "location": "VALID"
      }
    },
    {
      "type": "Feature",
      "geometry": {
        "type": "Point",
        "coordinates": [
          -90.06353883333334,
          29.955878333333334
        ]
      },
      "properties": {
        "id": 54855,
        "obstruction": "Company Vehicle",
        "imageUrl": "https://feed.bikelaneuprising.com/nc/uploads/2024/07/29/d4e47ef83c2f752b23a524dca50f1403e919f9c8/97cf9774-8291-44fd-bb22-8a5473157d47_file_0_gg3DT",
        "cityKey": "new-orleans-la",
        "cityLabel": "New Orleans, LA",
        "date": "2022-07-04 00:00:00",
        "location": "VALID"
      }
    },
    {
      "type": "Feature",
      "geometry": {
        "type": "Point",
        "coordinates": [
          -90.07251666666667,
          29.952111666666667
        ]
      },
      "properties": {
        "id": 54856,
        "obstruction": "Taxi / Uber / Livery / Lyft",
        "imageUrl": "https://feed.bikelaneuprising.com/nc/uploads/2024/07/29/d4e47ef83c2f752b23a524dca50f1403e919f9c8/cc6f3b88-720f-4f90-b1c3-ed994bfcf37e_file_0_VK1LI",
        "cityKey": "new-orleans-la",
        "cityLabel": "New Orleans, LA",
        "date": "2022-09-18 00:00:00",
        "location": "VALID"
      }
    },
    {
      "type": "Feature",
      "geometry": {
        "type": "Point",
        "coordinates": [
          -90.07237216666667,
          29.952561666666668
        ]
      },
      "properties": {
        "id": 54857,
        "obstruction": "Taxi / Uber / Livery / Lyft",
        "imageUrl": "https://feed.bikelaneuprising.com/nc/uploads/2024/07/29/d4e47ef83c2f752b23a524dca50f1403e919f9c8/1851e27c-9ddb-4237-9414-a776b4d40d3d_file_0_A2mCE",
        "cityKey": "new-orleans-la",
        "cityLabel": "New Orleans, LA",
        "date": "2023-05-01 00:00:00",
        "location": "VALID"
      }
    },
    {
      "type": "Feature",
      "geometry": {
        "type": "Point",
        "coordinates": [
          -90.0563195,
          29.964296666666666
        ]
      },
      "properties": {
        "id": 54858,
        "obstruction": "Private Owner Vehicle",
        "imageUrl": "https://feed.bikelaneuprising.com/nc/uploads/2024/07/28/d4e47ef83c2f752b23a524dca50f1403e919f9c8/1fb1bce9-d478-411d-9e57-a9d1cfa2e296_file_0_wfh4C",
        "cityKey": "new-orleans-la",
        "cityLabel": "New Orleans, LA",
        "date": "2022-07-04 00:00:00",
        "location": "VALID"
      }
    },
    {
      "type": "Feature",
      "geometry": {
        "type": "Point",
        "coordinates": [
          -90.07238883333333,
          29.952546666666667
        ]
      },
      "properties": {
        "id": 54859,
        "obstruction": "Private Owner Vehicle",
        "imageUrl": "https://feed.bikelaneuprising.com/nc/uploads/2024/07/28/d4e47ef83c2f752b23a524dca50f1403e919f9c8/2cd03533-d99b-4c7c-89a6-852f27822f71_file_0_oYdm_",
        "cityKey": "new-orleans-la",
        "cityLabel": "New Orleans, LA",
        "date": "2022-07-06 00:00:00",
        "location": "VALID"
      }
    },
    {
      "type": "Feature",
      "geometry": {
        "type": "Point",
        "coordinates": [
          -90.0703805,
          29.952245
        ]
      },
      "properties": {
        "id": 54860,
        "obstruction": "Taxi / Uber / Livery / Lyft",
        "imageUrl": "https://feed.bikelaneuprising.com/nc/uploads/2024/07/29/d4e47ef83c2f752b23a524dca50f1403e919f9c8/608e2b0c-3389-49bb-a35e-6bd02583be8b_file_0_3el72",
        "cityKey": "new-orleans-la",
        "cityLabel": "New Orleans, LA",
        "date": "2022-10-11 00:00:00",
        "location": "VALID"
      }
    },
    {
      "type": "Feature",
      "geometry": {
        "type": "Point",
        "coordinates": [
          -90.07323333333333,
          29.95003833333333
        ]
      },
      "properties": {
        "id": 54861,
        "obstruction": "Company Vehicle",
        "imageUrl": "https://feed.bikelaneuprising.com/nc/uploads/2024/07/28/d4e47ef83c2f752b23a524dca50f1403e919f9c8/03099c43-c519-41d3-a916-c54614f9a158_file_0_abwFt",
        "cityKey": "new-orleans-la",
        "cityLabel": "New Orleans, LA",
        "date": "2022-08-05 00:00:00",
        "location": "VALID"
      }
    },
    {
      "type": "Feature",
      "geometry": {
        "type": "Point",
        "coordinates": [
          -90.05619166666666,
          29.962608333333332
        ]
      },
      "properties": {
        "id": 54862,
        "obstruction": "Company Vehicle",
        "imageUrl": "https://feed.bikelaneuprising.com/nc/uploads/2024/07/29/d4e47ef83c2f752b23a524dca50f1403e919f9c8/a38db3ed-0c14-46dc-8bb0-6a110cd84176_file_0_g1yVR",
        "cityKey": "new-orleans-la",
        "cityLabel": "New Orleans, LA",
        "date": "2022-09-15 00:00:00",
        "location": "VALID"
      }
    },
    {
      "type": "Feature",
      "geometry": {
        "type": "Point",
        "coordinates": [
          -90.0577305,
          29.960886666666667
        ]
      },
      "properties": {
        "id": 54863,
        "obstruction": "Private Owner Vehicle",
        "imageUrl": "https://feed.bikelaneuprising.com/nc/uploads/2024/07/29/d4e47ef83c2f752b23a524dca50f1403e919f9c8/1b958c02-6917-45ac-8a3c-ccefc7f93343_file_0_JGFn3",
        "cityKey": "new-orleans-la",
        "cityLabel": "New Orleans, LA",
        "date": "2022-09-17 00:00:00",
        "location": "VALID"
      }
    },
    {
      "type": "Feature",
      "geometry": {
        "type": "Point",
        "coordinates": [
          -90.07248616666666,
          29.951971666666665
        ]
      },
      "properties": {
        "id": 54864,
        "obstruction": "Private Owner Vehicle",
        "imageUrl": "https://feed.bikelaneuprising.com/nc/uploads/2024/07/29/d4e47ef83c2f752b23a524dca50f1403e919f9c8/0c6b0c37-a797-4be1-ad02-97c325230adb_file_0_3eSBl",
        "cityKey": "new-orleans-la",
        "cityLabel": "New Orleans, LA",
        "date": "2022-06-26 00:00:00",
        "location": "VALID"
      }
    },
    {
      "type": "Feature",
      "geometry": {
        "type": "Point",
        "coordinates": [
          -90.07298333333334,
          29.950366666666667
        ]
      },
      "properties": {
        "id": 54865,
        "obstruction": "Private Owner Vehicle",
        "imageUrl": "https://feed.bikelaneuprising.com/nc/uploads/2024/07/29/d4e47ef83c2f752b23a524dca50f1403e919f9c8/43ced324-3a95-4af0-add6-6dc64ac11a2d_file_0_7Tiq1",
        "cityKey": "new-orleans-la",
        "cityLabel": "New Orleans, LA",
        "date": "2022-05-01 00:00:00",
        "location": "VALID"
      }
    },
    {
      "type": "Feature",
      "geometry": {
        "type": "Point",
        "coordinates": [
          -90.0724805,
          29.952453333333334
        ]
      },
      "properties": {
        "id": 54866,
        "obstruction": "Taxi / Uber / Livery / Lyft",
        "imageUrl": "https://feed.bikelaneuprising.com/nc/uploads/2024/07/28/d4e47ef83c2f752b23a524dca50f1403e919f9c8/ab20faa9-3d4d-481a-ba30-87eef3bf79b4_file_0_WVsZv",
        "cityKey": "new-orleans-la",
        "cityLabel": "New Orleans, LA",
        "date": "2022-04-30 00:00:00",
        "location": "VALID"
      }
    },
    {
      "type": "Feature",
      "geometry": {
        "type": "Point",
        "coordinates": [
          -90.05937216666666,
          29.959678333333333
        ]
      },
      "properties": {
        "id": 54867,
        "obstruction": "Private Owner Vehicle",
        "imageUrl": "https://feed.bikelaneuprising.com/nc/uploads/2024/07/29/d4e47ef83c2f752b23a524dca50f1403e919f9c8/dd4145d8-f933-48f6-aeb8-ab1df5aac9d7_file_0_k1FfC",
        "cityKey": "new-orleans-la",
        "cityLabel": "New Orleans, LA",
        "date": "2022-07-16 00:00:00",
        "location": "VALID"
      }
    },
    {
      "type": "Feature",
      "geometry": {
        "type": "Point",
        "coordinates": [
          -90.07305833333334,
          29.949946666666666
        ]
      },
      "properties": {
        "id": 54868,
        "obstruction": "Company Vehicle",
        "imageUrl": "https://feed.bikelaneuprising.com/nc/uploads/2024/07/28/d4e47ef83c2f752b23a524dca50f1403e919f9c8/52866584-2ad1-46fa-b6d3-b5bd59d07c84_file_0_JzbGx",
        "cityKey": "new-orleans-la",
        "cityLabel": "New Orleans, LA",
        "date": "2022-04-12 00:00:00",
        "location": "VALID"
      }
    },
    {
      "type": "Feature",
      "geometry": {
        "type": "Point",
        "coordinates": [
          -90.05629716666667,
          29.964395
        ]
      },
      "properties": {
        "id": 54869,
        "obstruction": "Private Owner Vehicle",
        "imageUrl": "https://feed.bikelaneuprising.com/nc/uploads/2024/07/29/d4e47ef83c2f752b23a524dca50f1403e919f9c8/986278b7-8e93-48b9-9f06-f4a44638d968_file_0_5u5DB",
        "cityKey": "new-orleans-la",
        "cityLabel": "New Orleans, LA",
        "date": "2022-08-12 00:00:00",
        "location": "VALID"
      }
    },
    {
      "type": "Feature",
      "geometry": {
        "type": "Point",
        "coordinates": [
          -90.0745305,
          29.945386666666668
        ]
      },
      "properties": {
        "id": 54871,
        "obstruction": "Private Owner Vehicle",
        "imageUrl": "https://feed.bikelaneuprising.com/nc/uploads/2024/07/28/d4e47ef83c2f752b23a524dca50f1403e919f9c8/8bec36f5-6cf1-4c76-9fed-93a705829fbc_file_0_gUAZB",
        "cityKey": "new-orleans-la",
        "cityLabel": "New Orleans, LA",
        "date": "2022-09-18 00:00:00",
        "location": "VALID"
      }
    },
    {
      "type": "Feature",
      "geometry": {
        "type": "Point",
        "coordinates": [
          -90.0744695,
          29.945566666666668
        ]
      },
      "properties": {
        "id": 54872,
        "obstruction": "Private Owner Vehicle",
        "imageUrl": "https://feed.bikelaneuprising.com/nc/uploads/2024/07/29/d4e47ef83c2f752b23a524dca50f1403e919f9c8/745bb219-c314-4842-bc74-259d0f637fc9_file_0_c-nmd",
        "cityKey": "new-orleans-la",
        "cityLabel": "New Orleans, LA",
        "date": "2022-09-17 00:00:00",
        "location": "VALID"
      }
    },
    {
      "type": "Feature",
      "geometry": {
        "type": "Point",
        "coordinates": [
          -90.07330283333333,
          29.94949666666667
        ]
      },
      "properties": {
        "id": 54873,
        "obstruction": "Company Vehicle",
        "imageUrl": "https://feed.bikelaneuprising.com/nc/uploads/2024/07/29/d4e47ef83c2f752b23a524dca50f1403e919f9c8/c5a37302-7557-4fd6-a807-751c5084d97e_file_0_-z0ha",
        "cityKey": "new-orleans-la",
        "cityLabel": "New Orleans, LA",
        "date": "2023-04-12 00:00:00",
        "location": "VALID"
      }
    },
    {
      "type": "Feature",
      "geometry": {
        "type": "Point",
        "coordinates": [
          -90.056375,
          29.962528333333335
        ]
      },
      "properties": {
        "id": 54875,
        "obstruction": "Company Vehicle",
        "imageUrl": "https://feed.bikelaneuprising.com/nc/uploads/2024/07/29/d4e47ef83c2f752b23a524dca50f1403e919f9c8/a3911a5d-ce73-4225-8914-913a0638f5ba_file_0_hcpv8",
        "cityKey": "new-orleans-la",
        "cityLabel": "New Orleans, LA",
        "date": "2023-04-06 00:00:00",
        "location": "VALID"
      }
    },
    {
      "type": "Feature",
      "geometry": {
        "type": "Point",
        "coordinates": [
          -90.07246383333333,
          29.952195
        ]
      },
      "properties": {
        "id": 54876,
        "obstruction": "Taxi / Uber / Livery / Lyft",
        "imageUrl": "https://feed.bikelaneuprising.com/nc/uploads/2024/07/29/d4e47ef83c2f752b23a524dca50f1403e919f9c8/2b3885a2-6d52-413b-b73a-191d2615e2f8_file_0_o05oU",
        "cityKey": "new-orleans-la",
        "cityLabel": "New Orleans, LA",
        "date": "2022-07-04 00:00:00",
        "location": "VALID"
      }
    },
    {
      "type": "Feature",
      "geometry": {
        "type": "Point",
        "coordinates": [
          -90.05615283333333,
          29.962621666666667
        ]
      },
      "properties": {
        "id": 54877,
        "obstruction": "Private Owner Vehicle",
        "imageUrl": "https://feed.bikelaneuprising.com/nc/uploads/2024/07/29/d4e47ef83c2f752b23a524dca50f1403e919f9c8/4422aa07-1856-4bc5-8ae7-a8cacd23e000_file_0_sfTc8",
        "cityKey": "new-orleans-la",
        "cityLabel": "New Orleans, LA",
        "date": "2022-08-20 00:00:00",
        "location": "VALID"
      }
    },
    {
      "type": "Feature",
      "geometry": {
        "type": "Point",
        "coordinates": [
          -90.07243333333334,
          29.953458333333334
        ]
      },
      "properties": {
        "id": 54878,
        "obstruction": "Private Owner Vehicle",
        "imageUrl": "https://feed.bikelaneuprising.com/nc/uploads/2024/07/29/d4e47ef83c2f752b23a524dca50f1403e919f9c8/0a70766d-ddd6-4c1e-96ae-42a70b2114c4_file_0_fjPww",
        "cityKey": "new-orleans-la",
        "cityLabel": "New Orleans, LA",
        "date": "2022-09-09 00:00:00",
        "location": "VALID"
      }
    },
    {
      "type": "Feature",
      "geometry": {
        "type": "Point",
        "coordinates": [
          -90.05619166666666,
          29.962495
        ]
      },
      "properties": {
        "id": 54879,
        "obstruction": "Company Vehicle",
        "imageUrl": "https://feed.bikelaneuprising.com/nc/uploads/2024/07/29/d4e47ef83c2f752b23a524dca50f1403e919f9c8/b4d5f954-3872-421b-8391-2cbaec70bdea_file_0_mBGY3",
        "cityKey": "new-orleans-la",
        "cityLabel": "New Orleans, LA",
        "date": "2023-04-23 00:00:00",
        "location": "VALID"
      }
    },
    {
      "type": "Feature",
      "geometry": {
        "type": "Point",
        "coordinates": [
          -90.07318883333333,
          29.949508333333334
        ]
      },
      "properties": {
        "id": 54880,
        "obstruction": "Company Vehicle",
        "imageUrl": "https://feed.bikelaneuprising.com/nc/uploads/2024/07/29/d4e47ef83c2f752b23a524dca50f1403e919f9c8/5926300f-a510-4e3c-b2ea-aec22fe9a8e2_file_0_-ylbx",
        "cityKey": "new-orleans-la",
        "cityLabel": "New Orleans, LA",
        "date": "2023-02-22 00:00:00",
        "location": "VALID"
      }
    },
    {
      "type": "Feature",
      "geometry": {
        "type": "Point",
        "coordinates": [
          -90.05635833333334,
          29.964278333333333
        ]
      },
      "properties": {
        "id": 54881,
        "obstruction": "Private Owner Vehicle",
        "imageUrl": "https://feed.bikelaneuprising.com/nc/uploads/2024/07/29/d4e47ef83c2f752b23a524dca50f1403e919f9c8/53f1530e-4c34-4cae-8ad1-ca05f64578b1_file_0_DZxfT",
        "cityKey": "new-orleans-la",
        "cityLabel": "New Orleans, LA",
        "date": "2022-06-06 00:00:00",
        "location": "VALID"
      }
    },
    {
      "type": "Feature",
      "geometry": {
        "type": "Point",
        "coordinates": [
          -90.05656383333333,
          29.964328333333334
        ]
      },
      "properties": {
        "id": 54882,
        "obstruction": "Private Owner Vehicle",
        "imageUrl": "https://feed.bikelaneuprising.com/nc/uploads/2024/07/29/d4e47ef83c2f752b23a524dca50f1403e919f9c8/a1d51855-e6c0-4589-bf07-d030a8acfc06_file_0_g73EF",
        "cityKey": "new-orleans-la",
        "cityLabel": "New Orleans, LA",
        "date": "2022-08-12 00:00:00",
        "location": "VALID"
      }
    },
    {
      "type": "Feature",
      "geometry": {
        "type": "Point",
        "coordinates": [
          -90.069825,
          29.943428333333333
        ]
      },
      "properties": {
        "id": 54883,
        "obstruction": "Taxi / Uber / Livery / Lyft",
        "imageUrl": "https://feed.bikelaneuprising.com/nc/uploads/2024/07/29/d4e47ef83c2f752b23a524dca50f1403e919f9c8/43d6c5e9-40c6-4e90-86a9-621a96ffc611_file_0_zzC9v",
        "cityKey": "new-orleans-la",
        "cityLabel": "New Orleans, LA",
        "date": "2022-09-27 00:00:00",
        "location": "VALID"
      }
    },
    {
      "type": "Feature",
      "geometry": {
        "type": "Point",
        "coordinates": [
          -90.05631383333333,
          29.964288333333332
        ]
      },
      "properties": {
        "id": 54885,
        "obstruction": "Private Owner Vehicle",
        "imageUrl": "https://feed.bikelaneuprising.com/nc/uploads/2024/07/29/d4e47ef83c2f752b23a524dca50f1403e919f9c8/5399b863-ae9c-41f0-901c-87fa2af3477d_file_0_eS8_V",
        "cityKey": "new-orleans-la",
        "cityLabel": "New Orleans, LA",
        "date": "2023-04-08 00:00:00",
        "location": "VALID"
      }
    },
    {
      "type": "Feature",
      "geometry": {
        "type": "Point",
        "coordinates": [
          -90.0739055,
          29.947583333333334
        ]
      },
      "properties": {
        "id": 54886,
        "obstruction": "Company Vehicle",
        "imageUrl": "https://feed.bikelaneuprising.com/nc/uploads/2024/07/29/d4e47ef83c2f752b23a524dca50f1403e919f9c8/b1cb0c1e-b6c0-4b4b-8e77-d18a38bfa11e_file_0_niCaj",
        "cityKey": "new-orleans-la",
        "cityLabel": "New Orleans, LA",
        "date": "2023-04-12 00:00:00",
        "location": "VALID"
      }
    },
    {
      "type": "Feature",
      "geometry": {
        "type": "Point",
        "coordinates": [
          -90.0749195,
          29.953708333333335
        ]
      },
      "properties": {
        "id": 54887,
        "obstruction": "Company Vehicle",
        "imageUrl": "https://feed.bikelaneuprising.com/nc/uploads/2024/07/28/d4e47ef83c2f752b23a524dca50f1403e919f9c8/690e322f-8f26-4b75-affa-d0b798ef611c_file_0_NsS8b",
        "cityKey": "new-orleans-la",
        "cityLabel": "New Orleans, LA",
        "date": "2022-07-19 00:00:00",
        "location": "VALID"
      }
    },
    {
      "type": "Feature",
      "geometry": {
        "type": "Point",
        "coordinates": [
          -90.08778333333333,
          29.960428333333333
        ]
      },
      "properties": {
        "id": 54888,
        "obstruction": "Municipal (city) Vehicle - includes USPS",
        "imageUrl": "https://feed.bikelaneuprising.com/nc/uploads/2024/07/29/d4e47ef83c2f752b23a524dca50f1403e919f9c8/1fcba6f0-7303-4573-aeaa-f2e8ac484f49_file_0_JseMJ",
        "cityKey": "new-orleans-la",
        "cityLabel": "New Orleans, LA",
        "date": "2022-06-16 00:00:00",
        "location": "VALID"
      }
    },
    {
      "type": "Feature",
      "geometry": {
        "type": "Point",
        "coordinates": [
          -90.07363883333333,
          29.94827
        ]
      },
      "properties": {
        "id": 54889,
        "obstruction": "Company Vehicle",
        "imageUrl": "https://feed.bikelaneuprising.com/nc/uploads/2024/07/29/d4e47ef83c2f752b23a524dca50f1403e919f9c8/177cfacb-62db-439f-821d-e58044b6cd51_file_0_jYIqP",
        "cityKey": "new-orleans-la",
        "cityLabel": "New Orleans, LA",
        "date": "2023-03-22 00:00:00",
        "location": "VALID"
      }
    },
    {
      "type": "Feature",
      "geometry": {
        "type": "Point",
        "coordinates": [
          -90.05616666666667,
          29.962661666666666
        ]
      },
      "properties": {
        "id": 54890,
        "obstruction": "Company Vehicle",
        "imageUrl": "https://feed.bikelaneuprising.com/nc/uploads/2024/07/29/d4e47ef83c2f752b23a524dca50f1403e919f9c8/4becb97d-4ea9-4146-84fd-679c7f0c3d69_file_0_cxNXs",
        "cityKey": "new-orleans-la",
        "cityLabel": "New Orleans, LA",
        "date": "2023-04-06 00:00:00",
        "location": "VALID"
      }
    },
    {
      "type": "Feature",
      "geometry": {
        "type": "Point",
        "coordinates": [
          -90.06753616666667,
          29.951153333333334
        ]
      },
      "properties": {
        "id": 54908,
        "obstruction": "Construction",
        "imageUrl": "https://feed.bikelaneuprising.com/nc/uploads/2024/07/29/d4e47ef83c2f752b23a524dca50f1403e919f9c8/e48f1fa0-8784-4b41-af01-16dce7206f3d_file_0_XuHcx",
        "cityKey": "new-orleans-la",
        "cityLabel": "New Orleans, LA",
        "date": "2023-05-02 00:00:00",
        "location": "VALID"
      }
    },
    {
      "type": "Feature",
      "geometry": {
        "type": "Point",
        "coordinates": [
          -90.06860283333333,
          29.951541666666667
        ]
      },
      "properties": {
        "id": 54909,
        "obstruction": "Other  (damaged lane / snow / debris / pedestrian / etc.)",
        "imageUrl": "https://feed.bikelaneuprising.com/nc/uploads/2024/07/29/d4e47ef83c2f752b23a524dca50f1403e919f9c8/c3d1de1a-46df-435f-98a7-48c01aa18e0d_file_0_E652p",
        "cityKey": "new-orleans-la",
        "cityLabel": "New Orleans, LA",
        "date": "2023-05-02 00:00:00",
        "location": "VALID"
      }
    },
    {
      "type": "Feature",
      "geometry": {
        "type": "Point",
        "coordinates": [
          -90.06771116666667,
          29.951263333333333
        ]
      },
      "properties": {
        "id": 54910,
        "obstruction": "Other  (damaged lane / snow / debris / pedestrian / etc.)",
        "imageUrl": "https://feed.bikelaneuprising.com/nc/uploads/2024/07/29/d4e47ef83c2f752b23a524dca50f1403e919f9c8/0192da30-1cff-46ae-8456-b6d1f183683c_file_0_-n-XC",
        "cityKey": "new-orleans-la",
        "cityLabel": "New Orleans, LA",
        "date": "2023-05-02 00:00:00",
        "location": "VALID"
      }
    },
    {
      "type": "Feature",
      "geometry": {
        "type": "Point",
        "coordinates": [
          -90.0617305,
          29.957863333333332
        ]
      },
      "properties": {
        "id": 54911,
        "obstruction": "Private Owner Vehicle",
        "imageUrl": "https://feed.bikelaneuprising.com/nc/uploads/2024/07/29/d4e47ef83c2f752b23a524dca50f1403e919f9c8/a11fe701-4c85-4079-806b-6f85bf6ad4bf_file_0_JMR9Z",
        "cityKey": "new-orleans-la",
        "cityLabel": "New Orleans, LA",
        "date": "2023-05-02 00:00:00",
        "location": "VALID"
      }
    },
    {
      "type": "Feature",
      "geometry": {
        "type": "Point",
        "coordinates": [
          -90.05771666666666,
          29.960888333333333
        ]
      },
      "properties": {
        "id": 54912,
        "obstruction": "Private Owner Vehicle",
        "imageUrl": "https://feed.bikelaneuprising.com/nc/uploads/2024/07/29/d4e47ef83c2f752b23a524dca50f1403e919f9c8/8f772a28-0551-4889-9adb-52e36e6db3bb_file_0_BGp7O",
        "cityKey": "new-orleans-la",
        "cityLabel": "New Orleans, LA",
        "date": "2023-05-02 00:00:00",
        "location": "VALID"
      }
    },
    {
      "type": "Feature",
      "geometry": {
        "type": "Point",
        "coordinates": [
          -90.05628333333334,
          29.964308333333335
        ]
      },
      "properties": {
        "id": 54916,
        "obstruction": "Private Owner Vehicle",
        "imageUrl": "https://feed.bikelaneuprising.com/nc/uploads/2024/07/29/d4e47ef83c2f752b23a524dca50f1403e919f9c8/ee1f398b-b7de-4ab6-880f-f4bb73c01510_file_0_1OvEL",
        "cityKey": "new-orleans-la",
        "cityLabel": "New Orleans, LA",
        "date": "2023-05-03 00:00:00",
        "location": "VALID"
      }
    },
    {
      "type": "Feature",
      "geometry": {
        "type": "Point",
        "coordinates": [
          -90.0731055,
          29.949688333333334
        ]
      },
      "properties": {
        "id": 54919,
        "obstruction": "Company Vehicle",
        "imageUrl": "https://feed.bikelaneuprising.com/nc/uploads/2024/07/29/d4e47ef83c2f752b23a524dca50f1403e919f9c8/100acdb9-4fb0-4132-8a5a-6fda10be45f1_file_0_T4K93",
        "cityKey": "new-orleans-la",
        "cityLabel": "New Orleans, LA",
        "date": "2023-05-03 00:00:00",
        "location": "VALID"
      }
    },
    {
      "type": "Feature",
      "geometry": {
        "type": "Point",
        "coordinates": [
          -90.0759805,
          29.950628333333334
        ]
      },
      "properties": {
        "id": 54920,
        "obstruction": "Private Owner Vehicle",
        "imageUrl": "https://feed.bikelaneuprising.com/nc/uploads/2024/07/28/d4e47ef83c2f752b23a524dca50f1403e919f9c8/91c50405-3531-4596-ad96-5711be3c4128_file_0_8KFk-",
        "cityKey": "new-orleans-la",
        "cityLabel": "New Orleans, LA",
        "date": "2023-05-03 00:00:00",
        "location": "VALID"
      }
    },
    {
      "type": "Feature",
      "geometry": {
        "type": "Point",
        "coordinates": [
          -90.074775,
          29.94978
        ]
      },
      "properties": {
        "id": 54938,
        "obstruction": "Private Owner Vehicle",
        "imageUrl": "https://feed.bikelaneuprising.com/nc/uploads/2024/07/29/d4e47ef83c2f752b23a524dca50f1403e919f9c8/d7d9e738-94d5-426f-bc8d-d350f2dc9279_file_0_UGUTg",
        "cityKey": "new-orleans-la",
        "cityLabel": "New Orleans, LA",
        "date": "2023-05-03 00:00:00",
        "location": "VALID"
      }
    },
    {
      "type": "Feature",
      "geometry": {
        "type": "Point",
        "coordinates": [
          -90.07505,
          29.953428333333335
        ]
      },
      "properties": {
        "id": 54941,
        "obstruction": "Construction",
        "imageUrl": "https://feed.bikelaneuprising.com/nc/uploads/2024/07/28/d4e47ef83c2f752b23a524dca50f1403e919f9c8/d8714b89-cab8-471d-ade0-dbe5d666de3a_file_0_M73OF",
        "cityKey": "new-orleans-la",
        "cityLabel": "New Orleans, LA",
        "date": "2023-05-03 00:00:00",
        "location": "VALID"
      }
    },
    {
      "type": "Feature",
      "geometry": {
        "type": "Point",
        "coordinates": [
          -90.05660283333333,
          29.963188333333335
        ]
      },
      "properties": {
        "id": 54942,
        "obstruction": "Construction",
        "imageUrl": "https://feed.bikelaneuprising.com/nc/uploads/2024/07/28/d4e47ef83c2f752b23a524dca50f1403e919f9c8/16fd9604-fbdd-4ebe-a116-acc108782b9e_file_0_MADlR",
        "cityKey": "new-orleans-la",
        "cityLabel": "New Orleans, LA",
        "date": "2023-05-03 00:00:00",
        "location": "VALID"
      }
    },
    {
      "type": "Feature",
      "geometry": {
        "type": "Point",
        "coordinates": [
          -90.12370283333334,
          29.934978333333333
        ]
      },
      "properties": {
        "id": 54945,
        "obstruction": "Municipal (city) Vehicle - includes USPS",
        "imageUrl": "https://feed.bikelaneuprising.com/nc/uploads/2024/07/29/d4e47ef83c2f752b23a524dca50f1403e919f9c8/6d402d0c-9c34-4509-ba6c-0d7152a70fa3_file_0_CCxap",
        "cityKey": "new-orleans-la",
        "cityLabel": "New Orleans, LA",
        "date": "2023-05-03 00:00:00",
        "location": "VALID"
      }
    },
    {
      "type": "Feature",
      "geometry": {
        "type": "Point",
        "coordinates": [
          -90.1214055,
          29.93355
        ]
      },
      "properties": {
        "id": 54946,
        "obstruction": "Construction",
        "imageUrl": "https://feed.bikelaneuprising.com/nc/uploads/2024/07/29/d4e47ef83c2f752b23a524dca50f1403e919f9c8/af827345-2bbe-4d8f-a22a-406ca222afc5_file_0_45GmL",
        "cityKey": "new-orleans-la",
        "cityLabel": "New Orleans, LA",
        "date": "2023-05-03 00:00:00",
        "location": "VALID"
      }
    },
    {
      "type": "Feature",
      "geometry": {
        "type": "Point",
        "coordinates": [
          -90.13003616666667,
          29.93963
        ]
      },
      "properties": {
        "id": 54953,
        "obstruction": "Construction",
        "imageUrl": "https://feed.bikelaneuprising.com/nc/uploads/2024/07/29/d4e47ef83c2f752b23a524dca50f1403e919f9c8/1bede002-ed16-4d25-bef1-e3c2d2338c59_file_0_FYldK",
        "cityKey": "new-orleans-la",
        "cityLabel": "New Orleans, LA",
        "date": "2023-05-03 00:00:00",
        "location": "VALID"
      }
    },
    {
      "type": "Feature",
      "geometry": {
        "type": "Point",
        "coordinates": [
          -90.09320833333334,
          29.927546666666668
        ]
      },
      "properties": {
        "id": 54954,
        "obstruction": "Construction",
        "imageUrl": "https://feed.bikelaneuprising.com/nc/uploads/2024/07/29/d4e47ef83c2f752b23a524dca50f1403e919f9c8/d928cfe7-3229-481b-b1c3-ee07fb30df5a_file_0_lvums",
        "cityKey": "new-orleans-la",
        "cityLabel": "New Orleans, LA",
        "date": "2023-05-03 00:00:00",
        "location": "VALID"
      }
    },
    {
      "type": "Feature",
      "geometry": {
        "type": "Point",
        "coordinates": [
          -90.07208883333334,
          29.93995333333333
        ]
      },
      "properties": {
        "id": 54955,
        "obstruction": "Construction",
        "imageUrl": "https://feed.bikelaneuprising.com/nc/uploads/2024/07/29/d4e47ef83c2f752b23a524dca50f1403e919f9c8/de79d309-6fac-45f9-871e-d92f3f147237_file_0_7X7cI",
        "cityKey": "new-orleans-la",
        "cityLabel": "New Orleans, LA",
        "date": "2023-05-03 00:00:00",
        "location": "VALID"
      }
    },
    {
      "type": "Feature",
      "geometry": {
        "type": "Point",
        "coordinates": [
          -90.06754166666667,
          29.950471666666665
        ]
      },
      "properties": {
        "id": 54956,
        "obstruction": "Taxi / Uber / Livery / Lyft",
        "imageUrl": "https://feed.bikelaneuprising.com/nc/uploads/2024/07/28/d4e47ef83c2f752b23a524dca50f1403e919f9c8/5a9bb3f3-f201-40b8-bd76-b901402e16eb_file_0_ISeCq",
        "cityKey": "new-orleans-la",
        "cityLabel": "New Orleans, LA",
        "date": "2023-05-04 00:00:00",
        "location": "VALID"
      }
    },
    {
      "type": "Feature",
      "geometry": {
        "type": "Point",
        "coordinates": [
          -90.06594166666666,
          29.950295
        ]
      },
      "properties": {
        "id": 54957,
        "obstruction": "Private Owner Vehicle",
        "imageUrl": "https://feed.bikelaneuprising.com/nc/uploads/2024/07/29/d4e47ef83c2f752b23a524dca50f1403e919f9c8/942aab7a-224d-4b00-ab5a-efab24ad289c_file_0_tdx2P",
        "cityKey": "new-orleans-la",
        "cityLabel": "New Orleans, LA",
        "date": "2023-05-04 00:00:00",
        "location": "VALID"
      }
    },
    {
      "type": "Feature",
      "geometry": {
        "type": "Point",
        "coordinates": [
          -90.07313616666667,
          29.949445
        ]
      },
      "properties": {
        "id": 54958,
        "obstruction": "Private Owner Vehicle",
        "imageUrl": "https://feed.bikelaneuprising.com/nc/uploads/2024/07/29/d4e47ef83c2f752b23a524dca50f1403e919f9c8/ebdeeefc-5640-4e19-a841-b409160cce72_file_0_Mw81Y",
        "cityKey": "new-orleans-la",
        "cityLabel": "New Orleans, LA",
        "date": "2023-05-03 00:00:00",
        "location": "VALID"
      }
    },
    {
      "type": "Feature",
      "geometry": {
        "type": "Point",
        "coordinates": [
          -90.07431666666666,
          29.94605333333333
        ]
      },
      "properties": {
        "id": 54959,
        "obstruction": "Private Owner Vehicle",
        "imageUrl": "https://feed.bikelaneuprising.com/nc/uploads/2024/07/28/d4e47ef83c2f752b23a524dca50f1403e919f9c8/15975535-1912-4ee0-9dd3-a0c8888194c8_file_0_bN3Jg",
        "cityKey": "new-orleans-la",
        "cityLabel": "New Orleans, LA",
        "date": "2023-05-03 00:00:00",
        "location": "VALID"
      }
    },
    {
      "type": "Feature",
      "geometry": {
        "type": "Point",
        "coordinates": [
          -90.0959555,
          29.92707
        ]
      },
      "properties": {
        "id": 54960,
        "obstruction": "Taxi / Uber / Livery / Lyft",
        "imageUrl": "https://feed.bikelaneuprising.com/nc/uploads/2024/07/29/d4e47ef83c2f752b23a524dca50f1403e919f9c8/0aecfcd9-feed-4e01-a7dd-68eda15a20a7_file_0_UQ24B",
        "cityKey": "new-orleans-la",
        "cityLabel": "New Orleans, LA",
        "date": "2023-05-03 00:00:00",
        "location": "VALID"
      }
    },
    {
      "type": "Feature",
      "geometry": {
        "type": "Point",
        "coordinates": [
          -90.10266116666666,
          29.926561666666668
        ]
      },
      "properties": {
        "id": 54961,
        "obstruction": "Other  (damaged lane / snow / debris / pedestrian / etc.)",
        "imageUrl": "https://feed.bikelaneuprising.com/nc/uploads/2024/07/29/d4e47ef83c2f752b23a524dca50f1403e919f9c8/0710a586-b628-4346-bc7e-bfe2ebc13ea6_file_0_XOMMU",
        "cityKey": "new-orleans-la",
        "cityLabel": "New Orleans, LA",
        "date": "2023-05-03 00:00:00",
        "location": "VALID"
      }
    },
    {
      "type": "Feature",
      "geometry": {
        "type": "Point",
        "coordinates": [
          -90.06308616666666,
          29.956375
        ]
      },
      "properties": {
        "id": 55033,
        "obstruction": "Taxi / Uber / Livery / Lyft",
        "imageUrl": "https://feed.bikelaneuprising.com/nc/uploads/2024/07/29/d4e47ef83c2f752b23a524dca50f1403e919f9c8/be5ffc7e-64a3-4ac0-8af5-4bbf37ab6819_file_0_dCX0s",
        "cityKey": "new-orleans-la",
        "cityLabel": "New Orleans, LA",
        "date": "2023-05-04 00:00:00",
        "location": "VALID"
      }
    },
    {
      "type": "Feature",
      "geometry": {
        "type": "Point",
        "coordinates": [
          -90.06203333333333,
          29.957566666666665
        ]
      },
      "properties": {
        "id": 55034,
        "obstruction": "Taxi / Uber / Livery / Lyft",
        "imageUrl": "https://feed.bikelaneuprising.com/nc/uploads/2024/07/29/d4e47ef83c2f752b23a524dca50f1403e919f9c8/ed68415e-ca86-40fd-8343-ec9f608beac2_file_0_7ENrv",
        "cityKey": "new-orleans-la",
        "cityLabel": "New Orleans, LA",
        "date": "2023-05-04 00:00:00",
        "location": "VALID"
      }
    },
    {
      "type": "Feature",
      "geometry": {
        "type": "Point",
        "coordinates": [
          -90.0614695,
          29.958191666666668
        ]
      },
      "properties": {
        "id": 55035,
        "obstruction": "Company Vehicle",
        "imageUrl": "https://feed.bikelaneuprising.com/nc/uploads/2024/07/29/d4e47ef83c2f752b23a524dca50f1403e919f9c8/4413e086-e25c-4cd0-b01d-c5854def2148_file_0_s7xap",
        "cityKey": "new-orleans-la",
        "cityLabel": "New Orleans, LA",
        "date": "2023-05-04 00:00:00",
        "location": "VALID"
      }
    },
    {
      "type": "Feature",
      "geometry": {
        "type": "Point",
        "coordinates": [
          -90.05623616666666,
          29.963361666666668
        ]
      },
      "properties": {
        "id": 55054,
        "obstruction": "Company Vehicle",
        "imageUrl": "https://feed.bikelaneuprising.com/nc/uploads/2024/07/29/d4e47ef83c2f752b23a524dca50f1403e919f9c8/8463c925-22ff-4a22-ab07-47ca90d2395e_file_0_N8Jcj",
        "cityKey": "new-orleans-la",
        "cityLabel": "New Orleans, LA",
        "date": "2023-05-05 00:00:00",
        "location": "VALID"
      }
    },
    {
      "type": "Feature",
      "geometry": {
        "type": "Point",
        "coordinates": [
          -90.0752945,
          29.950286666666667
        ]
      },
      "properties": {
        "id": 55089,
        "obstruction": "Private Owner Vehicle",
        "imageUrl": "https://feed.bikelaneuprising.com/nc/uploads/2024/07/29/d4e47ef83c2f752b23a524dca50f1403e919f9c8/57a7626d-69d1-4f4c-93da-706b5fed6bce_file_0_XswOL",
        "cityKey": "new-orleans-la",
        "cityLabel": "New Orleans, LA",
        "date": "2023-05-05 00:00:00",
        "location": "VALID"
      }
    },
    {
      "type": "Feature",
      "geometry": {
        "type": "Point",
        "coordinates": [
          -90.07475283333333,
          29.94893666666667
        ]
      },
      "properties": {
        "id": 55090,
        "obstruction": "Other  (damaged lane / snow / debris / pedestrian / etc.)",
        "imageUrl": "https://feed.bikelaneuprising.com/nc/uploads/2024/07/29/d4e47ef83c2f752b23a524dca50f1403e919f9c8/3e262a71-bf47-4f74-a564-4a48baffb3dc_file_0_rK57e",
        "cityKey": "new-orleans-la",
        "cityLabel": "New Orleans, LA",
        "date": "2023-05-05 00:00:00",
        "location": "VALID"
      }
    },
    {
      "type": "Feature",
      "geometry": {
        "type": "Point",
        "coordinates": [
          -90.07599716666667,
          29.950521666666667
        ]
      },
      "properties": {
        "id": 55101,
        "obstruction": "Private Owner Vehicle",
        "imageUrl": "https://feed.bikelaneuprising.com/nc/uploads/2024/07/29/d4e47ef83c2f752b23a524dca50f1403e919f9c8/3e4d14e0-a4be-432a-839b-bf43a96defa8_file_0_ROVR-",
        "cityKey": "new-orleans-la",
        "cityLabel": "New Orleans, LA",
        "date": "2023-05-05 00:00:00",
        "location": "VALID"
      }
    },
    {
      "type": "Feature",
      "geometry": {
        "type": "Point",
        "coordinates": [
          -90.07606383333334,
          29.94957
        ]
      },
      "properties": {
        "id": 55102,
        "obstruction": "Private Owner Vehicle",
        "imageUrl": "https://feed.bikelaneuprising.com/nc/uploads/2024/07/29/d4e47ef83c2f752b23a524dca50f1403e919f9c8/5b95a2f2-40fd-409d-99a2-ba05b67e0b94_file_0_cVwxZ",
        "cityKey": "new-orleans-la",
        "cityLabel": "New Orleans, LA",
        "date": "2023-05-05 00:00:00",
        "location": "VALID"
      }
    },
    {
      "type": "Feature",
      "geometry": {
        "type": "Point",
        "coordinates": [
          -90.07533333333333,
          29.95409666666667
        ]
      },
      "properties": {
        "id": 55118,
        "obstruction": "Taxi / Uber / Livery / Lyft",
        "imageUrl": "https://feed.bikelaneuprising.com/nc/uploads/2024/07/29/d4e47ef83c2f752b23a524dca50f1403e919f9c8/064d8fa5-0dc0-4df6-91fc-e9379527347e_file_0_Ngbp5",
        "cityKey": "new-orleans-la",
        "cityLabel": "New Orleans, LA",
        "date": "2023-05-05 00:00:00",
        "location": "VALID"
      }
    },
    {
      "type": "Feature",
      "geometry": {
        "type": "Point",
        "coordinates": [
          -90.0587695,
          29.960088333333335
        ]
      },
      "properties": {
        "id": 55152,
        "obstruction": "Private Owner Vehicle",
        "imageUrl": "https://feed.bikelaneuprising.com/nc/uploads/2024/07/28/d4e47ef83c2f752b23a524dca50f1403e919f9c8/cd911050-1490-44d0-bbe1-b9a31477b4d4_file_0_YlX09",
        "cityKey": "new-orleans-la",
        "cityLabel": "New Orleans, LA",
        "date": "2022-11-20 00:00:00",
        "location": "VALID"
      }
    },
    {
      "type": "Feature",
      "geometry": {
        "type": "Point",
        "coordinates": [
          -90.07353333333333,
          29.948596666666667
        ]
      },
      "properties": {
        "id": 55175,
        "obstruction": "Taxi / Uber / Livery / Lyft",
        "imageUrl": "",
        "cityKey": "new-orleans-la",
        "cityLabel": "New Orleans, LA",
        "date": "2023-05-07 00:00:00",
        "location": "VALID"
      }
    },
    {
      "type": "Feature",
      "geometry": {
        "type": "Point",
        "coordinates": [
          -90.11276383333333,
          30.026072166666665
        ]
      },
      "properties": {
        "id": 55176,
        "obstruction": "Other  (damaged lane / snow / debris / pedestrian / etc.)",
        "imageUrl": "https://feed.bikelaneuprising.com/nc/uploads/2024/07/28/d4e47ef83c2f752b23a524dca50f1403e919f9c8/3f4b52b8-7325-44bf-8747-7d14fdfb3cf8_file_0_9i2oN",
        "cityKey": "new-orleans-la",
        "cityLabel": "New Orleans, LA",
        "date": "2023-05-07 00:00:00",
        "location": "VALID"
      }
    },
    {
      "type": "Feature",
      "geometry": {
        "type": "Point",
        "coordinates": [
          -90.07434166666667,
          29.973308333333332
        ]
      },
      "properties": {
        "id": 55181,
        "obstruction": "Municipal (city) Vehicle - includes USPS",
        "imageUrl": "https://feed.bikelaneuprising.com/nc/uploads/2024/07/28/d4e47ef83c2f752b23a524dca50f1403e919f9c8/160ba830-1bc8-43cd-8be2-e615a904d895_file_0_xNZXc",
        "cityKey": "new-orleans-la",
        "cityLabel": "New Orleans, LA",
        "date": "2023-05-07 00:00:00",
        "location": "VALID"
      }
    },
    {
      "type": "Feature",
      "geometry": {
        "type": "Point",
        "coordinates": [
          -90.05634670089486,
          29.964487585678636
        ]
      },
      "properties": {
        "id": 55191,
        "obstruction": "Private Owner Vehicle",
        "imageUrl": "",
        "cityKey": "new-orleans-la",
        "cityLabel": "New Orleans, LA",
        "date": "2023-05-08 00:00:00",
        "location": "VALID"
      }
    },
    {
      "type": "Feature",
      "geometry": {
        "type": "Point",
        "coordinates": [
          -90.076381,
          29.949223
        ]
      },
      "properties": {
        "id": 55234,
        "obstruction": "Private Owner Vehicle",
        "imageUrl": "https://feed.bikelaneuprising.com/nc/uploads/2024/07/29/d4e47ef83c2f752b23a524dca50f1403e919f9c8/c7a46e_2e5ef3cb78d6405d9966031eeff90a09~mv2_GkOln.jpg",
        "cityKey": "new-orleans-la",
        "cityLabel": "New Orleans, LA",
        "date": "2023-04-28 00:00:00",
        "location": "VALID"
      }
    },
    {
      "type": "Feature",
      "geometry": {
        "type": "Point",
        "coordinates": [
          -90.07863616666667,
          29.941813333333332
        ]
      },
      "properties": {
        "id": 55253,
        "obstruction": "Construction",
        "imageUrl": "https://feed.bikelaneuprising.com/nc/uploads/2024/07/29/d4e47ef83c2f752b23a524dca50f1403e919f9c8/1e974026-13d5-4a58-8fca-5b3fbc55e1b4_file_0__pAfM",
        "cityKey": "new-orleans-la",
        "cityLabel": "New Orleans, LA",
        "date": "2023-05-09 00:00:00",
        "location": "VALID"
      }
    },
    {
      "type": "Feature",
      "geometry": {
        "type": "Point",
        "coordinates": [
          -90.06531383333333,
          29.952558333333332
        ]
      },
      "properties": {
        "id": 55254,
        "obstruction": "Other  (damaged lane / snow / debris / pedestrian / etc.)",
        "imageUrl": "https://feed.bikelaneuprising.com/nc/uploads/2024/07/29/d4e47ef83c2f752b23a524dca50f1403e919f9c8/80e4ac39-468a-4a9e-9b23-d8a9f7f1fab3_file_0_xLjij",
        "cityKey": "new-orleans-la",
        "cityLabel": "New Orleans, LA",
        "date": "2023-05-09 00:00:00",
        "location": "VALID"
      }
    },
    {
      "type": "Feature",
      "geometry": {
        "type": "Point",
        "coordinates": [
          -90.06220283333333,
          29.957394999999998
        ]
      },
      "properties": {
        "id": 55255,
        "obstruction": "Taxi / Uber / Livery / Lyft",
        "imageUrl": "https://feed.bikelaneuprising.com/nc/uploads/2024/07/29/d4e47ef83c2f752b23a524dca50f1403e919f9c8/ad916a4a-b997-49cf-99f6-e4c410177813_file_0_gMkJB",
        "cityKey": "new-orleans-la",
        "cityLabel": "New Orleans, LA",
        "date": "2023-05-09 00:00:00",
        "location": "VALID"
      }
    },
    {
      "type": "Feature",
      "geometry": {
        "type": "Point",
        "coordinates": [
          -90.06034166666667,
          29.959191666666666
        ]
      },
      "properties": {
        "id": 55256,
        "obstruction": "Municipal (city) Vehicle - includes USPS",
        "imageUrl": "https://feed.bikelaneuprising.com/nc/uploads/2024/07/29/d4e47ef83c2f752b23a524dca50f1403e919f9c8/b4121760-d89b-46c8-bf28-6ad9a2e2cc0f_file_0_1hy4b",
        "cityKey": "new-orleans-la",
        "cityLabel": "New Orleans, LA",
        "date": "2023-05-09 00:00:00",
        "location": "VALID"
      }
    },
    {
      "type": "Feature",
      "geometry": {
        "type": "Point",
        "coordinates": [
          -90.102675,
          29.984728333333333
        ]
      },
      "properties": {
        "id": 55257,
        "obstruction": "Construction",
        "imageUrl": "https://feed.bikelaneuprising.com/nc/uploads/2024/07/28/d4e47ef83c2f752b23a524dca50f1403e919f9c8/6918a201-fb77-4781-b1a4-f1f6e831bd33_file_0_HgC3X",
        "cityKey": "new-orleans-la",
        "cityLabel": "New Orleans, LA",
        "date": "2022-08-29 00:00:00",
        "location": "VALID"
      }
    },
    {
      "type": "Feature",
      "geometry": {
        "type": "Point",
        "coordinates": [
          -90.10273883333333,
          29.984711666666666
        ]
      },
      "properties": {
        "id": 55258,
        "obstruction": "Construction",
        "imageUrl": "https://feed.bikelaneuprising.com/nc/uploads/2024/07/29/d4e47ef83c2f752b23a524dca50f1403e919f9c8/8688f5ab-3dc9-4297-ba52-095dd23050ca_file_0_L6KAJ",
        "cityKey": "new-orleans-la",
        "cityLabel": "New Orleans, LA",
        "date": "2022-08-29 00:00:00",
        "location": "VALID"
      }
    },
    {
      "type": "Feature",
      "geometry": {
        "type": "Point",
        "coordinates": [
          -90.0563195,
          29.96452
        ]
      },
      "properties": {
        "id": 55259,
        "obstruction": "Private Owner Vehicle",
        "imageUrl": "https://feed.bikelaneuprising.com/nc/uploads/2024/07/29/d4e47ef83c2f752b23a524dca50f1403e919f9c8/0e43b641-b2ba-48cc-a27e-264b2cd413f4_file_0_h3zaw",
        "cityKey": "new-orleans-la",
        "cityLabel": "New Orleans, LA",
        "date": "2022-07-04 00:00:00",
        "location": "VALID"
      }
    },
    {
      "type": "Feature",
      "geometry": {
        "type": "Point",
        "coordinates": [
          -90.0563055,
          29.964563333333334
        ]
      },
      "properties": {
        "id": 55260,
        "obstruction": "Private Owner Vehicle",
        "imageUrl": "https://feed.bikelaneuprising.com/nc/uploads/2024/07/28/d4e47ef83c2f752b23a524dca50f1403e919f9c8/632bc7a7-f5ef-4ead-8e06-1c5872487157_file_0_zeU-r",
        "cityKey": "new-orleans-la",
        "cityLabel": "New Orleans, LA",
        "date": "2023-03-01 00:00:00",
        "location": "VALID"
      }
    },
    {
      "type": "Feature",
      "geometry": {
        "type": "Point",
        "coordinates": [
          -90.0744695,
          29.945566666666668
        ]
      },
      "properties": {
        "id": 55261,
        "obstruction": "Private Owner Vehicle",
        "imageUrl": "https://feed.bikelaneuprising.com/nc/uploads/2024/07/29/d4e47ef83c2f752b23a524dca50f1403e919f9c8/3cfee3bc-524d-4329-b658-89d77036e615_file_0_DGBgl",
        "cityKey": "new-orleans-la",
        "cityLabel": "New Orleans, LA",
        "date": "2022-07-17 00:00:00",
        "location": "VALID"
      }
    },
    {
      "type": "Feature",
      "geometry": {
        "type": "Point",
        "coordinates": [
          -90.05622783333334,
          29.962653333333332
        ]
      },
      "properties": {
        "id": 55262,
        "obstruction": "Company Vehicle",
        "imageUrl": "https://feed.bikelaneuprising.com/nc/uploads/2024/07/29/d4e47ef83c2f752b23a524dca50f1403e919f9c8/1e6354c3-5b6a-41c6-8d39-1ad2e3c2ee96_file_0_mjNNZ",
        "cityKey": "new-orleans-la",
        "cityLabel": "New Orleans, LA",
        "date": "2023-04-24 00:00:00",
        "location": "VALID"
      }
    },
    {
      "type": "Feature",
      "geometry": {
        "type": "Point",
        "coordinates": [
          -90.05647216666667,
          29.96558
        ]
      },
      "properties": {
        "id": 55263,
        "obstruction": "Construction",
        "imageUrl": "https://feed.bikelaneuprising.com/nc/uploads/2024/07/29/d4e47ef83c2f752b23a524dca50f1403e919f9c8/e9791aeb-35fc-46b5-8a1f-60ec57ae80f3_file_0_9yCml",
        "cityKey": "new-orleans-la",
        "cityLabel": "New Orleans, LA",
        "date": "2023-04-18 00:00:00",
        "location": "VALID"
      }
    },
    {
      "type": "Feature",
      "geometry": {
        "type": "Point",
        "coordinates": [
          -90.06001383333333,
          29.959336666666665
        ]
      },
      "properties": {
        "id": 55264,
        "obstruction": "Taxi / Uber / Livery / Lyft",
        "imageUrl": "https://feed.bikelaneuprising.com/nc/uploads/2024/07/29/d4e47ef83c2f752b23a524dca50f1403e919f9c8/d7e7decf-fcf5-4e69-8da8-2d1f345068f2_file_0_M8DAA",
        "cityKey": "new-orleans-la",
        "cityLabel": "New Orleans, LA",
        "date": "2023-04-10 00:00:00",
        "location": "VALID"
      }
    },
    {
      "type": "Feature",
      "geometry": {
        "type": "Point",
        "coordinates": [
          -90.06978616666666,
          29.952066666666667
        ]
      },
      "properties": {
        "id": 55265,
        "obstruction": "Company Vehicle",
        "imageUrl": "https://feed.bikelaneuprising.com/nc/uploads/2024/07/29/d4e47ef83c2f752b23a524dca50f1403e919f9c8/22b800a1-a77f-4b6c-9855-5242de0ef9c7_file_0_CeREx",
        "cityKey": "new-orleans-la",
        "cityLabel": "New Orleans, LA",
        "date": "2023-02-02 00:00:00",
        "location": "VALID"
      }
    },
    {
      "type": "Feature",
      "geometry": {
        "type": "Point",
        "coordinates": [
          -90.05651116666667,
          29.961491666666667
        ]
      },
      "properties": {
        "id": 55266,
        "obstruction": "Taxi / Uber / Livery / Lyft",
        "imageUrl": "https://feed.bikelaneuprising.com/nc/uploads/2024/07/29/d4e47ef83c2f752b23a524dca50f1403e919f9c8/2e7cb9c2-5a59-4321-a346-252d43994f2c_file_0_FjhqZ",
        "cityKey": "new-orleans-la",
        "cityLabel": "New Orleans, LA",
        "date": "2022-10-17 00:00:00",
        "location": "VALID"
      }
    },
    {
      "type": "Feature",
      "geometry": {
        "type": "Point",
        "coordinates": [
          -90.05937216666666,
          29.959678333333333
        ]
      },
      "properties": {
        "id": 55267,
        "obstruction": "Private Owner Vehicle",
        "imageUrl": "https://feed.bikelaneuprising.com/nc/uploads/2024/07/28/d4e47ef83c2f752b23a524dca50f1403e919f9c8/71617456-1fb8-44c5-822e-f1b8483703e5_file_0_uHkZt",
        "cityKey": "new-orleans-la",
        "cityLabel": "New Orleans, LA",
        "date": "2022-07-16 00:00:00",
        "location": "VALID"
      }
    },
    {
      "type": "Feature",
      "geometry": {
        "type": "Point",
        "coordinates": [
          -90.07595833333333,
          29.95072
        ]
      },
      "properties": {
        "id": 55291,
        "obstruction": "Private Owner Vehicle",
        "imageUrl": "https://feed.bikelaneuprising.com/nc/uploads/2024/07/29/d4e47ef83c2f752b23a524dca50f1403e919f9c8/0950df8e-3ff3-43f0-8bb2-04e92371f046_file_0_JH1qx",
        "cityKey": "new-orleans-la",
        "cityLabel": "New Orleans, LA",
        "date": "2023-05-09 00:00:00",
        "location": "VALID"
      }
    },
    {
      "type": "Feature",
      "geometry": {
        "type": "Point",
        "coordinates": [
          -90.05620151843073,
          29.96253087747417
        ]
      },
      "properties": {
        "id": 55292,
        "obstruction": "Company Vehicle",
        "imageUrl": "",
        "cityKey": "new-orleans-la",
        "cityLabel": "New Orleans, LA",
        "date": "2023-05-09 00:00:00",
        "location": "VALID"
      }
    },
    {
      "type": "Feature",
      "geometry": {
        "type": "Point",
        "coordinates": [
          -90.07569166666667,
          29.950628333333334
        ]
      },
      "properties": {
        "id": 55295,
        "obstruction": "Private Owner Vehicle",
        "imageUrl": "https://feed.bikelaneuprising.com/nc/uploads/2024/07/29/d4e47ef83c2f752b23a524dca50f1403e919f9c8/e3e44bb9-206d-42be-b939-f2a92896c65d_file_0_9C654",
        "cityKey": "new-orleans-la",
        "cityLabel": "New Orleans, LA",
        "date": "2023-05-09 00:00:00",
        "location": "VALID"
      }
    },
    {
      "type": "Feature",
      "geometry": {
        "type": "Point",
        "coordinates": [
          -90.05638883333333,
          29.964446666666667
        ]
      },
      "properties": {
        "id": 55300,
        "obstruction": "Private Owner Vehicle",
        "imageUrl": "https://feed.bikelaneuprising.com/nc/uploads/2024/07/29/d4e47ef83c2f752b23a524dca50f1403e919f9c8/295f9f09-2a75-48d0-a14c-25cdd8b2cfa3_file_0_nLF-_",
        "cityKey": "new-orleans-la",
        "cityLabel": "New Orleans, LA",
        "date": "2022-10-23 00:00:00",
        "location": "VALID"
      }
    },
    {
      "type": "Feature",
      "geometry": {
        "type": "Point",
        "coordinates": [
          -90.07588883333334,
          29.949703333333332
        ]
      },
      "properties": {
        "id": 55311,
        "obstruction": "Company Vehicle",
        "imageUrl": "https://feed.bikelaneuprising.com/nc/uploads/2024/07/29/d4e47ef83c2f752b23a524dca50f1403e919f9c8/7143259e-fc6d-479c-b747-f35030323039_file_0_XrFwO",
        "cityKey": "new-orleans-la",
        "cityLabel": "New Orleans, LA",
        "date": "2023-05-09 00:00:00",
        "location": "VALID"
      }
    },
    {
      "type": "Feature",
      "geometry": {
        "type": "Point",
        "coordinates": [
          -90.076775,
          29.948121666666665
        ]
      },
      "properties": {
        "id": 55312,
        "obstruction": "Company Vehicle",
        "imageUrl": "https://feed.bikelaneuprising.com/nc/uploads/2024/07/29/d4e47ef83c2f752b23a524dca50f1403e919f9c8/a2853497-8d59-460b-9dc4-6cd7ec43beeb_file_0_ycTXN",
        "cityKey": "new-orleans-la",
        "cityLabel": "New Orleans, LA",
        "date": "2023-05-09 00:00:00",
        "location": "VALID"
      }
    },
    {
      "type": "Feature",
      "geometry": {
        "type": "Point",
        "coordinates": [
          -90.0748,
          29.948783333333335
        ]
      },
      "properties": {
        "id": 55313,
        "obstruction": "Other  (damaged lane / snow / debris / pedestrian / etc.)",
        "imageUrl": "https://feed.bikelaneuprising.com/nc/uploads/2024/07/29/d4e47ef83c2f752b23a524dca50f1403e919f9c8/d2e1cc84-7d03-4710-bedc-7d65cbd30bad_file_0_a0qvT",
        "cityKey": "new-orleans-la",
        "cityLabel": "New Orleans, LA",
        "date": "2023-05-10 00:00:00",
        "location": "VALID"
      }
    },
    {
      "type": "Feature",
      "geometry": {
        "type": "Point",
        "coordinates": [
          -90.06697241216898,
          29.97483776240566
        ]
      },
      "properties": {
        "id": 55314,
        "obstruction": "Private Owner Vehicle",
        "imageUrl": "https://feed.bikelaneuprising.com/nc/uploads/2024/07/29/d4e47ef83c2f752b23a524dca50f1403e919f9c8/e2d3ce12-7d44-4f5b-8c60-9f843e744bd8_file_0_l6Pkv",
        "cityKey": "new-orleans-la",
        "cityLabel": "New Orleans, LA",
        "date": "2023-05-10 00:00:00",
        "location": "VALID"
      }
    },
    {
      "type": "Feature",
      "geometry": {
        "type": "Point",
        "coordinates": [
          -90.06411150097847,
          29.970015906015657
        ]
      },
      "properties": {
        "id": 55315,
        "obstruction": "Private Owner Vehicle",
        "imageUrl": "https://feed.bikelaneuprising.com/nc/uploads/2024/07/29/d4e47ef83c2f752b23a524dca50f1403e919f9c8/5875f5d9-d58f-4714-a47d-57448d9be7ae_file_0_NIh5s",
        "cityKey": "new-orleans-la",
        "cityLabel": "New Orleans, LA",
        "date": "2023-05-10 00:00:00",
        "location": "VALID"
      }
    },
    {
      "type": "Feature",
      "geometry": {
        "type": "Point",
        "coordinates": [
          -90.05616116666667,
          29.96275
        ]
      },
      "properties": {
        "id": 55321,
        "obstruction": "Other  (damaged lane / snow / debris / pedestrian / etc.)",
        "imageUrl": "https://feed.bikelaneuprising.com/nc/uploads/2024/07/29/d4e47ef83c2f752b23a524dca50f1403e919f9c8/5a995438-e752-44f3-976c-a2c3f56cdc5f_file_0_JANsv",
        "cityKey": "new-orleans-la",
        "cityLabel": "New Orleans, LA",
        "date": "2023-05-10 00:00:00",
        "location": "VALID"
      }
    },
    {
      "type": "Feature",
      "geometry": {
        "type": "Point",
        "coordinates": [
          -90.0724805,
          29.952228333333334
        ]
      },
      "properties": {
        "id": 55408,
        "obstruction": "Taxi / Uber / Livery / Lyft",
        "imageUrl": "https://feed.bikelaneuprising.com/nc/uploads/2024/07/29/d4e47ef83c2f752b23a524dca50f1403e919f9c8/1756173b-170f-4598-b601-b2f2a6cbba4e_file_0_IWaib",
        "cityKey": "new-orleans-la",
        "cityLabel": "New Orleans, LA",
        "date": "2023-05-10 00:00:00",
        "location": "VALID"
      }
    },
    {
      "type": "Feature",
      "geometry": {
        "type": "Point",
        "coordinates": [
          -90.10213333333333,
          29.926075
        ]
      },
      "properties": {
        "id": 55409,
        "obstruction": "Private Owner Vehicle",
        "imageUrl": "https://feed.bikelaneuprising.com/nc/uploads/2024/07/29/d4e47ef83c2f752b23a524dca50f1403e919f9c8/22a03894-bb3a-4d90-b023-cbcf3c9751b5_file_0_icMx2",
        "cityKey": "new-orleans-la",
        "cityLabel": "New Orleans, LA",
        "date": "2023-05-11 00:00:00",
        "location": "VALID"
      }
    },
    {
      "type": "Feature",
      "geometry": {
        "type": "Point",
        "coordinates": [
          -90.06269559972222,
          29.96790419972222
        ]
      },
      "properties": {
        "id": 55446,
        "obstruction": "Company Vehicle",
        "imageUrl": "https://feed.bikelaneuprising.com/nc/uploads/2024/07/28/d4e47ef83c2f752b23a524dca50f1403e919f9c8/da46ee28-3622-450f-bc02-750438c4a0af_file_0_H03g0",
        "cityKey": "new-orleans-la",
        "cityLabel": "New Orleans, LA",
        "date": "2023-05-11 00:00:00",
        "location": "VALID"
      }
    },
    {
      "type": "Feature",
      "geometry": {
        "type": "Point",
        "coordinates": [
          -90.1016695,
          29.92647
        ]
      },
      "properties": {
        "id": 55447,
        "obstruction": "Taxi / Uber / Livery / Lyft",
        "imageUrl": "https://feed.bikelaneuprising.com/nc/uploads/2024/07/29/d4e47ef83c2f752b23a524dca50f1403e919f9c8/878af775-33fa-40f0-90e5-10e7576f9b80_file_0_OqdQl",
        "cityKey": "new-orleans-la",
        "cityLabel": "New Orleans, LA",
        "date": "2023-05-11 00:00:00",
        "location": "VALID"
      }
    },
    {
      "type": "Feature",
      "geometry": {
        "type": "Point",
        "coordinates": [
          -90.06736116666667,
          29.950438333333334
        ]
      },
      "properties": {
        "id": 55453,
        "obstruction": "Taxi / Uber / Livery / Lyft",
        "imageUrl": "https://feed.bikelaneuprising.com/nc/uploads/2024/07/29/d4e47ef83c2f752b23a524dca50f1403e919f9c8/508662db-9476-49f5-a4b0-dc2ee414ec93_file_0_KEQ9s",
        "cityKey": "new-orleans-la",
        "cityLabel": "New Orleans, LA",
        "date": "2023-05-11 00:00:00",
        "location": "VALID"
      }
    },
    {
      "type": "Feature",
      "geometry": {
        "type": "Point",
        "coordinates": [
          -90.057725,
          29.960933333333333
        ]
      },
      "properties": {
        "id": 55454,
        "obstruction": "Private Owner Vehicle",
        "imageUrl": "https://feed.bikelaneuprising.com/nc/uploads/2024/07/29/d4e47ef83c2f752b23a524dca50f1403e919f9c8/d247f5e2-8331-4c57-aa0b-328c823fc105_file_0_OoRDO",
        "cityKey": "new-orleans-la",
        "cityLabel": "New Orleans, LA",
        "date": "2023-05-11 00:00:00",
        "location": "VALID"
      }
    },
    {
      "type": "Feature",
      "geometry": {
        "type": "Point",
        "coordinates": [
          -90.07228883333333,
          29.95333
        ]
      },
      "properties": {
        "id": 55509,
        "obstruction": "Taxi / Uber / Livery / Lyft",
        "imageUrl": "https://feed.bikelaneuprising.com/nc/uploads/2024/07/29/d4e47ef83c2f752b23a524dca50f1403e919f9c8/8982303f-7bbd-4334-a92a-42fc9b137634_file_0_ikwDP",
        "cityKey": "new-orleans-la",
        "cityLabel": "New Orleans, LA",
        "date": "2023-05-12 00:00:00",
        "location": "VALID"
      }
    },
    {
      "type": "Feature",
      "geometry": {
        "type": "Point",
        "coordinates": [
          -90.07325833333333,
          29.949508333333334
        ]
      },
      "properties": {
        "id": 55510,
        "obstruction": "Company Vehicle",
        "imageUrl": "https://feed.bikelaneuprising.com/nc/uploads/2024/07/29/d4e47ef83c2f752b23a524dca50f1403e919f9c8/4aaa740c-9012-4591-ba89-97113a4d5e37_file_0_R9_bW",
        "cityKey": "new-orleans-la",
        "cityLabel": "New Orleans, LA",
        "date": "2023-05-12 00:00:00",
        "location": "VALID"
      }
    },
    {
      "type": "Feature",
      "geometry": {
        "type": "Point",
        "coordinates": [
          -90.06648883333334,
          29.950003333333335
        ]
      },
      "properties": {
        "id": 55511,
        "obstruction": "Taxi / Uber / Livery / Lyft",
        "imageUrl": "https://feed.bikelaneuprising.com/nc/uploads/2024/07/29/d4e47ef83c2f752b23a524dca50f1403e919f9c8/69737042-91bd-4bd5-b5b6-8356a9b35a9c_file_0_Ksy92",
        "cityKey": "new-orleans-la",
        "cityLabel": "New Orleans, LA",
        "date": "2023-05-12 00:00:00",
        "location": "VALID"
      }
    },
    {
      "type": "Feature",
      "geometry": {
        "type": "Point",
        "coordinates": [
          -90.05656383333333,
          29.962933333333332
        ]
      },
      "properties": {
        "id": 55516,
        "obstruction": "Taxi / Uber / Livery / Lyft",
        "imageUrl": "https://feed.bikelaneuprising.com/nc/uploads/2024/07/28/d4e47ef83c2f752b23a524dca50f1403e919f9c8/09223767-ccec-4bc9-bf72-d6e48b7959e8_file_0_ricxz",
        "cityKey": "new-orleans-la",
        "cityLabel": "New Orleans, LA",
        "date": "2023-05-13 00:00:00",
        "location": "VALID"
      }
    },
    {
      "type": "Feature",
      "geometry": {
        "type": "Point",
        "coordinates": [
          -90.0569,
          29.966758333333335
        ]
      },
      "properties": {
        "id": 55530,
        "obstruction": "Company Vehicle",
        "imageUrl": "https://feed.bikelaneuprising.com/nc/uploads/2024/07/29/d4e47ef83c2f752b23a524dca50f1403e919f9c8/a9aec812-de10-4c33-9fd4-3ad9a4ce771c_file_0_YzoH7",
        "cityKey": "new-orleans-la",
        "cityLabel": "New Orleans, LA",
        "date": "2023-05-14 00:00:00",
        "location": "VALID"
      }
    },
    {
      "type": "Feature",
      "geometry": {
        "type": "Point",
        "coordinates": [
          -90.05692216666667,
          29.967491666666668
        ]
      },
      "properties": {
        "id": 55531,
        "obstruction": "Private Owner Vehicle",
        "imageUrl": "https://feed.bikelaneuprising.com/nc/uploads/2024/07/29/d4e47ef83c2f752b23a524dca50f1403e919f9c8/1762311e-14da-4c3b-946a-b79db7884e15_file_0_m2yRI",
        "cityKey": "new-orleans-la",
        "cityLabel": "New Orleans, LA",
        "date": "2023-05-14 00:00:00",
        "location": "VALID"
      }
    },
    {
      "type": "Feature",
      "geometry": {
        "type": "Point",
        "coordinates": [
          -90.07428616666667,
          29.946095
        ]
      },
      "properties": {
        "id": 55533,
        "obstruction": "Company Vehicle",
        "imageUrl": "https://feed.bikelaneuprising.com/nc/uploads/2024/07/28/d4e47ef83c2f752b23a524dca50f1403e919f9c8/191eb799-d2a2-40f3-9d62-d8c087d00c71_file_0_KR4kZ",
        "cityKey": "new-orleans-la",
        "cityLabel": "New Orleans, LA",
        "date": "2023-05-14 00:00:00",
        "location": "VALID"
      }
    },
    {
      "type": "Feature",
      "geometry": {
        "type": "Point",
        "coordinates": [
          -90.0568555,
          29.96413
        ]
      },
      "properties": {
        "id": 55534,
        "obstruction": "Construction",
        "imageUrl": "https://feed.bikelaneuprising.com/nc/uploads/2024/07/29/d4e47ef83c2f752b23a524dca50f1403e919f9c8/82672eae-7703-4f18-9810-93429b7bcbb1_file_0_hZlSW",
        "cityKey": "new-orleans-la",
        "cityLabel": "New Orleans, LA",
        "date": "2023-05-14 00:00:00",
        "location": "VALID"
      }
    },
    {
      "type": "Feature",
      "geometry": {
        "type": "Point",
        "coordinates": [
          -90.10189166666666,
          29.926445
        ]
      },
      "properties": {
        "id": 55539,
        "obstruction": "Private Owner Vehicle",
        "imageUrl": "https://feed.bikelaneuprising.com/nc/uploads/2024/07/29/d4e47ef83c2f752b23a524dca50f1403e919f9c8/6860b107-12f6-4950-a19d-9d06545bbb4f_file_0_hsJOt",
        "cityKey": "new-orleans-la",
        "cityLabel": "New Orleans, LA",
        "date": "2023-05-14 00:00:00",
        "location": "VALID"
      }
    },
    {
      "type": "Feature",
      "geometry": {
        "type": "Point",
        "coordinates": [
          -90.0636,
          29.955946666666666
        ]
      },
      "properties": {
        "id": 55540,
        "obstruction": "Taxi / Uber / Livery / Lyft",
        "imageUrl": "https://feed.bikelaneuprising.com/nc/uploads/2024/07/29/d4e47ef83c2f752b23a524dca50f1403e919f9c8/99642028-5077-473a-94eb-6029c46443cd_file_0_Rc5NB",
        "cityKey": "new-orleans-la",
        "cityLabel": "New Orleans, LA",
        "date": "2023-05-14 00:00:00",
        "location": "VALID"
      }
    },
    {
      "type": "Feature",
      "geometry": {
        "type": "Point",
        "coordinates": [
          -90.0620805,
          29.957483333333332
        ]
      },
      "properties": {
        "id": 55541,
        "obstruction": "Private Owner Vehicle",
        "imageUrl": "https://feed.bikelaneuprising.com/nc/uploads/2024/07/29/d4e47ef83c2f752b23a524dca50f1403e919f9c8/323e4543-4c22-40a5-a594-c18276bdfb38_file_0_tkgS7",
        "cityKey": "new-orleans-la",
        "cityLabel": "New Orleans, LA",
        "date": "2023-05-14 00:00:00",
        "location": "VALID"
      }
    },
    {
      "type": "Feature",
      "geometry": {
        "type": "Point",
        "coordinates": [
          -90.05771666666666,
          29.960916666666666
        ]
      },
      "properties": {
        "id": 55542,
        "obstruction": "Company Vehicle",
        "imageUrl": "https://feed.bikelaneuprising.com/nc/uploads/2024/07/29/d4e47ef83c2f752b23a524dca50f1403e919f9c8/486ff5b3-6551-4292-af07-56ce444b391d_file_0_c3MPx",
        "cityKey": "new-orleans-la",
        "cityLabel": "New Orleans, LA",
        "date": "2023-05-14 00:00:00",
        "location": "VALID"
      }
    },
    {
      "type": "Feature",
      "geometry": {
        "type": "Point",
        "coordinates": [
          -90.05776116666667,
          29.960916666666666
        ]
      },
      "properties": {
        "id": 55543,
        "obstruction": "Private Owner Vehicle",
        "imageUrl": "https://feed.bikelaneuprising.com/nc/uploads/2024/07/29/d4e47ef83c2f752b23a524dca50f1403e919f9c8/d786e693-3504-419f-b62a-f763c68a267e_file_0_sA8k0",
        "cityKey": "new-orleans-la",
        "cityLabel": "New Orleans, LA",
        "date": "2023-05-14 00:00:00",
        "location": "VALID"
      }
    },
    {
      "type": "Feature",
      "geometry": {
        "type": "Point",
        "coordinates": [
          -90.0776445,
          29.979611666666667
        ]
      },
      "properties": {
        "id": 55576,
        "obstruction": "Private Owner Vehicle",
        "imageUrl": "https://feed.bikelaneuprising.com/nc/uploads/2024/07/29/d4e47ef83c2f752b23a524dca50f1403e919f9c8/0cabee48-ed8f-4712-aa00-eead684249d6_file_0_7KFAb",
        "cityKey": "new-orleans-la",
        "cityLabel": "New Orleans, LA",
        "date": "2023-05-15 00:00:00",
        "location": "VALID"
      }
    },
    {
      "type": "Feature",
      "geometry": {
        "type": "Point",
        "coordinates": [
          -90.07624716666666,
          29.98588
        ]
      },
      "properties": {
        "id": 55577,
        "obstruction": "Other  (damaged lane / snow / debris / pedestrian / etc.)",
        "imageUrl": "https://feed.bikelaneuprising.com/nc/uploads/2024/07/28/d4e47ef83c2f752b23a524dca50f1403e919f9c8/25b90898-9236-4f74-ae11-516018a68e82_file_0_o-8kj",
        "cityKey": "new-orleans-la",
        "cityLabel": "New Orleans, LA",
        "date": "2023-05-15 00:00:00",
        "location": "VALID"
      }
    },
    {
      "type": "Feature",
      "geometry": {
        "type": "Point",
        "coordinates": [
          -90.07641666666666,
          29.986145
        ]
      },
      "properties": {
        "id": 55578,
        "obstruction": "Private Owner Vehicle",
        "imageUrl": "https://feed.bikelaneuprising.com/nc/uploads/2024/07/29/d4e47ef83c2f752b23a524dca50f1403e919f9c8/b0593fe1-cfc1-42bf-9b22-d50a2d11d879_file_0_XJ5jt",
        "cityKey": "new-orleans-la",
        "cityLabel": "New Orleans, LA",
        "date": "2023-05-15 00:00:00",
        "location": "VALID"
      }
    },
    {
      "type": "Feature",
      "geometry": {
        "type": "Point",
        "coordinates": [
          -90.05655,
          29.962986666666666
        ]
      },
      "properties": {
        "id": 55602,
        "obstruction": "Municipal (city) Vehicle - includes USPS",
        "imageUrl": "https://feed.bikelaneuprising.com/nc/uploads/2024/07/29/d4e47ef83c2f752b23a524dca50f1403e919f9c8/adac1a60-7400-4693-9f7d-f559f06d1005_file_0_Vmky2",
        "cityKey": "new-orleans-la",
        "cityLabel": "New Orleans, LA",
        "date": "2023-05-15 00:00:00",
        "location": "VALID"
      }
    },
    {
      "type": "Feature",
      "geometry": {
        "type": "Point",
        "coordinates": [
          -90.05618333333334,
          29.962371666666666
        ]
      },
      "properties": {
        "id": 55646,
        "obstruction": "Company Vehicle",
        "imageUrl": "https://feed.bikelaneuprising.com/nc/uploads/2024/07/28/d4e47ef83c2f752b23a524dca50f1403e919f9c8/2ebfc5d0-2d30-4e5c-8c5d-2fdf15c7a31b_file_0_tfXrn",
        "cityKey": "new-orleans-la",
        "cityLabel": "New Orleans, LA",
        "date": "2023-05-16 00:00:00",
        "location": "VALID"
      }
    },
    {
      "type": "Feature",
      "geometry": {
        "type": "Point",
        "coordinates": [
          -90.06877229402856,
          29.969641153692415
        ]
      },
      "properties": {
        "id": 55647,
        "obstruction": "Private Owner Vehicle",
        "imageUrl": "",
        "cityKey": "new-orleans-la",
        "cityLabel": "New Orleans, LA",
        "date": "2023-05-14 00:00:00",
        "location": "VALID"
      }
    },
    {
      "type": "Feature",
      "geometry": {
        "type": "Point",
        "coordinates": [
          -90.10496944444444,
          29.956327777777776
        ]
      },
      "properties": {
        "id": 55648,
        "obstruction": "Private Owner Vehicle",
        "imageUrl": "https://feed.bikelaneuprising.com/nc/uploads/2024/07/29/d4e47ef83c2f752b23a524dca50f1403e919f9c8/1a0c09c2-5988-4866-8399-126da93e16aa_file_0_xjuZS",
        "cityKey": "new-orleans-la",
        "cityLabel": "New Orleans, LA",
        "date": "2023-05-16 00:00:00",
        "location": "VALID"
      }
    },
    {
      "type": "Feature",
      "geometry": {
        "type": "Point",
        "coordinates": [
          -90.09570615539525,
          29.976304849926127
        ]
      },
      "properties": {
        "id": 55688,
        "obstruction": "Company Vehicle",
        "imageUrl": "https://feed.bikelaneuprising.com/nc/uploads/2024/07/29/d4e47ef83c2f752b23a524dca50f1403e919f9c8/30ec132f-9697-4c00-b261-dcb782232300_file_0_QpLa8",
        "cityKey": "new-orleans-la",
        "cityLabel": "New Orleans, LA",
        "date": "2023-05-08 00:00:00",
        "location": "VALID"
      }
    },
    {
      "type": "Feature",
      "geometry": {
        "type": "Point",
        "coordinates": [
          -90.07261648962945,
          29.951689650341354
        ]
      },
      "properties": {
        "id": 55700,
        "obstruction": "Taxi / Uber / Livery / Lyft",
        "imageUrl": "https://feed.bikelaneuprising.com/nc/uploads/2024/07/29/d4e47ef83c2f752b23a524dca50f1403e919f9c8/54011cd1-fcbb-42d6-b865-cf99d88375e4_file_0_VBGpJ",
        "cityKey": "new-orleans-la",
        "cityLabel": "New Orleans, LA",
        "date": "2023-04-22 00:00:00",
        "location": "VALID"
      }
    },
    {
      "type": "Feature",
      "geometry": {
        "type": "Point",
        "coordinates": [
          -90.07458748279399,
          29.945121521797084
        ]
      },
      "properties": {
        "id": 55707,
        "obstruction": "Municipal (city) Vehicle - includes USPS",
        "imageUrl": "https://feed.bikelaneuprising.com/nc/uploads/2024/07/29/d4e47ef83c2f752b23a524dca50f1403e919f9c8/17eda376-5b8d-45b8-a9e2-e2ba3f887fdc_file_0_8OpE2",
        "cityKey": "new-orleans-la",
        "cityLabel": "New Orleans, LA",
        "date": "2023-02-26 00:00:00",
        "location": "VALID"
      }
    },
    {
      "type": "Feature",
      "geometry": {
        "type": "Point",
        "coordinates": [
          -90.07306666666666,
          29.950158333333334
        ]
      },
      "properties": {
        "id": 55710,
        "obstruction": "Company Vehicle",
        "imageUrl": "https://feed.bikelaneuprising.com/nc/uploads/2024/07/29/d4e47ef83c2f752b23a524dca50f1403e919f9c8/570c595c-8326-4a70-bf97-9393b5b9f1b5_file_0_hECyN",
        "cityKey": "new-orleans-la",
        "cityLabel": "New Orleans, LA",
        "date": "2023-01-28 00:00:00",
        "location": "VALID"
      }
    },
    {
      "type": "Feature",
      "geometry": {
        "type": "Point",
        "coordinates": [
          -90.05618333333334,
          29.962988333333332
        ]
      },
      "properties": {
        "id": 55718,
        "obstruction": "Company Vehicle",
        "imageUrl": "https://feed.bikelaneuprising.com/nc/uploads/2024/07/29/d4e47ef83c2f752b23a524dca50f1403e919f9c8/5444fdb7-4dff-435c-a0ff-535d10efd7f3_file_0_k3VKy",
        "cityKey": "new-orleans-la",
        "cityLabel": "New Orleans, LA",
        "date": "2023-05-17 00:00:00",
        "location": "VALID"
      }
    },
    {
      "type": "Feature",
      "geometry": {
        "type": "Point",
        "coordinates": [
          -90.0563055,
          29.964328333333334
        ]
      },
      "properties": {
        "id": 55719,
        "obstruction": "Company Vehicle",
        "imageUrl": "https://feed.bikelaneuprising.com/nc/uploads/2024/07/29/d4e47ef83c2f752b23a524dca50f1403e919f9c8/994c7b4b-3b60-4210-ad92-ebba47e55864_file_0_ELjnX",
        "cityKey": "new-orleans-la",
        "cityLabel": "New Orleans, LA",
        "date": "2023-05-17 00:00:00",
        "location": "VALID"
      }
    },
    {
      "type": "Feature",
      "geometry": {
        "type": "Point",
        "coordinates": [
          -90.0622945,
          29.95738
        ]
      },
      "properties": {
        "id": 55720,
        "obstruction": "Company Vehicle",
        "imageUrl": "https://feed.bikelaneuprising.com/nc/uploads/2024/07/29/d4e47ef83c2f752b23a524dca50f1403e919f9c8/2d62aa93-b3aa-411d-93be-b2729a0a6f1e_file_0_ErqM8",
        "cityKey": "new-orleans-la",
        "cityLabel": "New Orleans, LA",
        "date": "2023-05-17 00:00:00",
        "location": "VALID"
      }
    },
    {
      "type": "Feature",
      "geometry": {
        "type": "Point",
        "coordinates": [
          -90.06988616666666,
          29.943183333333334
        ]
      },
      "properties": {
        "id": 55721,
        "obstruction": "Taxi / Uber / Livery / Lyft",
        "imageUrl": "https://feed.bikelaneuprising.com/nc/uploads/2024/07/29/d4e47ef83c2f752b23a524dca50f1403e919f9c8/cd556c6a-ef24-4208-afce-bbe1f33ab52d_file_0__Hx0E",
        "cityKey": "new-orleans-la",
        "cityLabel": "New Orleans, LA",
        "date": "2023-05-17 00:00:00",
        "location": "VALID"
      }
    },
    {
      "type": "Feature",
      "geometry": {
        "type": "Point",
        "coordinates": [
          -90.06993883333334,
          29.94288
        ]
      },
      "properties": {
        "id": 55722,
        "obstruction": "Construction",
        "imageUrl": "https://feed.bikelaneuprising.com/nc/uploads/2024/07/29/d4e47ef83c2f752b23a524dca50f1403e919f9c8/1c473bcf-0723-4b1d-b943-f5d18808d959_file_0_pxZwH",
        "cityKey": "new-orleans-la",
        "cityLabel": "New Orleans, LA",
        "date": "2023-05-17 00:00:00",
        "location": "VALID"
      }
    },
    {
      "type": "Feature",
      "geometry": {
        "type": "Point",
        "coordinates": [
          -90.0753945,
          29.927995
        ]
      },
      "properties": {
        "id": 55723,
        "obstruction": "Municipal (city) Vehicle - includes USPS",
        "imageUrl": "https://feed.bikelaneuprising.com/nc/uploads/2024/07/29/d4e47ef83c2f752b23a524dca50f1403e919f9c8/fd5dafbd-3026-4bd2-9d16-f5b0ca21c93d_file_0_y6M2H",
        "cityKey": "new-orleans-la",
        "cityLabel": "New Orleans, LA",
        "date": "2023-05-17 00:00:00",
        "location": "VALID"
      }
    },
    {
      "type": "Feature",
      "geometry": {
        "type": "Point",
        "coordinates": [
          -90.07421116666667,
          29.926738333333333
        ]
      },
      "properties": {
        "id": 55724,
        "obstruction": "Company Vehicle",
        "imageUrl": "https://feed.bikelaneuprising.com/nc/uploads/2024/07/29/d4e47ef83c2f752b23a524dca50f1403e919f9c8/0d83f0cb-01df-49ff-8811-c09378d07d34_file_1_ZCiWJ",
        "cityKey": "new-orleans-la",
        "cityLabel": "New Orleans, LA",
        "date": "2023-05-17 00:00:00",
        "location": "VALID"
      }
    },
    {
      "type": "Feature",
      "geometry": {
        "type": "Point",
        "coordinates": [
          -90.101325,
          29.920405
        ]
      },
      "properties": {
        "id": 55725,
        "obstruction": "Company Vehicle",
        "imageUrl": "https://feed.bikelaneuprising.com/nc/uploads/2024/07/29/d4e47ef83c2f752b23a524dca50f1403e919f9c8/ce0c99b2-1ff0-422c-ad36-83cbbb167eb6_file_0_ps0Pj",
        "cityKey": "new-orleans-la",
        "cityLabel": "New Orleans, LA",
        "date": "2023-05-17 00:00:00",
        "location": "VALID"
      }
    },
    {
      "type": "Feature",
      "geometry": {
        "type": "Point",
        "coordinates": [
          -90.10156383333333,
          29.92032
        ]
      },
      "properties": {
        "id": 55726,
        "obstruction": "Private Owner Vehicle",
        "imageUrl": "https://feed.bikelaneuprising.com/nc/uploads/2024/07/29/d4e47ef83c2f752b23a524dca50f1403e919f9c8/44b0d4c8-5111-45d7-83ac-1706a4b6c00f_file_0_bpJQU",
        "cityKey": "new-orleans-la",
        "cityLabel": "New Orleans, LA",
        "date": "2023-05-17 00:00:00",
        "location": "VALID"
      }
    },
    {
      "type": "Feature",
      "geometry": {
        "type": "Point",
        "coordinates": [
          -90.10125,
          29.919888333333333
        ]
      },
      "properties": {
        "id": 55727,
        "obstruction": "Company Vehicle",
        "imageUrl": "https://feed.bikelaneuprising.com/nc/uploads/2024/07/29/d4e47ef83c2f752b23a524dca50f1403e919f9c8/5df76403-1928-4b5d-9255-14b72442e901_file_0_tS5-v",
        "cityKey": "new-orleans-la",
        "cityLabel": "New Orleans, LA",
        "date": "2023-05-17 00:00:00",
        "location": "VALID"
      }
    },
    {
      "type": "Feature",
      "geometry": {
        "type": "Point",
        "coordinates": [
          -90.06298883333334,
          29.956453333333332
        ]
      },
      "properties": {
        "id": 55732,
        "obstruction": "Company Vehicle",
        "imageUrl": "https://feed.bikelaneuprising.com/nc/uploads/2024/07/29/d4e47ef83c2f752b23a524dca50f1403e919f9c8/e3bb503e-54d2-4024-a3bd-c8247b9a7fb7_file_0_9eYX-",
        "cityKey": "new-orleans-la",
        "cityLabel": "New Orleans, LA",
        "date": "2023-05-17 00:00:00",
        "location": "VALID"
      }
    },
    {
      "type": "Feature",
      "geometry": {
        "type": "Point",
        "coordinates": [
          -90.0626445,
          29.956888333333332
        ]
      },
      "properties": {
        "id": 55733,
        "obstruction": "Municipal (city) Vehicle - includes USPS",
        "imageUrl": "https://feed.bikelaneuprising.com/nc/uploads/2024/07/29/d4e47ef83c2f752b23a524dca50f1403e919f9c8/602b6885-e4b8-49b6-a1e1-c682e8d68b4c_file_0_EbuIR",
        "cityKey": "new-orleans-la",
        "cityLabel": "New Orleans, LA",
        "date": "2023-05-17 00:00:00",
        "location": "VALID"
      }
    },
    {
      "type": "Feature",
      "geometry": {
        "type": "Point",
        "coordinates": [
          -90.0568305,
          29.961296666666666
        ]
      },
      "properties": {
        "id": 55734,
        "obstruction": "Company Vehicle",
        "imageUrl": "https://feed.bikelaneuprising.com/nc/uploads/2024/07/29/d4e47ef83c2f752b23a524dca50f1403e919f9c8/6de62477-c872-440a-ad8a-101066f71676_file_0_DCRBO",
        "cityKey": "new-orleans-la",
        "cityLabel": "New Orleans, LA",
        "date": "2023-05-17 00:00:00",
        "location": "VALID"
      }
    },
    {
      "type": "Feature",
      "geometry": {
        "type": "Point",
        "coordinates": [
          -90.0635502487421,
          29.9692619070731
        ]
      },
      "properties": {
        "id": 55771,
        "obstruction": "Company Vehicle",
        "imageUrl": "https://feed.bikelaneuprising.com/nc/uploads/2024/07/29/d4e47ef83c2f752b23a524dca50f1403e919f9c8/5996fa0f-a3eb-47dd-a4de-3319676dadd9_file_0_kBmfE",
        "cityKey": "new-orleans-la",
        "cityLabel": "New Orleans, LA",
        "date": "2023-05-17 00:00:00",
        "location": "VALID"
      }
    },
    {
      "type": "Feature",
      "geometry": {
        "type": "Point",
        "coordinates": [
          -90.07243333333334,
          29.952303333333333
        ]
      },
      "properties": {
        "id": 55785,
        "obstruction": "Taxi / Uber / Livery / Lyft",
        "imageUrl": "https://feed.bikelaneuprising.com/nc/uploads/2024/07/29/d4e47ef83c2f752b23a524dca50f1403e919f9c8/0117f508-0552-4bdb-8f00-3a07941c6ca4_file_0_FY66N",
        "cityKey": "new-orleans-la",
        "cityLabel": "New Orleans, LA",
        "date": "2023-05-18 00:00:00",
        "location": "VALID"
      }
    },
    {
      "type": "Feature",
      "geometry": {
        "type": "Point",
        "coordinates": [
          -90.072525,
          29.952025
        ]
      },
      "properties": {
        "id": 55786,
        "obstruction": "Other  (damaged lane / snow / debris / pedestrian / etc.)",
        "imageUrl": "https://feed.bikelaneuprising.com/nc/uploads/2024/07/29/d4e47ef83c2f752b23a524dca50f1403e919f9c8/9a858675-5889-4c06-91bc-df0e6ad5809b_file_0_DnViS",
        "cityKey": "new-orleans-la",
        "cityLabel": "New Orleans, LA",
        "date": "2023-05-18 00:00:00",
        "location": "VALID"
      }
    },
    {
      "type": "Feature",
      "geometry": {
        "type": "Point",
        "coordinates": [
          -90.0727305,
          29.951561666666667
        ]
      },
      "properties": {
        "id": 55787,
        "obstruction": "Taxi / Uber / Livery / Lyft",
        "imageUrl": "https://feed.bikelaneuprising.com/nc/uploads/2024/07/29/d4e47ef83c2f752b23a524dca50f1403e919f9c8/2e91f427-2aa2-44d0-9f00-f67d96f0aaea_file_0_bza69",
        "cityKey": "new-orleans-la",
        "cityLabel": "New Orleans, LA",
        "date": "2023-05-18 00:00:00",
        "location": "VALID"
      }
    },
    {
      "type": "Feature",
      "geometry": {
        "type": "Point",
        "coordinates": [
          -90.07330283333333,
          29.949186666666666
        ]
      },
      "properties": {
        "id": 55788,
        "obstruction": "Company Vehicle",
        "imageUrl": "https://feed.bikelaneuprising.com/nc/uploads/2024/07/28/d4e47ef83c2f752b23a524dca50f1403e919f9c8/ef923493-d68e-4f79-8400-46afcded7e8e_file_0_vyZC8",
        "cityKey": "new-orleans-la",
        "cityLabel": "New Orleans, LA",
        "date": "2023-05-18 00:00:00",
        "location": "VALID"
      }
    },
    {
      "type": "Feature",
      "geometry": {
        "type": "Point",
        "coordinates": [
          -90.07371383333333,
          29.948036666666667
        ]
      },
      "properties": {
        "id": 55789,
        "obstruction": "Municipal (city) Vehicle - includes USPS",
        "imageUrl": "https://feed.bikelaneuprising.com/nc/uploads/2024/07/28/d4e47ef83c2f752b23a524dca50f1403e919f9c8/2ea55c3d-e281-43bc-b615-f9700b2940d5_file_0_S49e1",
        "cityKey": "new-orleans-la",
        "cityLabel": "New Orleans, LA",
        "date": "2023-05-18 00:00:00",
        "location": "VALID"
      }
    },
    {
      "type": "Feature",
      "geometry": {
        "type": "Point",
        "coordinates": [
          -90.07391383333334,
          29.947255
        ]
      },
      "properties": {
        "id": 55790,
        "obstruction": "Municipal (city) Vehicle - includes USPS",
        "imageUrl": "https://feed.bikelaneuprising.com/nc/uploads/2024/07/28/d4e47ef83c2f752b23a524dca50f1403e919f9c8/71991b4a-59aa-4979-8272-ad8d368d92da_file_0_MVr87",
        "cityKey": "new-orleans-la",
        "cityLabel": "New Orleans, LA",
        "date": "2023-05-18 00:00:00",
        "location": "VALID"
      }
    },
    {
      "type": "Feature",
      "geometry": {
        "type": "Point",
        "coordinates": [
          -90.07450833333333,
          29.945446666666665
        ]
      },
      "properties": {
        "id": 55791,
        "obstruction": "Company Vehicle",
        "imageUrl": "https://feed.bikelaneuprising.com/nc/uploads/2024/07/29/d4e47ef83c2f752b23a524dca50f1403e919f9c8/2d660802-2cb9-47e0-8931-ef5341ae09b3_file_0_kARnF",
        "cityKey": "new-orleans-la",
        "cityLabel": "New Orleans, LA",
        "date": "2023-05-18 00:00:00",
        "location": "VALID"
      }
    },
    {
      "type": "Feature",
      "geometry": {
        "type": "Point",
        "coordinates": [
          -90.0743555,
          29.946095
        ]
      },
      "properties": {
        "id": 55792,
        "obstruction": "Private Owner Vehicle",
        "imageUrl": "https://feed.bikelaneuprising.com/nc/uploads/2024/07/29/d4e47ef83c2f752b23a524dca50f1403e919f9c8/a116532c-347a-4671-87bd-6b430b7ed1c2_file_0_k2V29",
        "cityKey": "new-orleans-la",
        "cityLabel": "New Orleans, LA",
        "date": "2023-05-18 00:00:00",
        "location": "VALID"
      }
    },
    {
      "type": "Feature",
      "geometry": {
        "type": "Point",
        "coordinates": [
          -90.081475,
          30.020758333333333
        ]
      },
      "properties": {
        "id": 55804,
        "obstruction": "Company Vehicle",
        "imageUrl": "https://feed.bikelaneuprising.com/nc/uploads/2024/07/29/d4e47ef83c2f752b23a524dca50f1403e919f9c8/92bc7ca4-345f-466b-b264-2d95e7c14407_file_0_DW5F2",
        "cityKey": "new-orleans-la",
        "cityLabel": "New Orleans, LA",
        "date": "2023-05-18 00:00:00",
        "location": "VALID"
      }
    },
    {
      "type": "Feature",
      "geometry": {
        "type": "Point",
        "coordinates": [
          -90.05863883333333,
          29.960463333333333
        ]
      },
      "properties": {
        "id": 55805,
        "obstruction": "Private Owner Vehicle",
        "imageUrl": "https://feed.bikelaneuprising.com/nc/uploads/2024/07/29/d4e47ef83c2f752b23a524dca50f1403e919f9c8/e187fcc6-f394-4ecd-b957-768959cb1447_file_0_MzknV",
        "cityKey": "new-orleans-la",
        "cityLabel": "New Orleans, LA",
        "date": "2022-04-03 00:00:00",
        "location": "VALID"
      }
    },
    {
      "type": "Feature",
      "geometry": {
        "type": "Point",
        "coordinates": [
          -90.07368333333334,
          29.948
        ]
      },
      "properties": {
        "id": 55806,
        "obstruction": "Company Vehicle",
        "imageUrl": "https://feed.bikelaneuprising.com/nc/uploads/2024/07/29/d4e47ef83c2f752b23a524dca50f1403e919f9c8/1735d1e1-c191-4b32-ab22-c69f2ecacfd4_file_0_h4rCU",
        "cityKey": "new-orleans-la",
        "cityLabel": "New Orleans, LA",
        "date": "2021-12-12 00:00:00",
        "location": "VALID"
      }
    },
    {
      "type": "Feature",
      "geometry": {
        "type": "Point",
        "coordinates": [
          -90.07515,
          29.947575
        ]
      },
      "properties": {
        "id": 55818,
        "obstruction": "Company Vehicle",
        "imageUrl": "https://feed.bikelaneuprising.com/nc/uploads/2024/07/28/d4e47ef83c2f752b23a524dca50f1403e919f9c8/b5fc971e-1969-482e-9b4a-e37ce0228a60_file_0_2ghTV",
        "cityKey": "new-orleans-la",
        "cityLabel": "New Orleans, LA",
        "date": "2023-05-18 00:00:00",
        "location": "VALID"
      }
    },
    {
      "type": "Feature",
      "geometry": {
        "type": "Point",
        "coordinates": [
          -90.07510283333333,
          29.947686666666666
        ]
      },
      "properties": {
        "id": 55819,
        "obstruction": "Company Vehicle",
        "imageUrl": "https://feed.bikelaneuprising.com/nc/uploads/2024/07/29/d4e47ef83c2f752b23a524dca50f1403e919f9c8/3d0f420f-54b3-484e-9b02-947f6ad18bf1_file_0_5yLrD",
        "cityKey": "new-orleans-la",
        "cityLabel": "New Orleans, LA",
        "date": "2023-05-18 00:00:00",
        "location": "VALID"
      }
    },
    {
      "type": "Feature",
      "geometry": {
        "type": "Point",
        "coordinates": [
          -90.07378333333334,
          29.94788
        ]
      },
      "properties": {
        "id": 55820,
        "obstruction": "Municipal (city) Vehicle - includes USPS",
        "imageUrl": "https://feed.bikelaneuprising.com/nc/uploads/2024/07/28/d4e47ef83c2f752b23a524dca50f1403e919f9c8/8bd9f629-359e-403d-9b73-92935b2c03a6_file_0_x7uON",
        "cityKey": "new-orleans-la",
        "cityLabel": "New Orleans, LA",
        "date": "2023-05-18 00:00:00",
        "location": "VALID"
      }
    },
    {
      "type": "Feature",
      "geometry": {
        "type": "Point",
        "coordinates": [
          -90.0736,
          29.934961666666666
        ]
      },
      "properties": {
        "id": 55821,
        "obstruction": "Company Vehicle",
        "imageUrl": "https://feed.bikelaneuprising.com/nc/uploads/2024/07/28/d4e47ef83c2f752b23a524dca50f1403e919f9c8/e36576f9-5f12-4b16-af8e-78b0f4de650f_file_0_Wfq4m",
        "cityKey": "new-orleans-la",
        "cityLabel": "New Orleans, LA",
        "date": "2023-05-18 00:00:00",
        "location": "VALID"
      }
    },
    {
      "type": "Feature",
      "geometry": {
        "type": "Point",
        "coordinates": [
          -90.0731055,
          29.936655000000002
        ]
      },
      "properties": {
        "id": 55822,
        "obstruction": "Private Owner Vehicle",
        "imageUrl": "https://feed.bikelaneuprising.com/nc/uploads/2024/07/29/d4e47ef83c2f752b23a524dca50f1403e919f9c8/ab1bae15-e55a-4279-b4f6-ef4320b6bcf4_file_0_g4mrz",
        "cityKey": "new-orleans-la",
        "cityLabel": "New Orleans, LA",
        "date": "2023-05-18 00:00:00",
        "location": "VALID"
      }
    },
    {
      "type": "Feature",
      "geometry": {
        "type": "Point",
        "coordinates": [
          -90.07305833333334,
          29.936771666666665
        ]
      },
      "properties": {
        "id": 55823,
        "obstruction": "Company Vehicle",
        "imageUrl": "https://feed.bikelaneuprising.com/nc/uploads/2024/07/29/d4e47ef83c2f752b23a524dca50f1403e919f9c8/d1213466-4af9-4db4-8bc9-44268c6e393d_file_0_7v_Jt",
        "cityKey": "new-orleans-la",
        "cityLabel": "New Orleans, LA",
        "date": "2023-05-18 00:00:00",
        "location": "VALID"
      }
    },
    {
      "type": "Feature",
      "geometry": {
        "type": "Point",
        "coordinates": [
          -90.07071666666667,
          29.94476166666667
        ]
      },
      "properties": {
        "id": 55824,
        "obstruction": "Company Vehicle",
        "imageUrl": "https://feed.bikelaneuprising.com/nc/uploads/2024/07/29/d4e47ef83c2f752b23a524dca50f1403e919f9c8/aa096f4d-fee7-4b2b-9a9b-0be3c5a20e2b_file_0_6sLZF",
        "cityKey": "new-orleans-la",
        "cityLabel": "New Orleans, LA",
        "date": "2023-05-18 00:00:00",
        "location": "VALID"
      }
    },
    {
      "type": "Feature",
      "geometry": {
        "type": "Point",
        "coordinates": [
          -90.066375,
          29.949971666666666
        ]
      },
      "properties": {
        "id": 55825,
        "obstruction": "Taxi / Uber / Livery / Lyft",
        "imageUrl": "https://feed.bikelaneuprising.com/nc/uploads/2024/07/29/d4e47ef83c2f752b23a524dca50f1403e919f9c8/171e0258-9b35-4095-8e0f-16b06e9e6cf5_file_0_HNs-x",
        "cityKey": "new-orleans-la",
        "cityLabel": "New Orleans, LA",
        "date": "2023-05-18 00:00:00",
        "location": "VALID"
      }
    },
    {
      "type": "Feature",
      "geometry": {
        "type": "Point",
        "coordinates": [
          -90.05774716666667,
          29.960961666666666
        ]
      },
      "properties": {
        "id": 55826,
        "obstruction": "Private Owner Vehicle",
        "imageUrl": "https://feed.bikelaneuprising.com/nc/uploads/2024/07/29/d4e47ef83c2f752b23a524dca50f1403e919f9c8/cd6d0da3-3029-420a-af4a-ebfa62753d47_file_0_X5MA5",
        "cityKey": "new-orleans-la",
        "cityLabel": "New Orleans, LA",
        "date": "2023-05-18 00:00:00",
        "location": "VALID"
      }
    },
    {
      "type": "Feature",
      "geometry": {
        "type": "Point",
        "coordinates": [
          -90.07233526448164,
          29.93908187273428
        ]
      },
      "properties": {
        "id": 55827,
        "obstruction": "Construction",
        "imageUrl": "",
        "cityKey": "new-orleans-la",
        "cityLabel": "New Orleans, LA",
        "date": "2023-05-18 00:00:00",
        "location": "VALID"
      }
    },
    {
      "type": "Feature",
      "geometry": {
        "type": "Point",
        "coordinates": [
          -90.10557499999999,
          29.955841666666664
        ]
      },
      "properties": {
        "id": 55871,
        "obstruction": "Private Owner Vehicle",
        "imageUrl": "https://feed.bikelaneuprising.com/nc/uploads/2024/07/29/d4e47ef83c2f752b23a524dca50f1403e919f9c8/79796e96-8c8d-4218-9e24-55ca9a58510c_file_0_8igvN",
        "cityKey": "new-orleans-la",
        "cityLabel": "New Orleans, LA",
        "date": "2023-05-19 00:00:00",
        "location": "VALID"
      }
    },
    {
      "type": "Feature",
      "geometry": {
        "type": "Point",
        "coordinates": [
          -90.07254166666667,
          29.952125
        ]
      },
      "properties": {
        "id": 55872,
        "obstruction": "Private Owner Vehicle",
        "imageUrl": "https://feed.bikelaneuprising.com/nc/uploads/2024/07/29/d4e47ef83c2f752b23a524dca50f1403e919f9c8/507edc11-a660-4caa-b9e2-942eb1018d76_file_0_KcNwG",
        "cityKey": "new-orleans-la",
        "cityLabel": "New Orleans, LA",
        "date": "2023-05-19 00:00:00",
        "location": "VALID"
      }
    },
    {
      "type": "Feature",
      "geometry": {
        "type": "Point",
        "coordinates": [
          -90.07258616666667,
          29.949771666666667
        ]
      },
      "properties": {
        "id": 55873,
        "obstruction": "Company Vehicle",
        "imageUrl": "https://feed.bikelaneuprising.com/nc/uploads/2024/07/28/d4e47ef83c2f752b23a524dca50f1403e919f9c8/905dd1e0-108d-4656-812e-d8c039aba0ae_file_0_FRSNZ",
        "cityKey": "new-orleans-la",
        "cityLabel": "New Orleans, LA",
        "date": "2023-05-19 00:00:00",
        "location": "VALID"
      }
    },
    {
      "type": "Feature",
      "geometry": {
        "type": "Point",
        "coordinates": [
          -90.07309716666667,
          29.949421666666666
        ]
      },
      "properties": {
        "id": 55874,
        "obstruction": "Company Vehicle",
        "imageUrl": "https://feed.bikelaneuprising.com/nc/uploads/2024/07/29/d4e47ef83c2f752b23a524dca50f1403e919f9c8/1752ffbf-d49e-449c-84c4-36088fc94541_file_0_wUDTT",
        "cityKey": "new-orleans-la",
        "cityLabel": "New Orleans, LA",
        "date": "2023-05-19 00:00:00",
        "location": "VALID"
      }
    },
    {
      "type": "Feature",
      "geometry": {
        "type": "Point",
        "coordinates": [
          -90.09572334587574,
          29.968426866898373
        ]
      },
      "properties": {
        "id": 55891,
        "obstruction": "Other  (damaged lane / snow / debris / pedestrian / etc.)",
        "imageUrl": "https://feed.bikelaneuprising.com/nc/uploads/2024/07/29/d4e47ef83c2f752b23a524dca50f1403e919f9c8/fe16cde4-2eb6-4bd6-a749-676a90a32d9e_file_0_qNMT3",
        "cityKey": "new-orleans-la",
        "cityLabel": "New Orleans, LA",
        "date": "2023-05-20 00:00:00",
        "location": "VALID"
      }
    },
    {
      "type": "Feature",
      "geometry": {
        "type": "Point",
        "coordinates": [
          -90.05619716666666,
          29.964333333333332
        ]
      },
      "properties": {
        "id": 55929,
        "obstruction": "Private Owner Vehicle",
        "imageUrl": "https://feed.bikelaneuprising.com/nc/uploads/2024/07/29/d4e47ef83c2f752b23a524dca50f1403e919f9c8/8f180789-c4b8-4cc2-ae49-c406b9145aae_file_0_rkIgk",
        "cityKey": "new-orleans-la",
        "cityLabel": "New Orleans, LA",
        "date": "2023-05-20 00:00:00",
        "location": "VALID"
      }
    },
    {
      "type": "Feature",
      "geometry": {
        "type": "Point",
        "coordinates": [
          -90.06653,
          29.95059
        ]
      },
      "properties": {
        "id": 56031,
        "obstruction": "Private Owner Vehicle",
        "imageUrl": "",
        "cityKey": "new-orleans-la",
        "cityLabel": "New Orleans, LA",
        "date": "2023-05-15 00:00:00",
        "location": "VALID"
      }
    },
    {
      "type": "Feature",
      "geometry": {
        "type": "Point",
        "coordinates": [
          -90.0742,
          29.95415
        ]
      },
      "properties": {
        "id": 56032,
        "obstruction": "Private Owner Vehicle",
        "imageUrl": "",
        "cityKey": "new-orleans-la",
        "cityLabel": "New Orleans, LA",
        "date": "2023-04-13 00:00:00",
        "location": "VALID"
      }
    },
    {
      "type": "Feature",
      "geometry": null,
      "properties": {
        "id": 56065,
        "obstruction": "Company Vehicle",
        "imageUrl": "",
        "cityKey": "new-orleans-la",
        "cityLabel": "New Orleans, LA",
        "date": "",
        "location": "INVALID"
      }
    },
    {
      "type": "Feature",
      "geometry": {
        "type": "Point",
        "coordinates": [
          -90.07649716228906,
          29.97472298459789
        ]
      },
      "properties": {
        "id": 56091,
        "obstruction": "Private Owner Vehicle",
        "imageUrl": "https://feed.bikelaneuprising.com/nc/uploads/2024/07/29/d4e47ef83c2f752b23a524dca50f1403e919f9c8/65461e73-358b-4d8e-9055-d5d6a0aed1be_file_0_bx-9z",
        "cityKey": "new-orleans-la",
        "cityLabel": "New Orleans, LA",
        "date": "2023-05-23 00:00:00",
        "location": "VALID"
      }
    },
    {
      "type": "Feature",
      "geometry": {
        "type": "Point",
        "coordinates": [
          -90.10508616666667,
          29.956245
        ]
      },
      "properties": {
        "id": 56105,
        "obstruction": "Private Owner Vehicle",
        "imageUrl": "https://feed.bikelaneuprising.com/nc/uploads/2024/07/28/d4e47ef83c2f752b23a524dca50f1403e919f9c8/d29f23a1-9127-4e33-9032-842b691bf12f_file_0_6aekv",
        "cityKey": "new-orleans-la",
        "cityLabel": "New Orleans, LA",
        "date": "2023-05-24 00:00:00",
        "location": "VALID"
      }
    },
    {
      "type": "Feature",
      "geometry": {
        "type": "Point",
        "coordinates": [
          -90.10489716666666,
          29.956555
        ]
      },
      "properties": {
        "id": 56106,
        "obstruction": "Company Vehicle",
        "imageUrl": "https://feed.bikelaneuprising.com/nc/uploads/2024/07/29/d4e47ef83c2f752b23a524dca50f1403e919f9c8/a9199ddd-90d2-4dc2-b810-e06c6981eca0_file_0_iQ0ti",
        "cityKey": "new-orleans-la",
        "cityLabel": "New Orleans, LA",
        "date": "2023-05-24 00:00:00",
        "location": "VALID"
      }
    },
    {
      "type": "Feature",
      "geometry": {
        "type": "Point",
        "coordinates": [
          -90.0951305,
          29.963678333333334
        ]
      },
      "properties": {
        "id": 56107,
        "obstruction": "Company Vehicle",
        "imageUrl": "https://feed.bikelaneuprising.com/nc/uploads/2024/07/29/d4e47ef83c2f752b23a524dca50f1403e919f9c8/ec24a114-8d77-4440-bbb0-806c69fef6e8_file_0_C2EQc",
        "cityKey": "new-orleans-la",
        "cityLabel": "New Orleans, LA",
        "date": "2023-05-24 00:00:00",
        "location": "VALID"
      }
    },
    {
      "type": "Feature",
      "geometry": {
        "type": "Point",
        "coordinates": [
          -89.97426521033049,
          29.889641615501965
        ]
      },
      "properties": {
        "id": 56172,
        "obstruction": "Municipal (city) Vehicle - includes USPS",
        "imageUrl": "https://feed.bikelaneuprising.com/nc/uploads/2024/07/29/d4e47ef83c2f752b23a524dca50f1403e919f9c8/132000c4-b226-4faa-a5f0-fc527fc8bea8_file_0_mfGBQ",
        "cityKey": "new-orleans-la",
        "cityLabel": "New Orleans, LA",
        "date": "2023-05-24 00:00:00",
        "location": "VALID"
      }
    },
    {
      "type": "Feature",
      "geometry": {
        "type": "Point",
        "coordinates": [
          -89.97607637196779,
          29.891357775418413
        ]
      },
      "properties": {
        "id": 56173,
        "obstruction": "Company Vehicle",
        "imageUrl": "https://feed.bikelaneuprising.com/nc/uploads/2024/07/29/d4e47ef83c2f752b23a524dca50f1403e919f9c8/980a6dec-1881-4d49-b3a8-b8ce117338d2_file_0_zjvG3",
        "cityKey": "new-orleans-la",
        "cityLabel": "New Orleans, LA",
        "date": "2023-05-24 00:00:00",
        "location": "VALID"
      }
    },
    {
      "type": "Feature",
      "geometry": {
        "type": "Point",
        "coordinates": [
          -90.05345977842808,
          29.954970279846833
        ]
      },
      "properties": {
        "id": 56184,
        "obstruction": "Private Owner Vehicle",
        "imageUrl": "https://feed.bikelaneuprising.com/nc/uploads/2024/07/29/d4e47ef83c2f752b23a524dca50f1403e919f9c8/6cac68a8-c18a-49b7-a0a1-5de858975f60_file_0_vy3aS",
        "cityKey": "new-orleans-la",
        "cityLabel": "New Orleans, LA",
        "date": "2023-05-19 00:00:00",
        "location": "VALID"
      }
    },
    {
      "type": "Feature",
      "geometry": {
        "type": "Point",
        "coordinates": [
          -90.05537454038858,
          29.978804393024394
        ]
      },
      "properties": {
        "id": 56299,
        "obstruction": "Private Owner Vehicle",
        "imageUrl": "https://feed.bikelaneuprising.com/nc/uploads/2024/07/29/d4e47ef83c2f752b23a524dca50f1403e919f9c8/1fac2c3c-08f2-4afc-a0e9-991ce8559418_file_0_wPF9Q",
        "cityKey": "new-orleans-la",
        "cityLabel": "New Orleans, LA",
        "date": "2023-05-26 00:00:00",
        "location": "VALID"
      }
    },
    {
      "type": "Feature",
      "geometry": {
        "type": "Point",
        "coordinates": [
          -90.05629716666667,
          29.964336666666668
        ]
      },
      "properties": {
        "id": 56327,
        "obstruction": "Private Owner Vehicle",
        "imageUrl": "https://feed.bikelaneuprising.com/nc/uploads/2024/07/28/d4e47ef83c2f752b23a524dca50f1403e919f9c8/de4e7758-bde8-4648-a5c7-9f5a58af426e_file_0_SrW4s",
        "cityKey": "new-orleans-la",
        "cityLabel": "New Orleans, LA",
        "date": "2023-05-29 00:00:00",
        "location": "VALID"
      }
    },
    {
      "type": "Feature",
      "geometry": {
        "type": "Point",
        "coordinates": [
          -90.0636055,
          29.955871666666667
        ]
      },
      "properties": {
        "id": 56328,
        "obstruction": "Company Vehicle",
        "imageUrl": "https://feed.bikelaneuprising.com/nc/uploads/2024/07/29/d4e47ef83c2f752b23a524dca50f1403e919f9c8/86beb630-54d4-4209-a1c5-01ae4322c804_file_0_ctWX0",
        "cityKey": "new-orleans-la",
        "cityLabel": "New Orleans, LA",
        "date": "2023-05-25 00:00:00",
        "location": "VALID"
      }
    },
    {
      "type": "Feature",
      "geometry": {
        "type": "Point",
        "coordinates": [
          -90.0619805,
          29.957695
        ]
      },
      "properties": {
        "id": 56329,
        "obstruction": "Taxi / Uber / Livery / Lyft",
        "imageUrl": "https://feed.bikelaneuprising.com/nc/uploads/2024/07/29/d4e47ef83c2f752b23a524dca50f1403e919f9c8/4615d92e-60f6-4d7d-9277-07eb148014e9_file_0_bpynC",
        "cityKey": "new-orleans-la",
        "cityLabel": "New Orleans, LA",
        "date": "2023-05-25 00:00:00",
        "location": "VALID"
      }
    },
    {
      "type": "Feature",
      "geometry": {
        "type": "Point",
        "coordinates": [
          -90.0611195,
          29.958571666666668
        ]
      },
      "properties": {
        "id": 56330,
        "obstruction": "Company Vehicle",
        "imageUrl": "https://feed.bikelaneuprising.com/nc/uploads/2024/07/29/d4e47ef83c2f752b23a524dca50f1403e919f9c8/f725e86d-556f-4ac7-9598-9263ec86d779_file_0_dX5RI",
        "cityKey": "new-orleans-la",
        "cityLabel": "New Orleans, LA",
        "date": "2023-05-25 00:00:00",
        "location": "VALID"
      }
    },
    {
      "type": "Feature",
      "geometry": {
        "type": "Point",
        "coordinates": [
          -90.13247783333334,
          29.94183
        ]
      },
      "properties": {
        "id": 56331,
        "obstruction": "Company Vehicle",
        "imageUrl": "https://feed.bikelaneuprising.com/nc/uploads/2024/07/29/d4e47ef83c2f752b23a524dca50f1403e919f9c8/9cc0e296-410d-4e80-984a-48770dc0d8ed_file_0_qe8RO",
        "cityKey": "new-orleans-la",
        "cityLabel": "New Orleans, LA",
        "date": "2023-05-25 00:00:00",
        "location": "VALID"
      }
    },
    {
      "type": "Feature",
      "geometry": {
        "type": "Point",
        "coordinates": [
          -90.07215833333333,
          29.953313333333334
        ]
      },
      "properties": {
        "id": 56332,
        "obstruction": "Taxi / Uber / Livery / Lyft",
        "imageUrl": "https://feed.bikelaneuprising.com/nc/uploads/2024/07/29/d4e47ef83c2f752b23a524dca50f1403e919f9c8/d617e3b2-12c0-4f19-a86b-42246a4fb0ea_file_0_UQn64",
        "cityKey": "new-orleans-la",
        "cityLabel": "New Orleans, LA",
        "date": "2023-05-25 00:00:00",
        "location": "VALID"
      }
    },
    {
      "type": "Feature",
      "geometry": {
        "type": "Point",
        "coordinates": [
          -90.0730445,
          29.950288333333333
        ]
      },
      "properties": {
        "id": 56333,
        "obstruction": "Company Vehicle",
        "imageUrl": "https://feed.bikelaneuprising.com/nc/uploads/2024/07/29/d4e47ef83c2f752b23a524dca50f1403e919f9c8/0605987c-3d64-4cf0-974f-d491dcd3889d_file_0_jok5O",
        "cityKey": "new-orleans-la",
        "cityLabel": "New Orleans, LA",
        "date": "2023-05-25 00:00:00",
        "location": "VALID"
      }
    },
    {
      "type": "Feature",
      "geometry": {
        "type": "Point",
        "coordinates": [
          -90.10507216666667,
          29.956261666666666
        ]
      },
      "properties": {
        "id": 56562,
        "obstruction": "Private Owner Vehicle",
        "imageUrl": "https://feed.bikelaneuprising.com/nc/uploads/2024/07/29/d4e47ef83c2f752b23a524dca50f1403e919f9c8/719ed25a-1d4f-4296-8e77-e181919e44a0_file_0_fE3S8",
        "cityKey": "new-orleans-la",
        "cityLabel": "New Orleans, LA",
        "date": "2023-06-01 00:00:00",
        "location": "VALID"
      }
    },
    {
      "type": "Feature",
      "geometry": {
        "type": "Point",
        "coordinates": [
          -90.05632236599922,
          29.968579933918278
        ]
      },
      "properties": {
        "id": 56593,
        "obstruction": "Private Owner Vehicle",
        "imageUrl": "https://feed.bikelaneuprising.com/nc/uploads/2024/07/29/d4e47ef83c2f752b23a524dca50f1403e919f9c8/865cf81f-fcb9-4827-9c27-61574443151a_file_0_lr67h",
        "cityKey": "new-orleans-la",
        "cityLabel": "New Orleans, LA",
        "date": "2023-06-01 00:00:00",
        "location": "VALID"
      }
    },
    {
      "type": "Feature",
      "geometry": {
        "type": "Point",
        "coordinates": [
          -90.0760168209672,
          29.950366498787755
        ]
      },
      "properties": {
        "id": 56594,
        "obstruction": "Private Owner Vehicle",
        "imageUrl": "https://feed.bikelaneuprising.com/nc/uploads/2024/07/29/d4e47ef83c2f752b23a524dca50f1403e919f9c8/5a49ad52-d63f-453c-a024-0bc6810cdb31_file_0_x4VJ-",
        "cityKey": "new-orleans-la",
        "cityLabel": "New Orleans, LA",
        "date": "2023-06-01 00:00:00",
        "location": "VALID"
      }
    },
    {
      "type": "Feature",
      "geometry": {
        "type": "Point",
        "coordinates": [
          -90.07104333490135,
          29.957674407992176
        ]
      },
      "properties": {
        "id": 56595,
        "obstruction": "Private Owner Vehicle",
        "imageUrl": "https://feed.bikelaneuprising.com/nc/uploads/2024/07/29/d4e47ef83c2f752b23a524dca50f1403e919f9c8/371171e6-5b5c-4d7a-bd10-37875af9aff8_file_0_FHDHz",
        "cityKey": "new-orleans-la",
        "cityLabel": "New Orleans, LA",
        "date": "2023-05-30 00:00:00",
        "location": "VALID"
      }
    },
    {
      "type": "Feature",
      "geometry": {
        "type": "Point",
        "coordinates": [
          -90.05100253969431,
          29.979078839203282
        ]
      },
      "properties": {
        "id": 56596,
        "obstruction": "Private Owner Vehicle",
        "imageUrl": "https://feed.bikelaneuprising.com/nc/uploads/2024/07/28/d4e47ef83c2f752b23a524dca50f1403e919f9c8/23decf47-532b-4478-aff9-419b8973e386_file_0_juTVE",
        "cityKey": "new-orleans-la",
        "cityLabel": "New Orleans, LA",
        "date": "2023-03-28 00:00:00",
        "location": "VALID"
      }
    },
    {
      "type": "Feature",
      "geometry": {
        "type": "Point",
        "coordinates": [
          -90.05442671477795,
          29.978876997907403
        ]
      },
      "properties": {
        "id": 56597,
        "obstruction": "Private Owner Vehicle",
        "imageUrl": "https://feed.bikelaneuprising.com/nc/uploads/2024/07/28/d4e47ef83c2f752b23a524dca50f1403e919f9c8/21f5c352-3f7d-4df0-83c4-84679daa1cd9_file_0_puoHe",
        "cityKey": "new-orleans-la",
        "cityLabel": "New Orleans, LA",
        "date": "2023-03-28 00:00:00",
        "location": "VALID"
      }
    },
    {
      "type": "Feature",
      "geometry": {
        "type": "Point",
        "coordinates": [
          -90.04885844886303,
          29.979205171316462
        ]
      },
      "properties": {
        "id": 56598,
        "obstruction": "Private Owner Vehicle",
        "imageUrl": "https://feed.bikelaneuprising.com/nc/uploads/2024/07/29/d4e47ef83c2f752b23a524dca50f1403e919f9c8/65f8fc7b-0cb6-4826-a2b3-fa2d9da28b55_file_0_I1tMH",
        "cityKey": "new-orleans-la",
        "cityLabel": "New Orleans, LA",
        "date": "2023-03-26 00:00:00",
        "location": "VALID"
      }
    },
    {
      "type": "Feature",
      "geometry": {
        "type": "Point",
        "coordinates": [
          -90.05581341683865,
          29.97877477021689
        ]
      },
      "properties": {
        "id": 56599,
        "obstruction": "Private Owner Vehicle",
        "imageUrl": "https://feed.bikelaneuprising.com/nc/uploads/2024/07/29/d4e47ef83c2f752b23a524dca50f1403e919f9c8/f89d1217-4d0b-452f-9130-01742ace4bdc_file_0_4VTBE",
        "cityKey": "new-orleans-la",
        "cityLabel": "New Orleans, LA",
        "date": "2023-03-26 00:00:00",
        "location": "VALID"
      }
    },
    {
      "type": "Feature",
      "geometry": {
        "type": "Point",
        "coordinates": [
          -90.05641859024763,
          29.968573834477986
        ]
      },
      "properties": {
        "id": 56669,
        "obstruction": "Private Owner Vehicle",
        "imageUrl": "https://feed.bikelaneuprising.com/nc/uploads/2024/07/29/d4e47ef83c2f752b23a524dca50f1403e919f9c8/859593f6-bc18-4ad0-804b-47d2d68608d3_file_0_WZyPq",
        "cityKey": "new-orleans-la",
        "cityLabel": "New Orleans, LA",
        "date": "2023-06-02 00:00:00",
        "location": "VALID"
      }
    },
    {
      "type": "Feature",
      "geometry": {
        "type": "Point",
        "coordinates": [
          -90.05678839981556,
          29.97872220423281
        ]
      },
      "properties": {
        "id": 56671,
        "obstruction": "Private Owner Vehicle",
        "imageUrl": "https://feed.bikelaneuprising.com/nc/uploads/2024/07/29/d4e47ef83c2f752b23a524dca50f1403e919f9c8/0cecfd97-a8ae-48e3-94b6-249dc86f7468_file_0_2Il5_",
        "cityKey": "new-orleans-la",
        "cityLabel": "New Orleans, LA",
        "date": "2023-03-14 00:00:00",
        "location": "VALID"
      }
    },
    {
      "type": "Feature",
      "geometry": {
        "type": "Point",
        "coordinates": [
          -90.1051555,
          29.956178333333334
        ]
      },
      "properties": {
        "id": 56819,
        "obstruction": "Private Owner Vehicle",
        "imageUrl": "https://feed.bikelaneuprising.com/nc/uploads/2024/07/29/d4e47ef83c2f752b23a524dca50f1403e919f9c8/beaf4fb5-054a-43ce-be90-ef7eba42835e_file_0_dd6_T",
        "cityKey": "new-orleans-la",
        "cityLabel": "New Orleans, LA",
        "date": "2023-06-05 00:00:00",
        "location": "VALID"
      }
    },
    {
      "type": "Feature",
      "geometry": {
        "type": "Point",
        "coordinates": [
          -90.10518616666667,
          29.956136666666666
        ]
      },
      "properties": {
        "id": 56820,
        "obstruction": "Private Owner Vehicle",
        "imageUrl": "https://feed.bikelaneuprising.com/nc/uploads/2024/07/29/d4e47ef83c2f752b23a524dca50f1403e919f9c8/68307130-2515-4d19-8fdd-244c23a8034a_file_0_tAfMI",
        "cityKey": "new-orleans-la",
        "cityLabel": "New Orleans, LA",
        "date": "2023-06-05 00:00:00",
        "location": "VALID"
      }
    },
    {
      "type": "Feature",
      "geometry": {
        "type": "Point",
        "coordinates": [
          -90.10523333333333,
          29.956038333333332
        ]
      },
      "properties": {
        "id": 56821,
        "obstruction": "Private Owner Vehicle",
        "imageUrl": "https://feed.bikelaneuprising.com/nc/uploads/2024/07/29/d4e47ef83c2f752b23a524dca50f1403e919f9c8/72dd706c-7420-451e-bbbf-8aa8ad0b7e74_file_0_2jnuS",
        "cityKey": "new-orleans-la",
        "cityLabel": "New Orleans, LA",
        "date": "2023-06-05 00:00:00",
        "location": "VALID"
      }
    },
    {
      "type": "Feature",
      "geometry": null,
      "properties": {
        "id": 56927,
        "obstruction": "Private Owner Vehicle",
        "imageUrl": "https://feed.bikelaneuprising.com/nc/uploads/2024/07/29/d4e47ef83c2f752b23a524dca50f1403e919f9c8/5a0c3bde-a4cb-418b-9e0a-e059c5006cfa_file_0_fumBD",
        "cityKey": "new-orleans-la",
        "cityLabel": "New Orleans, LA",
        "date": "2023-06-07 00:00:00",
        "location": "INVALID"
      }
    },
    {
      "type": "Feature",
      "geometry": {
        "type": "Point",
        "coordinates": [
          -90.083268,
          29.95856
        ]
      },
      "properties": {
        "id": 57348,
        "obstruction": "Private Owner Vehicle",
        "imageUrl": "https://feed.bikelaneuprising.com/nc/uploads/2024/07/29/d4e47ef83c2f752b23a524dca50f1403e919f9c8/221d39_41497978496e49e2923a5880897488ed~mv2_ailyv.jpg",
        "cityKey": "new-orleans-la",
        "cityLabel": "New Orleans, LA",
        "date": "2023-06-19 00:00:00",
        "location": "VALID"
      }
    },
    {
      "type": "Feature",
      "geometry": {
        "type": "Point",
        "coordinates": [
          -90.05658857524395,
          29.967595305135088
        ]
      },
      "properties": {
        "id": 57664,
        "obstruction": "Private Owner Vehicle",
        "imageUrl": "https://feed.bikelaneuprising.com/nc/uploads/2024/07/29/d4e47ef83c2f752b23a524dca50f1403e919f9c8/7dd81110-a4f4-4aca-82e5-69f963030cd8_file_0_1WLkA",
        "cityKey": "new-orleans-la",
        "cityLabel": "New Orleans, LA",
        "date": "2023-06-25 00:00:00",
        "location": "VALID"
      }
    },
    {
      "type": "Feature",
      "geometry": {
        "type": "Point",
        "coordinates": [
          -90.07606375962496,
          29.950285738989443
        ]
      },
      "properties": {
        "id": 57818,
        "obstruction": "Private Owner Vehicle",
        "imageUrl": "https://feed.bikelaneuprising.com/nc/uploads/2024/07/29/d4e47ef83c2f752b23a524dca50f1403e919f9c8/8b1f452f-a7d7-439c-bf38-8ae00ddf23e9_file_0_GgKG0",
        "cityKey": "new-orleans-la",
        "cityLabel": "New Orleans, LA",
        "date": "2023-07-05 00:00:00",
        "location": "VALID"
      }
    },
    {
      "type": "Feature",
      "geometry": {
        "type": "Point",
        "coordinates": [
          -90.07603593170643,
          29.950442900982633
        ]
      },
      "properties": {
        "id": 57819,
        "obstruction": "Private Owner Vehicle",
        "imageUrl": "https://feed.bikelaneuprising.com/nc/uploads/2024/07/29/d4e47ef83c2f752b23a524dca50f1403e919f9c8/11ff2d2f-92de-460b-ae85-61353d0e932d_file_0_6Iaai",
        "cityKey": "new-orleans-la",
        "cityLabel": "New Orleans, LA",
        "date": "2023-07-05 00:00:00",
        "location": "VALID"
      }
    },
    {
      "type": "Feature",
      "geometry": {
        "type": "Point",
        "coordinates": [
          -90.05701383333333,
          29.968246666666666
        ]
      },
      "properties": {
        "id": 57890,
        "obstruction": "Private Owner Vehicle",
        "imageUrl": "https://feed.bikelaneuprising.com/nc/uploads/2024/07/29/d4e47ef83c2f752b23a524dca50f1403e919f9c8/d89bceed-e59a-44ed-8a90-d0bfdef9cbc6_file_0_dXSKe",
        "cityKey": "new-orleans-la",
        "cityLabel": "New Orleans, LA",
        "date": "2023-07-07 00:00:00",
        "location": "VALID"
      }
    },
    {
      "type": "Feature",
      "geometry": {
        "type": "Point",
        "coordinates": [
          -90.05622216666667,
          29.962616666666666
        ]
      },
      "properties": {
        "id": 58022,
        "obstruction": "Construction",
        "imageUrl": "https://feed.bikelaneuprising.com/nc/uploads/2024/07/29/d4e47ef83c2f752b23a524dca50f1403e919f9c8/dcceb0d3-9284-41b3-bd6c-41d7637f140a_file_0_AX0wS",
        "cityKey": "new-orleans-la",
        "cityLabel": "New Orleans, LA",
        "date": "2023-07-12 00:00:00",
        "location": "VALID"
      }
    },
    {
      "type": "Feature",
      "geometry": {
        "type": "Point",
        "coordinates": [
          -90.05664166666666,
          29.963038333333333
        ]
      },
      "properties": {
        "id": 58187,
        "obstruction": "Taxi / Uber / Livery / Lyft",
        "imageUrl": "https://feed.bikelaneuprising.com/nc/uploads/2024/07/29/d4e47ef83c2f752b23a524dca50f1403e919f9c8/8f3a3c49-5162-4107-b6d3-a5167863c9e7_file_0__tzdI",
        "cityKey": "new-orleans-la",
        "cityLabel": "New Orleans, LA",
        "date": "2023-07-15 00:00:00",
        "location": "VALID"
      }
    },
    {
      "type": "Feature",
      "geometry": {
        "type": "Point",
        "coordinates": [
          -90.0622945,
          29.957246666666666
        ]
      },
      "properties": {
        "id": 58189,
        "obstruction": "Private Owner Vehicle",
        "imageUrl": "https://feed.bikelaneuprising.com/nc/uploads/2024/07/28/d4e47ef83c2f752b23a524dca50f1403e919f9c8/8b0e58e3-14a6-4d8c-a542-3a9dd6a4544a_file_0_zow9_",
        "cityKey": "new-orleans-la",
        "cityLabel": "New Orleans, LA",
        "date": "2023-07-09 00:00:00",
        "location": "VALID"
      }
    },
    {
      "type": "Feature",
      "geometry": {
        "type": "Point",
        "coordinates": [
          -90.07603492587805,
          29.950426923342174
        ]
      },
      "properties": {
        "id": 58233,
        "obstruction": "Municipal (city) Vehicle - includes USPS",
        "imageUrl": "https://feed.bikelaneuprising.com/nc/uploads/2024/07/29/d4e47ef83c2f752b23a524dca50f1403e919f9c8/ddd061de-7986-4ec9-8d94-c4f10152640c_file_0_F-SUo",
        "cityKey": "new-orleans-la",
        "cityLabel": "New Orleans, LA",
        "date": "2023-07-17 00:00:00",
        "location": "VALID"
      }
    },
    {
      "type": "Feature",
      "geometry": {
        "type": "Point",
        "coordinates": [
          -90.1030021905899,
          29.93417923967867
        ]
      },
      "properties": {
        "id": 58341,
        "obstruction": "Construction",
        "imageUrl": "https://feed.bikelaneuprising.com/nc/uploads/2024/07/29/d4e47ef83c2f752b23a524dca50f1403e919f9c8/8fb3353a-a33b-4df8-a646-b340f3dc057e_file_0_Hxjen",
        "cityKey": "new-orleans-la",
        "cityLabel": "New Orleans, LA",
        "date": "2023-07-20 00:00:00",
        "location": "VALID"
      }
    },
    {
      "type": "Feature",
      "geometry": {
        "type": "Point",
        "coordinates": [
          -90.10294016450642,
          29.933496154208154
        ]
      },
      "properties": {
        "id": 58342,
        "obstruction": "Private Owner Vehicle",
        "imageUrl": "https://feed.bikelaneuprising.com/nc/uploads/2024/07/29/d4e47ef83c2f752b23a524dca50f1403e919f9c8/4308546a-3ba3-460d-96da-f0d9c6906b58_file_0_yP4d6",
        "cityKey": "new-orleans-la",
        "cityLabel": "New Orleans, LA",
        "date": "2023-07-20 00:00:00",
        "location": "VALID"
      }
    },
    {
      "type": "Feature",
      "geometry": {
        "type": "Point",
        "coordinates": [
          -90.10187465697528,
          29.92317637338049
        ]
      },
      "properties": {
        "id": 58368,
        "obstruction": "Private Owner Vehicle",
        "imageUrl": "https://feed.bikelaneuprising.com/nc/uploads/2024/07/29/d4e47ef83c2f752b23a524dca50f1403e919f9c8/eaa741d0-8619-4995-a074-d0e67d56509c_file_0_ZCLQw",
        "cityKey": "new-orleans-la",
        "cityLabel": "New Orleans, LA",
        "date": "2023-07-20 00:00:00",
        "location": "VALID"
      }
    },
    {
      "type": "Feature",
      "geometry": {
        "type": "Point",
        "coordinates": [
          -90.1021133735776,
          29.92914184626963
        ]
      },
      "properties": {
        "id": 58369,
        "obstruction": "Private Owner Vehicle",
        "imageUrl": "https://feed.bikelaneuprising.com/nc/uploads/2024/07/29/d4e47ef83c2f752b23a524dca50f1403e919f9c8/b142ca2f-f50b-42ff-8839-cb7718a374cf_file_0_AyRKt",
        "cityKey": "new-orleans-la",
        "cityLabel": "New Orleans, LA",
        "date": "2023-07-20 00:00:00",
        "location": "VALID"
      }
    },
    {
      "type": "Feature",
      "geometry": {
        "type": "Point",
        "coordinates": [
          -90.10193802416325,
          29.923365251602355
        ]
      },
      "properties": {
        "id": 58370,
        "obstruction": "Private Owner Vehicle",
        "imageUrl": "https://feed.bikelaneuprising.com/nc/uploads/2024/07/29/d4e47ef83c2f752b23a524dca50f1403e919f9c8/989221b0-9955-4588-afcd-d1e5b0b3d7fd_file_0_alyDS",
        "cityKey": "new-orleans-la",
        "cityLabel": "New Orleans, LA",
        "date": "2023-07-21 00:00:00",
        "location": "VALID"
      }
    },
    {
      "type": "Feature",
      "geometry": {
        "type": "Point",
        "coordinates": [
          -90.05667783333334,
          29.962941666666666
        ]
      },
      "properties": {
        "id": 58573,
        "obstruction": "Private Owner Vehicle",
        "imageUrl": "https://feed.bikelaneuprising.com/nc/uploads/2024/07/29/d4e47ef83c2f752b23a524dca50f1403e919f9c8/27a8c387-dc0a-41c1-91b6-7f90c6248e1d_file_0_74FPI",
        "cityKey": "new-orleans-la",
        "cityLabel": "New Orleans, LA",
        "date": "2023-07-28 00:00:00",
        "location": "VALID"
      }
    },
    {
      "type": "Feature",
      "geometry": {
        "type": "Point",
        "coordinates": [
          -90.05634114146233,
          29.968541304123367
        ]
      },
      "properties": {
        "id": 58606,
        "obstruction": "Private Owner Vehicle",
        "imageUrl": "",
        "cityKey": "new-orleans-la",
        "cityLabel": "New Orleans, LA",
        "date": "2023-07-28 00:00:00",
        "location": "VALID"
      }
    },
    {
      "type": "Feature",
      "geometry": {
        "type": "Point",
        "coordinates": [
          -90.086084,
          29.945195
        ]
      },
      "properties": {
        "id": 59174,
        "obstruction": "Construction",
        "imageUrl": "https://feed.bikelaneuprising.com/nc/uploads/2024/07/28/d4e47ef83c2f752b23a524dca50f1403e919f9c8/a7bed0_c5f0cd442a504971ae801278f43cd712~mv2_rNox7.jpg",
        "cityKey": "new-orleans-la",
        "cityLabel": "New Orleans, LA",
        "date": "2023-08-15 00:00:00",
        "location": "VALID"
      }
    },
    {
      "type": "Feature",
      "geometry": {
        "type": "Point",
        "coordinates": [
          -90.08602557192044,
          29.94516395965139
        ]
      },
      "properties": {
        "id": 59175,
        "obstruction": "Private Owner Vehicle",
        "imageUrl": "https://feed.bikelaneuprising.com/nc/uploads/2024/07/28/d4e47ef83c2f752b23a524dca50f1403e919f9c8/a7bed0_bbe775accc484da480acd7ce2e7f0fdc~mv2_w7Z13.jpg",
        "cityKey": "new-orleans-la",
        "cityLabel": "New Orleans, LA",
        "date": "2023-08-15 00:00:00",
        "location": "VALID"
      }
    },
    {
      "type": "Feature",
      "geometry": {
        "type": "Point",
        "coordinates": [
          -90.08602557192044,
          29.94516395965139
        ]
      },
      "properties": {
        "id": 59176,
        "obstruction": "Private Owner Vehicle",
        "imageUrl": "https://feed.bikelaneuprising.com/nc/uploads/2024/07/29/d4e47ef83c2f752b23a524dca50f1403e919f9c8/a7bed0_bbe775accc484da480acd7ce2e7f0fdc~mv2_kouqS.jpg",
        "cityKey": "new-orleans-la",
        "cityLabel": "New Orleans, LA",
        "date": "2023-08-15 00:00:00",
        "location": "VALID"
      }
    },
    {
      "type": "Feature",
      "geometry": {
        "type": "Point",
        "coordinates": [
          -90.08563539814844,
          29.945032267378057
        ]
      },
      "properties": {
        "id": 59177,
        "obstruction": "Private Owner Vehicle",
        "imageUrl": "https://feed.bikelaneuprising.com/nc/uploads/2024/07/29/d4e47ef83c2f752b23a524dca50f1403e919f9c8/a7bed0_92b3e8e1a7d74a8ebf706c0105187cae~mv2_53-Ab.jpg",
        "cityKey": "new-orleans-la",
        "cityLabel": "New Orleans, LA",
        "date": "2023-08-15 00:00:00",
        "location": "VALID"
      }
    },
    {
      "type": "Feature",
      "geometry": {
        "type": "Point",
        "coordinates": [
          -90.08468597586909,
          29.944413312972678
        ]
      },
      "properties": {
        "id": 59178,
        "obstruction": "Private Owner Vehicle",
        "imageUrl": "https://feed.bikelaneuprising.com/nc/uploads/2024/07/28/d4e47ef83c2f752b23a524dca50f1403e919f9c8/a7bed0_639593aff5da4a748ba2736ea53d5f24~mv2_KqDVR.jpg",
        "cityKey": "new-orleans-la",
        "cityLabel": "New Orleans, LA",
        "date": "2023-08-15 00:00:00",
        "location": "VALID"
      }
    },
    {
      "type": "Feature",
      "geometry": {
        "type": "Point",
        "coordinates": [
          -90.08552382989888,
          29.94488265349688
        ]
      },
      "properties": {
        "id": 59179,
        "obstruction": "Private Owner Vehicle",
        "imageUrl": "https://feed.bikelaneuprising.com/nc/uploads/2024/07/29/d4e47ef83c2f752b23a524dca50f1403e919f9c8/a7bed0_e78d5d630637484889f087ea2c9287ca~mv2_jtRQW.jpg",
        "cityKey": "new-orleans-la",
        "cityLabel": "New Orleans, LA",
        "date": "2023-08-15 00:00:00",
        "location": "VALID"
      }
    },
    {
      "type": "Feature",
      "geometry": {
        "type": "Point",
        "coordinates": [
          -90.08559283785922,
          29.944919566688338
        ]
      },
      "properties": {
        "id": 59180,
        "obstruction": "Private Owner Vehicle",
        "imageUrl": "https://feed.bikelaneuprising.com/nc/uploads/2024/07/29/d4e47ef83c2f752b23a524dca50f1403e919f9c8/a7bed0_dfb3011fe0c8432c9eacdea335b0cd59~mv2_8yTOw.jpg",
        "cityKey": "new-orleans-la",
        "cityLabel": "New Orleans, LA",
        "date": "2023-08-15 00:00:00",
        "location": "VALID"
      }
    },
    {
      "type": "Feature",
      "geometry": {
        "type": "Point",
        "coordinates": [
          -90.08309514208949,
          29.943517925535062
        ]
      },
      "properties": {
        "id": 59181,
        "obstruction": "Private Owner Vehicle",
        "imageUrl": "https://feed.bikelaneuprising.com/nc/uploads/2024/07/29/d4e47ef83c2f752b23a524dca50f1403e919f9c8/a7bed0_173a32804c8f460e82d36e35e7d168aa~mv2_p60Qv.jpg",
        "cityKey": "new-orleans-la",
        "cityLabel": "New Orleans, LA",
        "date": "2023-08-15 00:00:00",
        "location": "VALID"
      }
    },
    {
      "type": "Feature",
      "geometry": {
        "type": "Point",
        "coordinates": [
          -90.10316297397637,
          29.935680740485303
        ]
      },
      "properties": {
        "id": 59182,
        "obstruction": "Municipal (city) Vehicle - includes USPS",
        "imageUrl": "https://feed.bikelaneuprising.com/nc/uploads/2024/07/29/d4e47ef83c2f752b23a524dca50f1403e919f9c8/a7bed0_aa4f0464049c4be6beb936a898c5266e~mv2_f8DVB.jpg",
        "cityKey": "new-orleans-la",
        "cityLabel": "New Orleans, LA",
        "date": "2023-08-14 00:00:00",
        "location": "VALID"
      }
    },
    {
      "type": "Feature",
      "geometry": {
        "type": "Point",
        "coordinates": [
          -90.10295856910507,
          29.933668340307236
        ]
      },
      "properties": {
        "id": 59183,
        "obstruction": "Private Owner Vehicle",
        "imageUrl": "https://feed.bikelaneuprising.com/nc/uploads/2024/07/29/d4e47ef83c2f752b23a524dca50f1403e919f9c8/a7bed0_af51c55f38c24f94b91dbfb93f38e46d~mv2_hWH-v.jpg",
        "cityKey": "new-orleans-la",
        "cityLabel": "New Orleans, LA",
        "date": "2023-08-15 00:00:00",
        "location": "VALID"
      }
    },
    {
      "type": "Feature",
      "geometry": {
        "type": "Point",
        "coordinates": [
          -90.08596098167179,
          29.945123229522387
        ]
      },
      "properties": {
        "id": 59184,
        "obstruction": "Private Owner Vehicle",
        "imageUrl": "https://feed.bikelaneuprising.com/nc/uploads/2024/07/29/d4e47ef83c2f752b23a524dca50f1403e919f9c8/a7bed0_388323bebe7d444db73fd2ab8eae0df1~mv2_gEGij.jpg",
        "cityKey": "new-orleans-la",
        "cityLabel": "New Orleans, LA",
        "date": "2023-08-15 00:00:00",
        "location": "VALID"
      }
    },
    {
      "type": "Feature",
      "geometry": {
        "type": "Point",
        "coordinates": [
          -90.0562055,
          29.962538333333335
        ]
      },
      "properties": {
        "id": 59185,
        "obstruction": "Construction",
        "imageUrl": "https://feed.bikelaneuprising.com/nc/uploads/2024/07/29/d4e47ef83c2f752b23a524dca50f1403e919f9c8/37afced0-5027-4ebf-9377-19245e813a95_file_0_G7Fv6",
        "cityKey": "new-orleans-la",
        "cityLabel": "New Orleans, LA",
        "date": "2023-08-06 00:00:00",
        "location": "VALID"
      }
    },
    {
      "type": "Feature",
      "geometry": {
        "type": "Point",
        "coordinates": [
          -90.0578,
          29.960916666666666
        ]
      },
      "properties": {
        "id": 59186,
        "obstruction": "Private Owner Vehicle",
        "imageUrl": "https://feed.bikelaneuprising.com/nc/uploads/2024/07/28/d4e47ef83c2f752b23a524dca50f1403e919f9c8/eab03993-f1cf-4b7c-8d57-94918034e89a_file_0_tx1bQ",
        "cityKey": "new-orleans-la",
        "cityLabel": "New Orleans, LA",
        "date": "2023-08-06 00:00:00",
        "location": "VALID"
      }
    },
    {
      "type": "Feature",
      "geometry": {
        "type": "Point",
        "coordinates": [
          -90.05733616666667,
          29.960805
        ]
      },
      "properties": {
        "id": 59187,
        "obstruction": "Municipal (city) Vehicle - includes USPS",
        "imageUrl": "https://feed.bikelaneuprising.com/nc/uploads/2024/07/29/d4e47ef83c2f752b23a524dca50f1403e919f9c8/2f8ff5ea-2407-422c-af5e-60c6896e6e55_file_0_EsCwS",
        "cityKey": "new-orleans-la",
        "cityLabel": "New Orleans, LA",
        "date": "2023-08-06 00:00:00",
        "location": "VALID"
      }
    },
    {
      "type": "Feature",
      "geometry": {
        "type": "Point",
        "coordinates": [
          -90.05667783333334,
          29.962941666666666
        ]
      },
      "properties": {
        "id": 59188,
        "obstruction": "Private Owner Vehicle",
        "imageUrl": "https://feed.bikelaneuprising.com/nc/uploads/2024/07/29/d4e47ef83c2f752b23a524dca50f1403e919f9c8/56daabf9-145c-453d-b554-172a76d29bd2_file_0_bmjL-",
        "cityKey": "new-orleans-la",
        "cityLabel": "New Orleans, LA",
        "date": "2023-07-28 00:00:00",
        "location": "VALID"
      }
    },
    {
      "type": "Feature",
      "geometry": {
        "type": "Point",
        "coordinates": [
          -90.0576555,
          29.960796666666667
        ]
      },
      "properties": {
        "id": 59189,
        "obstruction": "Private Owner Vehicle",
        "imageUrl": "https://feed.bikelaneuprising.com/nc/uploads/2024/07/29/d4e47ef83c2f752b23a524dca50f1403e919f9c8/65a0dc53-d4f5-4ea3-a7ed-c3de94ca9f5c_file_0_AnGjI",
        "cityKey": "new-orleans-la",
        "cityLabel": "New Orleans, LA",
        "date": "2023-06-16 00:00:00",
        "location": "VALID"
      }
    },
    {
      "type": "Feature",
      "geometry": {
        "type": "Point",
        "coordinates": [
          -90.0742195,
          29.946563333333334
        ]
      },
      "properties": {
        "id": 59190,
        "obstruction": "Taxi / Uber / Livery / Lyft",
        "imageUrl": "https://feed.bikelaneuprising.com/nc/uploads/2024/07/29/d4e47ef83c2f752b23a524dca50f1403e919f9c8/0413ffc2-dbff-4904-9933-5a8bec904241_file_0_UYSR_",
        "cityKey": "new-orleans-la",
        "cityLabel": "New Orleans, LA",
        "date": "2023-06-16 00:00:00",
        "location": "VALID"
      }
    },
    {
      "type": "Feature",
      "geometry": {
        "type": "Point",
        "coordinates": [
          -90.0740055,
          29.946711666666666
        ]
      },
      "properties": {
        "id": 59191,
        "obstruction": "Construction",
        "imageUrl": "https://feed.bikelaneuprising.com/nc/uploads/2024/07/29/d4e47ef83c2f752b23a524dca50f1403e919f9c8/1df89ac6-5ba7-49bd-b298-e58eb55504d5_file_0_k9XZL",
        "cityKey": "new-orleans-la",
        "cityLabel": "New Orleans, LA",
        "date": "2023-06-16 00:00:00",
        "location": "VALID"
      }
    },
    {
      "type": "Feature",
      "geometry": {
        "type": "Point",
        "coordinates": [
          -90.05623616666666,
          29.962563333333332
        ]
      },
      "properties": {
        "id": 59192,
        "obstruction": "Construction",
        "imageUrl": "https://feed.bikelaneuprising.com/nc/uploads/2024/07/29/d4e47ef83c2f752b23a524dca50f1403e919f9c8/d970b004-602e-43c6-9f30-59f320ac371b_file_0_Oy8fb",
        "cityKey": "new-orleans-la",
        "cityLabel": "New Orleans, LA",
        "date": "2023-06-16 00:00:00",
        "location": "VALID"
      }
    },
    {
      "type": "Feature",
      "geometry": {
        "type": "Point",
        "coordinates": [
          -90.09385986155294,
          29.958138567075963
        ]
      },
      "properties": {
        "id": 59198,
        "obstruction": "Other  (damaged lane / snow / debris / pedestrian / etc.)",
        "imageUrl": "https://feed.bikelaneuprising.com/nc/uploads/2024/07/29/d4e47ef83c2f752b23a524dca50f1403e919f9c8/a7bed0_ecf87f7cb24d483f953791c1050d1245~mv2_Z4Nt5.png",
        "cityKey": "new-orleans-la",
        "cityLabel": "New Orleans, LA",
        "date": "2023-08-15 00:00:00",
        "location": "VALID"
      }
    },
    {
      "type": "Feature",
      "geometry": {
        "type": "Point",
        "coordinates": [
          -90.09781738613047,
          29.953117374742245
        ]
      },
      "properties": {
        "id": 59201,
        "obstruction": "Private Owner Vehicle",
        "imageUrl": "https://feed.bikelaneuprising.com/nc/uploads/2024/07/29/d4e47ef83c2f752b23a524dca50f1403e919f9c8/a7bed0_0d70ce0992a64618b76597ee49791600~mv2_DqGL8.jpg",
        "cityKey": "new-orleans-la",
        "cityLabel": "New Orleans, LA",
        "date": "2023-08-15 00:00:00",
        "location": "VALID"
      }
    },
    {
      "type": "Feature",
      "geometry": {
        "type": "Point",
        "coordinates": [
          -90.0561,
          29.961983333333333
        ]
      },
      "properties": {
        "id": 59263,
        "obstruction": "Construction",
        "imageUrl": "https://feed.bikelaneuprising.com/nc/uploads/2024/07/29/d4e47ef83c2f752b23a524dca50f1403e919f9c8/edb55ab4-177d-41e8-a937-88b6d1865d7c_file_0_58WV6",
        "cityKey": "new-orleans-la",
        "cityLabel": "New Orleans, LA",
        "date": "2023-08-16 00:00:00",
        "location": "VALID"
      }
    },
    {
      "type": "Feature",
      "geometry": {
        "type": "Point",
        "coordinates": [
          -90.05245122715297,
          29.968785096335488
        ]
      },
      "properties": {
        "id": 59274,
        "obstruction": "Private Owner Vehicle",
        "imageUrl": "https://feed.bikelaneuprising.com/nc/uploads/2024/07/29/d4e47ef83c2f752b23a524dca50f1403e919f9c8/6b89d31c-b750-4ca6-8c4f-ba10d6b56c6c_file_0_H6AhH",
        "cityKey": "new-orleans-la",
        "cityLabel": "New Orleans, LA",
        "date": "",
        "location": "VALID"
      }
    },
    {
      "type": "Feature",
      "geometry": {
        "type": "Point",
        "coordinates": [
          -90.03541,
          29.96589
        ]
      },
      "properties": {
        "id": 59295,
        "obstruction": "Company Vehicle",
        "imageUrl": "https://feed.bikelaneuprising.com/nc/uploads/2024/07/29/d4e47ef83c2f752b23a524dca50f1403e919f9c8/2d229708-167d-44c8-a3e4-59ef47b6e184_file_0_lCSxr",
        "cityKey": "new-orleans-la",
        "cityLabel": "New Orleans, LA",
        "date": "2023-08-17 00:00:00",
        "location": "VALID"
      }
    },
    {
      "type": "Feature",
      "geometry": {
        "type": "Point",
        "coordinates": [
          -90.03223,
          29.96531
        ]
      },
      "properties": {
        "id": 59296,
        "obstruction": "Private Owner Vehicle",
        "imageUrl": "https://feed.bikelaneuprising.com/nc/uploads/2024/07/29/d4e47ef83c2f752b23a524dca50f1403e919f9c8/ee05567b-d45c-49f9-8eda-f2e5d4b072d3_file_0_jYQ9Q",
        "cityKey": "new-orleans-la",
        "cityLabel": "New Orleans, LA",
        "date": "2023-08-17 00:00:00",
        "location": "VALID"
      }
    },
    {
      "type": "Feature",
      "geometry": {
        "type": "Point",
        "coordinates": [
          -90.05631383333333,
          29.964275
        ]
      },
      "properties": {
        "id": 59596,
        "obstruction": "Private Owner Vehicle",
        "imageUrl": "https://feed.bikelaneuprising.com/nc/uploads/2024/07/29/d4e47ef83c2f752b23a524dca50f1403e919f9c8/94565afa-3d6c-407d-9ea7-c20353573d10_file_0__DaT9",
        "cityKey": "new-orleans-la",
        "cityLabel": "New Orleans, LA",
        "date": "2023-08-27 00:00:00",
        "location": "VALID"
      }
    },
    {
      "type": "Feature",
      "geometry": {
        "type": "Point",
        "coordinates": [
          -90.05674716666667,
          29.964441666666666
        ]
      },
      "properties": {
        "id": 59597,
        "obstruction": "Taxi / Uber / Livery / Lyft",
        "imageUrl": "https://feed.bikelaneuprising.com/nc/uploads/2024/07/29/d4e47ef83c2f752b23a524dca50f1403e919f9c8/87618563-37b7-4e2b-b312-778f88fbae6a_file_0_Kq7vu",
        "cityKey": "new-orleans-la",
        "cityLabel": "New Orleans, LA",
        "date": "2023-08-27 00:00:00",
        "location": "VALID"
      }
    },
    {
      "type": "Feature",
      "geometry": {
        "type": "Point",
        "coordinates": [
          -90.05636666666666,
          29.964296666666666
        ]
      },
      "properties": {
        "id": 59620,
        "obstruction": "Private Owner Vehicle",
        "imageUrl": "https://feed.bikelaneuprising.com/nc/uploads/2024/07/29/d4e47ef83c2f752b23a524dca50f1403e919f9c8/53341fb8-83a9-487f-9b35-48a1b3514631_file_0_-PnDm",
        "cityKey": "new-orleans-la",
        "cityLabel": "New Orleans, LA",
        "date": "2023-08-28 00:00:00",
        "location": "VALID"
      }
    },
    {
      "type": "Feature",
      "geometry": {
        "type": "Point",
        "coordinates": [
          -90.09341,
          29.9715
        ]
      },
      "properties": {
        "id": 59999,
        "obstruction": "Private Owner Vehicle",
        "imageUrl": "https://feed.bikelaneuprising.com/nc/uploads/2024/07/29/d4e47ef83c2f752b23a524dca50f1403e919f9c8/4d933190-109c-4f9d-959b-5dad8c04c513_file_0_5sDfy",
        "cityKey": "new-orleans-la",
        "cityLabel": "New Orleans, LA",
        "date": "2023-09-04 00:00:00",
        "location": "VALID"
      }
    },
    {
      "type": "Feature",
      "geometry": null,
      "properties": {
        "id": 60351,
        "obstruction": "Municipal (city) Vehicle - includes USPS",
        "imageUrl": "",
        "cityKey": "new-orleans-la",
        "cityLabel": "New Orleans, LA",
        "date": "2023-09-12 00:00:00",
        "location": "INVALID"
      }
    },
    {
      "type": "Feature",
      "geometry": {
        "type": "Point",
        "coordinates": [
          -90.0736555,
          29.948386666666668
        ]
      },
      "properties": {
        "id": 60364,
        "obstruction": "Company Vehicle",
        "imageUrl": "https://feed.bikelaneuprising.com/nc/uploads/2024/07/29/d4e47ef83c2f752b23a524dca50f1403e919f9c8/8597e5d3-ece4-403b-a456-1f6b32c985f0_file_0_b9iuR",
        "cityKey": "new-orleans-la",
        "cityLabel": "New Orleans, LA",
        "date": "2023-09-11 00:00:00",
        "location": "VALID"
      }
    },
    {
      "type": "Feature",
      "geometry": {
        "type": "Point",
        "coordinates": [
          -90.06390283333333,
          29.969671666666667
        ]
      },
      "properties": {
        "id": 60365,
        "obstruction": "Private Owner Vehicle",
        "imageUrl": "https://feed.bikelaneuprising.com/nc/uploads/2024/07/29/d4e47ef83c2f752b23a524dca50f1403e919f9c8/110651e1-0354-4367-ba97-d649e94eaf2f_file_0_qVXM7",
        "cityKey": "new-orleans-la",
        "cityLabel": "New Orleans, LA",
        "date": "2023-09-02 00:00:00",
        "location": "VALID"
      }
    },
    {
      "type": "Feature",
      "geometry": {
        "type": "Point",
        "coordinates": [
          -90.06394166666666,
          29.969771666666666
        ]
      },
      "properties": {
        "id": 60366,
        "obstruction": "Private Owner Vehicle",
        "imageUrl": "https://feed.bikelaneuprising.com/nc/uploads/2024/07/29/d4e47ef83c2f752b23a524dca50f1403e919f9c8/a975ec2a-a4f8-4c11-b4fb-c7b2ceb38ffe_file_0_9Z42L",
        "cityKey": "new-orleans-la",
        "cityLabel": "New Orleans, LA",
        "date": "2023-09-02 00:00:00",
        "location": "VALID"
      }
    },
    {
      "type": "Feature",
      "geometry": {
        "type": "Point",
        "coordinates": [
          -90.06389716666666,
          29.969725
        ]
      },
      "properties": {
        "id": 60367,
        "obstruction": "Private Owner Vehicle",
        "imageUrl": "https://feed.bikelaneuprising.com/nc/uploads/2024/07/29/d4e47ef83c2f752b23a524dca50f1403e919f9c8/3adf9a3d-715a-42f1-b4bf-3fb015075e8f_file_0_8MmO7",
        "cityKey": "new-orleans-la",
        "cityLabel": "New Orleans, LA",
        "date": "2023-09-02 00:00:00",
        "location": "VALID"
      }
    },
    {
      "type": "Feature",
      "geometry": {
        "type": "Point",
        "coordinates": [
          -90.064025,
          29.969903333333335
        ]
      },
      "properties": {
        "id": 60368,
        "obstruction": "Private Owner Vehicle",
        "imageUrl": "https://feed.bikelaneuprising.com/nc/uploads/2024/07/29/d4e47ef83c2f752b23a524dca50f1403e919f9c8/851cf1c9-7b45-4c88-a6a6-37381b84992b_file_0_-MpUr",
        "cityKey": "new-orleans-la",
        "cityLabel": "New Orleans, LA",
        "date": "2023-09-02 00:00:00",
        "location": "VALID"
      }
    },
    {
      "type": "Feature",
      "geometry": {
        "type": "Point",
        "coordinates": [
          -90.0640555,
          29.96998333333333
        ]
      },
      "properties": {
        "id": 60369,
        "obstruction": "Other  (damaged lane / snow / debris / pedestrian / etc.)",
        "imageUrl": "https://feed.bikelaneuprising.com/nc/uploads/2024/07/29/d4e47ef83c2f752b23a524dca50f1403e919f9c8/12c34659-fa77-4d90-9384-9ad9dc9d0a5d_file_0_-MOyo",
        "cityKey": "new-orleans-la",
        "cityLabel": "New Orleans, LA",
        "date": "2023-09-02 00:00:00",
        "location": "VALID"
      }
    },
    {
      "type": "Feature",
      "geometry": {
        "type": "Point",
        "coordinates": [
          -90.0642305,
          29.97032
        ]
      },
      "properties": {
        "id": 60370,
        "obstruction": "Private Owner Vehicle",
        "imageUrl": "https://feed.bikelaneuprising.com/nc/uploads/2024/07/29/d4e47ef83c2f752b23a524dca50f1403e919f9c8/658275db-6d1f-49f7-b479-8b48554b2b0f_file_0_pRoMb",
        "cityKey": "new-orleans-la",
        "cityLabel": "New Orleans, LA",
        "date": "2023-09-02 00:00:00",
        "location": "VALID"
      }
    },
    {
      "type": "Feature",
      "geometry": {
        "type": "Point",
        "coordinates": [
          -90.05612216666667,
          29.961963333333333
        ]
      },
      "properties": {
        "id": 60371,
        "obstruction": "Construction",
        "imageUrl": "https://feed.bikelaneuprising.com/nc/uploads/2024/07/29/d4e47ef83c2f752b23a524dca50f1403e919f9c8/f54ee43a-9770-4d8c-a137-33455a5cf5de_file_1_pYxdx",
        "cityKey": "new-orleans-la",
        "cityLabel": "New Orleans, LA",
        "date": "2023-09-03 00:00:00",
        "location": "VALID"
      }
    },
    {
      "type": "Feature",
      "geometry": {
        "type": "Point",
        "coordinates": [
          -90.0664055,
          29.95
        ]
      },
      "properties": {
        "id": 60512,
        "obstruction": "Taxi / Uber / Livery / Lyft",
        "imageUrl": "https://feed.bikelaneuprising.com/nc/uploads/2024/07/28/d4e47ef83c2f752b23a524dca50f1403e919f9c8/deb98200-3c53-4826-9ef3-c13c42bc9cf7_file_0_i_0F3",
        "cityKey": "new-orleans-la",
        "cityLabel": "New Orleans, LA",
        "date": "2023-09-15 00:00:00",
        "location": "VALID"
      }
    },
    {
      "type": "Feature",
      "geometry": {
        "type": "Point",
        "coordinates": [
          -90.10502,
          29.95609
        ]
      },
      "properties": {
        "id": 60547,
        "obstruction": "Private Owner Vehicle",
        "imageUrl": "https://feed.bikelaneuprising.com/nc/uploads/2024/07/28/d4e47ef83c2f752b23a524dca50f1403e919f9c8/9ba0ece8-2644-4f3a-9146-e43c4b640744_file_0__O2sA",
        "cityKey": "new-orleans-la",
        "cityLabel": "New Orleans, LA",
        "date": "2023-09-15 00:00:00",
        "location": "VALID"
      }
    },
    {
      "type": "Feature",
      "geometry": {
        "type": "Point",
        "coordinates": [
          -90.0724555,
          29.95218
        ]
      },
      "properties": {
        "id": 60598,
        "obstruction": "Private Owner Vehicle",
        "imageUrl": "https://feed.bikelaneuprising.com/nc/uploads/2024/07/29/d4e47ef83c2f752b23a524dca50f1403e919f9c8/ada56551-975c-466b-ba20-e3cb516a8cf2_file_0_UvX9R",
        "cityKey": "new-orleans-la",
        "cityLabel": "New Orleans, LA",
        "date": "2023-09-17 00:00:00",
        "location": "VALID"
      }
    },
    {
      "type": "Feature",
      "geometry": {
        "type": "Point",
        "coordinates": [
          -90.072425,
          29.952328333333334
        ]
      },
      "properties": {
        "id": 60599,
        "obstruction": "Private Owner Vehicle",
        "imageUrl": "https://feed.bikelaneuprising.com/nc/uploads/2024/07/29/d4e47ef83c2f752b23a524dca50f1403e919f9c8/a9fce68b-4d41-4e52-89dc-1c955d0a8a1b_file_0_myRPy",
        "cityKey": "new-orleans-la",
        "cityLabel": "New Orleans, LA",
        "date": "2023-09-17 00:00:00",
        "location": "VALID"
      }
    },
    {
      "type": "Feature",
      "geometry": {
        "type": "Point",
        "coordinates": [
          -90.0975945,
          29.92692
        ]
      },
      "properties": {
        "id": 60601,
        "obstruction": "Company Vehicle",
        "imageUrl": "https://feed.bikelaneuprising.com/nc/uploads/2024/07/29/d4e47ef83c2f752b23a524dca50f1403e919f9c8/ea13f2d8-b3a6-4ce0-bd8d-c02cf5821159_file_0__Z8Lo",
        "cityKey": "new-orleans-la",
        "cityLabel": "New Orleans, LA",
        "date": "2023-09-17 00:00:00",
        "location": "VALID"
      }
    },
    {
      "type": "Feature",
      "geometry": {
        "type": "Point",
        "coordinates": [
          -90.07693616666667,
          29.975061666666665
        ]
      },
      "properties": {
        "id": 60846,
        "obstruction": "Private Owner Vehicle",
        "imageUrl": "https://feed.bikelaneuprising.com/nc/uploads/2024/07/29/d4e47ef83c2f752b23a524dca50f1403e919f9c8/93a95fcf-bf43-4dfc-8da0-38c457ae0085_file_0_r5p45",
        "cityKey": "new-orleans-la",
        "cityLabel": "New Orleans, LA",
        "date": "2023-09-19 00:00:00",
        "location": "VALID"
      }
    },
    {
      "type": "Feature",
      "geometry": {
        "type": "Point",
        "coordinates": [
          -90.0563055,
          29.96313333333333
        ]
      },
      "properties": {
        "id": 60963,
        "obstruction": "Private Owner Vehicle",
        "imageUrl": "https://feed.bikelaneuprising.com/nc/uploads/2024/07/29/d4e47ef83c2f752b23a524dca50f1403e919f9c8/fb55a3be-088d-4d88-b467-0457ff023a87_file_0__cEVN",
        "cityKey": "new-orleans-la",
        "cityLabel": "New Orleans, LA",
        "date": "2023-09-25 00:00:00",
        "location": "VALID"
      }
    },
    {
      "type": "Feature",
      "geometry": {
        "type": "Point",
        "coordinates": [
          -90.05626666666667,
          29.96335
        ]
      },
      "properties": {
        "id": 60972,
        "obstruction": "Private Owner Vehicle",
        "imageUrl": "https://feed.bikelaneuprising.com/nc/uploads/2024/07/29/d4e47ef83c2f752b23a524dca50f1403e919f9c8/5c80a0b1-8326-4cef-baf3-78616107a0d7_file_0_NogeP",
        "cityKey": "new-orleans-la",
        "cityLabel": "New Orleans, LA",
        "date": "2023-09-25 00:00:00",
        "location": "VALID"
      }
    },
    {
      "type": "Feature",
      "geometry": {
        "type": "Point",
        "coordinates": [
          -90.0563195,
          29.964505
        ]
      },
      "properties": {
        "id": 61016,
        "obstruction": "Taxi / Uber / Livery / Lyft",
        "imageUrl": "https://feed.bikelaneuprising.com/nc/uploads/2024/07/28/d4e47ef83c2f752b23a524dca50f1403e919f9c8/2585c7fb-1113-41bb-b93c-db5f150116bf_file_0_9l2xt",
        "cityKey": "new-orleans-la",
        "cityLabel": "New Orleans, LA",
        "date": "2023-09-26 00:00:00",
        "location": "VALID"
      }
    },
    {
      "type": "Feature",
      "geometry": {
        "type": "Point",
        "coordinates": [
          -90.07575283333334,
          29.949588333333335
        ]
      },
      "properties": {
        "id": 61097,
        "obstruction": "Taxi / Uber / Livery / Lyft",
        "imageUrl": "https://feed.bikelaneuprising.com/nc/uploads/2024/07/29/d4e47ef83c2f752b23a524dca50f1403e919f9c8/31578586-6b8d-4692-8bcd-229ff9e2b441_file_0_Arbac",
        "cityKey": "new-orleans-la",
        "cityLabel": "New Orleans, LA",
        "date": "2023-09-28 00:00:00",
        "location": "VALID"
      }
    },
    {
      "type": "Feature",
      "geometry": {
        "type": "Point",
        "coordinates": [
          -90.0868305,
          29.981986666666668
        ]
      },
      "properties": {
        "id": 61098,
        "obstruction": "Taxi / Uber / Livery / Lyft",
        "imageUrl": "https://feed.bikelaneuprising.com/nc/uploads/2024/07/29/d4e47ef83c2f752b23a524dca50f1403e919f9c8/90c656f9-fbff-4c1b-9d21-60d01df53a88_file_0_hx2dG",
        "cityKey": "new-orleans-la",
        "cityLabel": "New Orleans, LA",
        "date": "2023-09-27 00:00:00",
        "location": "VALID"
      }
    },
    {
      "type": "Feature",
      "geometry": {
        "type": "Point",
        "coordinates": [
          -90.05505283333333,
          29.968646666666668
        ]
      },
      "properties": {
        "id": 61256,
        "obstruction": "Taxi / Uber / Livery / Lyft",
        "imageUrl": "https://feed.bikelaneuprising.com/nc/uploads/2024/07/29/d4e47ef83c2f752b23a524dca50f1403e919f9c8/486d9b74-a67f-423a-8b34-580b60a0e11d_file_0_nwi8t",
        "cityKey": "new-orleans-la",
        "cityLabel": "New Orleans, LA",
        "date": "2023-10-01 00:00:00",
        "location": "VALID"
      }
    },
    {
      "type": "Feature",
      "geometry": {
        "type": "Point",
        "coordinates": [
          -90.0774310156703,
          29.945238992997307
        ]
      },
      "properties": {
        "id": 61311,
        "obstruction": "Other  (damaged lane / snow / debris / pedestrian / etc.)",
        "imageUrl": "https://feed.bikelaneuprising.com/nc/uploads/2024/07/29/d4e47ef83c2f752b23a524dca50f1403e919f9c8/65a880a9-b81a-4b90-ad19-909863355643_file_0_m3xjI",
        "cityKey": "new-orleans-la",
        "cityLabel": "New Orleans, LA",
        "date": "2023-10-01 00:00:00",
        "location": "VALID"
      }
    },
    {
      "type": "Feature",
      "geometry": {
        "type": "Point",
        "coordinates": [
          -90.0737695,
          29.947846666666667
        ]
      },
      "properties": {
        "id": 61583,
        "obstruction": "Company Vehicle",
        "imageUrl": "https://feed.bikelaneuprising.com/nc/uploads/2024/07/29/d4e47ef83c2f752b23a524dca50f1403e919f9c8/11bd83a4-2ec4-47cb-95b2-e1f496da685e_file_0_q7gjK",
        "cityKey": "new-orleans-la",
        "cityLabel": "New Orleans, LA",
        "date": "2023-10-03 00:00:00",
        "location": "VALID"
      }
    },
    {
      "type": "Feature",
      "geometry": {
        "type": "Point",
        "coordinates": [
          -90.10089166666667,
          29.92648
        ]
      },
      "properties": {
        "id": 61584,
        "obstruction": "Company Vehicle",
        "imageUrl": "https://feed.bikelaneuprising.com/nc/uploads/2024/07/29/d4e47ef83c2f752b23a524dca50f1403e919f9c8/c0084a54-42f3-4a2d-b0c6-e92c586f6715_file_0_8bvgt",
        "cityKey": "new-orleans-la",
        "cityLabel": "New Orleans, LA",
        "date": "2023-10-03 00:00:00",
        "location": "VALID"
      }
    },
    {
      "type": "Feature",
      "geometry": {
        "type": "Point",
        "coordinates": [
          -90.07801229166269,
          29.93115902497328
        ]
      },
      "properties": {
        "id": 61585,
        "obstruction": "Private Owner Vehicle",
        "imageUrl": "",
        "cityKey": "new-orleans-la",
        "cityLabel": "New Orleans, LA",
        "date": "2023-10-04 00:00:00",
        "location": "VALID"
      }
    },
    {
      "type": "Feature",
      "geometry": {
        "type": "Point",
        "coordinates": [
          -90.10526463389397,
          29.956067742376337
        ]
      },
      "properties": {
        "id": 62003,
        "obstruction": "Company Vehicle",
        "imageUrl": "https://feed.bikelaneuprising.com/nc/uploads/2024/07/29/d4e47ef83c2f752b23a524dca50f1403e919f9c8/eb46db53-c211-41ba-b793-1a65b5513217_file_0_aLuRd",
        "cityKey": "new-orleans-la",
        "cityLabel": "New Orleans, LA",
        "date": "2023-10-13 00:00:00",
        "location": "VALID"
      }
    },
    {
      "type": "Feature",
      "geometry": {
        "type": "Point",
        "coordinates": [
          -90.10518953204155,
          29.956178998488983
        ]
      },
      "properties": {
        "id": 62114,
        "obstruction": "Private Owner Vehicle",
        "imageUrl": "https://feed.bikelaneuprising.com/nc/uploads/2024/07/29/d4e47ef83c2f752b23a524dca50f1403e919f9c8/43038184-a5d5-4966-b73d-8169cb7bafae_file_0_53dsY",
        "cityKey": "new-orleans-la",
        "cityLabel": "New Orleans, LA",
        "date": "2023-10-16 00:00:00",
        "location": "VALID"
      }
    },
    {
      "type": "Feature",
      "geometry": {
        "type": "Point",
        "coordinates": [
          -90.10510101914406,
          29.956282992340718
        ]
      },
      "properties": {
        "id": 62115,
        "obstruction": "Private Owner Vehicle",
        "imageUrl": "https://feed.bikelaneuprising.com/nc/uploads/2024/07/29/d4e47ef83c2f752b23a524dca50f1403e919f9c8/9c7e3b0e-d904-426a-91e0-b37695671640_file_0_voI8V",
        "cityKey": "new-orleans-la",
        "cityLabel": "New Orleans, LA",
        "date": "2023-10-16 00:00:00",
        "location": "VALID"
      }
    },
    {
      "type": "Feature",
      "geometry": {
        "type": "Point",
        "coordinates": [
          -90.07016116666667,
          29.970336666666668
        ]
      },
      "properties": {
        "id": 62178,
        "obstruction": "Taxi / Uber / Livery / Lyft",
        "imageUrl": "https://feed.bikelaneuprising.com/nc/uploads/2024/07/28/d4e47ef83c2f752b23a524dca50f1403e919f9c8/1f8e48d2-a220-4732-9c91-eb8437827e80_file_0_2rFr8",
        "cityKey": "new-orleans-la",
        "cityLabel": "New Orleans, LA",
        "date": "2023-10-17 00:00:00",
        "location": "VALID"
      }
    },
    {
      "type": "Feature",
      "geometry": {
        "type": "Point",
        "coordinates": [
          -90.07627783333334,
          29.97462
        ]
      },
      "properties": {
        "id": 62179,
        "obstruction": "Private Owner Vehicle",
        "imageUrl": "https://feed.bikelaneuprising.com/nc/uploads/2024/07/29/d4e47ef83c2f752b23a524dca50f1403e919f9c8/6b53ae00-5b61-4dd1-a9d5-cef3d0a98c8e_file_0_BIimf",
        "cityKey": "new-orleans-la",
        "cityLabel": "New Orleans, LA",
        "date": "2023-10-17 00:00:00",
        "location": "VALID"
      }
    },
    {
      "type": "Feature",
      "geometry": {
        "type": "Point",
        "coordinates": [
          -90.076325,
          29.974658333333334
        ]
      },
      "properties": {
        "id": 62180,
        "obstruction": "Private Owner Vehicle",
        "imageUrl": "https://feed.bikelaneuprising.com/nc/uploads/2024/07/29/d4e47ef83c2f752b23a524dca50f1403e919f9c8/08d12b85-bc4a-4477-bd55-41264dc065fa_file_0_Ng2a1",
        "cityKey": "new-orleans-la",
        "cityLabel": "New Orleans, LA",
        "date": "2023-10-17 00:00:00",
        "location": "VALID"
      }
    },
    {
      "type": "Feature",
      "geometry": {
        "type": "Point",
        "coordinates": [
          -90.07647783333333,
          29.974755000000002
        ]
      },
      "properties": {
        "id": 62181,
        "obstruction": "Private Owner Vehicle",
        "imageUrl": "https://feed.bikelaneuprising.com/nc/uploads/2024/07/29/d4e47ef83c2f752b23a524dca50f1403e919f9c8/154ddb41-de03-4aa6-9998-84250f97c2e6_file_0_xLLpT",
        "cityKey": "new-orleans-la",
        "cityLabel": "New Orleans, LA",
        "date": "2023-10-17 00:00:00",
        "location": "VALID"
      }
    },
    {
      "type": "Feature",
      "geometry": {
        "type": "Point",
        "coordinates": [
          -90.07669716666666,
          29.974883333333334
        ]
      },
      "properties": {
        "id": 62182,
        "obstruction": "Private Owner Vehicle",
        "imageUrl": "https://feed.bikelaneuprising.com/nc/uploads/2024/07/29/d4e47ef83c2f752b23a524dca50f1403e919f9c8/334fe2bc-5ce3-4534-a71c-e1e032495711_file_0_Hf_w7",
        "cityKey": "new-orleans-la",
        "cityLabel": "New Orleans, LA",
        "date": "2023-10-17 00:00:00",
        "location": "VALID"
      }
    },
    {
      "type": "Feature",
      "geometry": {
        "type": "Point",
        "coordinates": [
          -90.07701116666667,
          29.975105
        ]
      },
      "properties": {
        "id": 62183,
        "obstruction": "Private Owner Vehicle",
        "imageUrl": "https://feed.bikelaneuprising.com/nc/uploads/2024/07/28/d4e47ef83c2f752b23a524dca50f1403e919f9c8/7ade22cd-2b02-49a3-ad65-d224c7a17393_file_0_GZ0_b",
        "cityKey": "new-orleans-la",
        "cityLabel": "New Orleans, LA",
        "date": "2023-10-17 00:00:00",
        "location": "VALID"
      }
    },
    {
      "type": "Feature",
      "geometry": {
        "type": "Point",
        "coordinates": [
          -90.07708616666666,
          29.975141666666666
        ]
      },
      "properties": {
        "id": 62184,
        "obstruction": "Private Owner Vehicle",
        "imageUrl": "https://feed.bikelaneuprising.com/nc/uploads/2024/07/29/d4e47ef83c2f752b23a524dca50f1403e919f9c8/93e44780-d5f0-461b-8fa0-0d7c2085fb83_file_0_iAEDo",
        "cityKey": "new-orleans-la",
        "cityLabel": "New Orleans, LA",
        "date": "2023-10-17 00:00:00",
        "location": "VALID"
      }
    },
    {
      "type": "Feature",
      "geometry": {
        "type": "Point",
        "coordinates": [
          -90.10512918233871,
          29.956227509600975
        ]
      },
      "properties": {
        "id": 62199,
        "obstruction": "Private Owner Vehicle",
        "imageUrl": "https://feed.bikelaneuprising.com/nc/uploads/2024/07/29/d4e47ef83c2f752b23a524dca50f1403e919f9c8/7913b0b8-584f-4085-97d1-54f5db6aac0d_file_0_yugi2",
        "cityKey": "new-orleans-la",
        "cityLabel": "New Orleans, LA",
        "date": "2023-10-18 00:00:00",
        "location": "VALID"
      }
    },
    {
      "type": "Feature",
      "geometry": {
        "type": "Point",
        "coordinates": [
          -90.10503832250834,
          29.956369266487112
        ]
      },
      "properties": {
        "id": 62200,
        "obstruction": "Private Owner Vehicle",
        "imageUrl": "https://feed.bikelaneuprising.com/nc/uploads/2024/07/29/d4e47ef83c2f752b23a524dca50f1403e919f9c8/f356a790-5c94-4baa-b1d6-6776aee63e2f_file_0_fVDsg",
        "cityKey": "new-orleans-la",
        "cityLabel": "New Orleans, LA",
        "date": "2023-10-18 00:00:00",
        "location": "VALID"
      }
    },
    {
      "type": "Feature",
      "geometry": {
        "type": "Point",
        "coordinates": [
          -90.10497394949198,
          29.956451764254016
        ]
      },
      "properties": {
        "id": 62201,
        "obstruction": "Company Vehicle",
        "imageUrl": "https://feed.bikelaneuprising.com/nc/uploads/2024/07/29/d4e47ef83c2f752b23a524dca50f1403e919f9c8/cfd60877-a3f7-47a8-96a6-4e27a3e7dc28_file_0_e5TMq",
        "cityKey": "new-orleans-la",
        "cityLabel": "New Orleans, LA",
        "date": "2023-10-18 00:00:00",
        "location": "VALID"
      }
    },
    {
      "type": "Feature",
      "geometry": {
        "type": "Point",
        "coordinates": [
          -90.07033616666666,
          29.970655
        ]
      },
      "properties": {
        "id": 62219,
        "obstruction": "Company Vehicle",
        "imageUrl": "https://feed.bikelaneuprising.com/nc/uploads/2024/07/28/d4e47ef83c2f752b23a524dca50f1403e919f9c8/3a66cae8-9ef3-44d2-8f19-f03e5c6e4536_file_0_GTDur",
        "cityKey": "new-orleans-la",
        "cityLabel": "New Orleans, LA",
        "date": "2023-10-18 00:00:00",
        "location": "VALID"
      }
    },
    {
      "type": "Feature",
      "geometry": {
        "type": "Point",
        "coordinates": [
          -90.08856161792542,
          29.943406807291392
        ]
      },
      "properties": {
        "id": 62303,
        "obstruction": "Private Owner Vehicle",
        "imageUrl": "",
        "cityKey": "new-orleans-la",
        "cityLabel": "New Orleans, LA",
        "date": "",
        "location": "VALID"
      }
    },
    {
      "type": "Feature",
      "geometry": {
        "type": "Point",
        "coordinates": [
          -90.05756383333333,
          29.960861666666666
        ]
      },
      "properties": {
        "id": 62319,
        "obstruction": "Municipal (city) Vehicle - includes USPS",
        "imageUrl": "https://feed.bikelaneuprising.com/nc/uploads/2024/07/29/d4e47ef83c2f752b23a524dca50f1403e919f9c8/b77d8310-00fc-45b8-8983-8317b8507423_file_0_HrJMu",
        "cityKey": "new-orleans-la",
        "cityLabel": "New Orleans, LA",
        "date": "2023-10-20 00:00:00",
        "location": "VALID"
      }
    },
    {
      "type": "Feature",
      "geometry": {
        "type": "Point",
        "coordinates": [
          -90.05738883333333,
          29.96108
        ]
      },
      "properties": {
        "id": 62320,
        "obstruction": "Company Vehicle",
        "imageUrl": "https://feed.bikelaneuprising.com/nc/uploads/2024/07/29/d4e47ef83c2f752b23a524dca50f1403e919f9c8/ec882fe2-5239-4612-909d-f01d0436e725_file_0_8mXq6",
        "cityKey": "new-orleans-la",
        "cityLabel": "New Orleans, LA",
        "date": "2023-10-20 00:00:00",
        "location": "VALID"
      }
    },
    {
      "type": "Feature",
      "geometry": {
        "type": "Point",
        "coordinates": [
          -90.05737216666667,
          29.961078333333333
        ]
      },
      "properties": {
        "id": 62321,
        "obstruction": "Other  (damaged lane / snow / debris / pedestrian / etc.)",
        "imageUrl": "https://feed.bikelaneuprising.com/nc/uploads/2024/07/29/d4e47ef83c2f752b23a524dca50f1403e919f9c8/1fd947ec-463a-497c-a418-d807602bce0d_file_0_Eke-f",
        "cityKey": "new-orleans-la",
        "cityLabel": "New Orleans, LA",
        "date": "2023-10-20 00:00:00",
        "location": "VALID"
      }
    },
    {
      "type": "Feature",
      "geometry": {
        "type": "Point",
        "coordinates": [
          -90.0575555,
          29.960808333333333
        ]
      },
      "properties": {
        "id": 62322,
        "obstruction": "Private Owner Vehicle",
        "imageUrl": "https://feed.bikelaneuprising.com/nc/uploads/2024/07/29/d4e47ef83c2f752b23a524dca50f1403e919f9c8/1cbdeb29-bb4a-4f9c-b904-37250bc1e059_file_0_FOnY5",
        "cityKey": "new-orleans-la",
        "cityLabel": "New Orleans, LA",
        "date": "2023-10-20 00:00:00",
        "location": "VALID"
      }
    },
    {
      "type": "Feature",
      "geometry": {
        "type": "Point",
        "coordinates": [
          -90.06228616666667,
          29.957005
        ]
      },
      "properties": {
        "id": 62323,
        "obstruction": "Taxi / Uber / Livery / Lyft",
        "imageUrl": "https://feed.bikelaneuprising.com/nc/uploads/2024/07/29/d4e47ef83c2f752b23a524dca50f1403e919f9c8/1810dd78-e203-41ea-9ea0-3b70fdf10643_file_0_CJakB",
        "cityKey": "new-orleans-la",
        "cityLabel": "New Orleans, LA",
        "date": "2023-10-20 00:00:00",
        "location": "VALID"
      }
    },
    {
      "type": "Feature",
      "geometry": {
        "type": "Point",
        "coordinates": [
          -90.06256116666667,
          29.95686166666667
        ]
      },
      "properties": {
        "id": 62324,
        "obstruction": "Taxi / Uber / Livery / Lyft",
        "imageUrl": "https://feed.bikelaneuprising.com/nc/uploads/2024/07/28/d4e47ef83c2f752b23a524dca50f1403e919f9c8/3d9e379b-3550-4f7b-8a24-45a2b73840be_file_0_CedvE",
        "cityKey": "new-orleans-la",
        "cityLabel": "New Orleans, LA",
        "date": "2023-10-20 00:00:00",
        "location": "VALID"
      }
    },
    {
      "type": "Feature",
      "geometry": {
        "type": "Point",
        "coordinates": [
          -90.06326475346565,
          29.95615752977559
        ]
      },
      "properties": {
        "id": 62325,
        "obstruction": "Construction",
        "imageUrl": "",
        "cityKey": "new-orleans-la",
        "cityLabel": "New Orleans, LA",
        "date": "2023-10-20 00:00:00",
        "location": "VALID"
      }
    },
    {
      "type": "Feature",
      "geometry": {
        "type": "Point",
        "coordinates": [
          -90.0560445,
          29.968603333333334
        ]
      },
      "properties": {
        "id": 62368,
        "obstruction": "Private Owner Vehicle",
        "imageUrl": "https://feed.bikelaneuprising.com/nc/uploads/2024/07/28/d4e47ef83c2f752b23a524dca50f1403e919f9c8/b04fa7c2-73d9-44c3-a332-1d8a309db66e_file_0_kD6Kt",
        "cityKey": "new-orleans-la",
        "cityLabel": "New Orleans, LA",
        "date": "2023-10-21 00:00:00",
        "location": "VALID"
      }
    },
    {
      "type": "Feature",
      "geometry": {
        "type": "Point",
        "coordinates": [
          -90.05633616666667,
          29.968583333333335
        ]
      },
      "properties": {
        "id": 62369,
        "obstruction": "Private Owner Vehicle",
        "imageUrl": "https://feed.bikelaneuprising.com/nc/uploads/2024/07/29/d4e47ef83c2f752b23a524dca50f1403e919f9c8/961aef26-c4ce-4dad-a7d9-4acb90c4c227_file_0_FsQM5",
        "cityKey": "new-orleans-la",
        "cityLabel": "New Orleans, LA",
        "date": "2023-10-21 00:00:00",
        "location": "VALID"
      }
    },
    {
      "type": "Feature",
      "geometry": {
        "type": "Point",
        "coordinates": [
          -90.0564055,
          29.96857
        ]
      },
      "properties": {
        "id": 62370,
        "obstruction": "Private Owner Vehicle",
        "imageUrl": "https://feed.bikelaneuprising.com/nc/uploads/2024/07/29/d4e47ef83c2f752b23a524dca50f1403e919f9c8/101a0605-68e7-4553-a771-77a6887395d6_file_0_Qf0Vn",
        "cityKey": "new-orleans-la",
        "cityLabel": "New Orleans, LA",
        "date": "2023-10-21 00:00:00",
        "location": "VALID"
      }
    },
    {
      "type": "Feature",
      "geometry": {
        "type": "Point",
        "coordinates": [
          -90.05655,
          29.968545
        ]
      },
      "properties": {
        "id": 62371,
        "obstruction": "Private Owner Vehicle",
        "imageUrl": "https://feed.bikelaneuprising.com/nc/uploads/2024/07/29/d4e47ef83c2f752b23a524dca50f1403e919f9c8/c11844bc-414d-48a8-b3fc-d0de4ae85e55_file_0_bVgH8",
        "cityKey": "new-orleans-la",
        "cityLabel": "New Orleans, LA",
        "date": "2023-10-21 00:00:00",
        "location": "VALID"
      }
    },
    {
      "type": "Feature",
      "geometry": {
        "type": "Point",
        "coordinates": [
          -90.07498085128339,
          29.94450810745688
        ]
      },
      "properties": {
        "id": 62372,
        "obstruction": "Company Vehicle",
        "imageUrl": "https://feed.bikelaneuprising.com/nc/uploads/2024/07/28/d4e47ef83c2f752b23a524dca50f1403e919f9c8/2dc23507-e199-4eee-af14-477ea24da90b_file_0_S_Zjf",
        "cityKey": "new-orleans-la",
        "cityLabel": "New Orleans, LA",
        "date": "2023-10-10 00:00:00",
        "location": "VALID"
      }
    },
    {
      "type": "Feature",
      "geometry": {
        "type": "Point",
        "coordinates": [
          -90.07246383333333,
          29.952138333333334
        ]
      },
      "properties": {
        "id": 62435,
        "obstruction": "Company Vehicle",
        "imageUrl": "https://feed.bikelaneuprising.com/nc/uploads/2024/07/28/d4e47ef83c2f752b23a524dca50f1403e919f9c8/2eebcb62-7939-4102-857c-a5353f46b482_file_0_3ZpX4",
        "cityKey": "new-orleans-la",
        "cityLabel": "New Orleans, LA",
        "date": "2023-10-22 00:00:00",
        "location": "VALID"
      }
    },
    {
      "type": "Feature",
      "geometry": {
        "type": "Point",
        "coordinates": [
          -90.0741930696446,
          29.946386217372417
        ]
      },
      "properties": {
        "id": 62602,
        "obstruction": "Company Vehicle",
        "imageUrl": "https://feed.bikelaneuprising.com/nc/uploads/2024/07/29/d4e47ef83c2f752b23a524dca50f1403e919f9c8/948fde70-ea93-4f7b-a405-770916a84d26_file_0_eGohc",
        "cityKey": "new-orleans-la",
        "cityLabel": "New Orleans, LA",
        "date": "2023-10-26 00:00:00",
        "location": "VALID"
      }
    },
    {
      "type": "Feature",
      "geometry": {
        "type": "Point",
        "coordinates": [
          -90.07454716666666,
          29.945395
        ]
      },
      "properties": {
        "id": 62603,
        "obstruction": "Municipal (city) Vehicle - includes USPS",
        "imageUrl": "https://feed.bikelaneuprising.com/nc/uploads/2024/07/28/d4e47ef83c2f752b23a524dca50f1403e919f9c8/f2c65b0a-33d1-4012-b4d8-c21a046dee28_file_0_1xEg7",
        "cityKey": "new-orleans-la",
        "cityLabel": "New Orleans, LA",
        "date": "2023-10-26 00:00:00",
        "location": "VALID"
      }
    },
    {
      "type": "Feature",
      "geometry": {
        "type": "Point",
        "coordinates": [
          -90.10086116666666,
          29.926671666666667
        ]
      },
      "properties": {
        "id": 62604,
        "obstruction": "Private Owner Vehicle",
        "imageUrl": "https://feed.bikelaneuprising.com/nc/uploads/2024/07/29/d4e47ef83c2f752b23a524dca50f1403e919f9c8/60d4c9f7-6b49-4760-8ac4-179231556c31_file_0_5jxKX",
        "cityKey": "new-orleans-la",
        "cityLabel": "New Orleans, LA",
        "date": "2023-10-26 00:00:00",
        "location": "VALID"
      }
    },
    {
      "type": "Feature",
      "geometry": {
        "type": "Point",
        "coordinates": [
          -90.072875,
          29.93747
        ]
      },
      "properties": {
        "id": 62605,
        "obstruction": "Private Owner Vehicle",
        "imageUrl": "https://feed.bikelaneuprising.com/nc/uploads/2024/07/29/d4e47ef83c2f752b23a524dca50f1403e919f9c8/8357de40-4bd8-4dc6-84eb-0e60a744c564_file_0_li5in",
        "cityKey": "new-orleans-la",
        "cityLabel": "New Orleans, LA",
        "date": "2023-10-26 00:00:00",
        "location": "VALID"
      }
    },
    {
      "type": "Feature",
      "geometry": {
        "type": "Point",
        "coordinates": [
          -90.06306383333333,
          29.956366666666668
        ]
      },
      "properties": {
        "id": 62606,
        "obstruction": "Taxi / Uber / Livery / Lyft",
        "imageUrl": "https://feed.bikelaneuprising.com/nc/uploads/2024/07/29/d4e47ef83c2f752b23a524dca50f1403e919f9c8/fb37fd98-448f-40cb-8289-47d9ef7efd0d_file_0_gEWAS",
        "cityKey": "new-orleans-la",
        "cityLabel": "New Orleans, LA",
        "date": "2023-10-26 00:00:00",
        "location": "VALID"
      }
    },
    {
      "type": "Feature",
      "geometry": {
        "type": "Point",
        "coordinates": [
          -90.06300283333333,
          29.95643
        ]
      },
      "properties": {
        "id": 62607,
        "obstruction": "Taxi / Uber / Livery / Lyft",
        "imageUrl": "https://feed.bikelaneuprising.com/nc/uploads/2024/07/29/d4e47ef83c2f752b23a524dca50f1403e919f9c8/a5b04d18-334a-48e5-8c54-ebf781db9a18_file_0_XRhPA",
        "cityKey": "new-orleans-la",
        "cityLabel": "New Orleans, LA",
        "date": "2023-10-26 00:00:00",
        "location": "VALID"
      }
    },
    {
      "type": "Feature",
      "geometry": {
        "type": "Point",
        "coordinates": [
          -90.063775,
          29.965938333333334
        ]
      },
      "properties": {
        "id": 62662,
        "obstruction": "Municipal (city) Vehicle - includes USPS",
        "imageUrl": "https://feed.bikelaneuprising.com/nc/uploads/2024/07/29/d4e47ef83c2f752b23a524dca50f1403e919f9c8/c4347048-3c8a-47cc-881a-7c1965ff7c2c_file_0_16Q5d",
        "cityKey": "new-orleans-la",
        "cityLabel": "New Orleans, LA",
        "date": "2023-10-28 00:00:00",
        "location": "VALID"
      }
    },
    {
      "type": "Feature",
      "geometry": {
        "type": "Point",
        "coordinates": [
          -90.05688616666667,
          29.961261666666665
        ]
      },
      "properties": {
        "id": 62698,
        "obstruction": "Taxi / Uber / Livery / Lyft",
        "imageUrl": "https://feed.bikelaneuprising.com/nc/uploads/2024/07/29/d4e47ef83c2f752b23a524dca50f1403e919f9c8/5050d34f-b728-44ef-8bd6-19284bfb3969_file_0_f17uE",
        "cityKey": "new-orleans-la",
        "cityLabel": "New Orleans, LA",
        "date": "2023-10-28 00:00:00",
        "location": "VALID"
      }
    },
    {
      "type": "Feature",
      "geometry": {
        "type": "Point",
        "coordinates": [
          -90.0577305,
          29.960946666666665
        ]
      },
      "properties": {
        "id": 62699,
        "obstruction": "Company Vehicle",
        "imageUrl": "https://feed.bikelaneuprising.com/nc/uploads/2024/07/29/d4e47ef83c2f752b23a524dca50f1403e919f9c8/62dc0e4c-8105-4300-b277-946108072935_file_0_CP3JK",
        "cityKey": "new-orleans-la",
        "cityLabel": "New Orleans, LA",
        "date": "2023-10-28 00:00:00",
        "location": "VALID"
      }
    },
    {
      "type": "Feature",
      "geometry": {
        "type": "Point",
        "coordinates": [
          -90.06102783333333,
          29.958666666666666
        ]
      },
      "properties": {
        "id": 62700,
        "obstruction": "Taxi / Uber / Livery / Lyft",
        "imageUrl": "https://feed.bikelaneuprising.com/nc/uploads/2024/07/29/d4e47ef83c2f752b23a524dca50f1403e919f9c8/cb5d090e-f692-4305-b7a1-710fa4a16479_file_0__ra2Y",
        "cityKey": "new-orleans-la",
        "cityLabel": "New Orleans, LA",
        "date": "2023-10-28 00:00:00",
        "location": "VALID"
      }
    },
    {
      "type": "Feature",
      "geometry": {
        "type": "Point",
        "coordinates": [
          -90.0614695,
          29.958205
        ]
      },
      "properties": {
        "id": 62701,
        "obstruction": "Taxi / Uber / Livery / Lyft",
        "imageUrl": "https://feed.bikelaneuprising.com/nc/uploads/2024/07/28/d4e47ef83c2f752b23a524dca50f1403e919f9c8/7169744c-cf04-4e38-a0dc-69ac247f1a42_file_0_GSZVq",
        "cityKey": "new-orleans-la",
        "cityLabel": "New Orleans, LA",
        "date": "2023-10-28 00:00:00",
        "location": "VALID"
      }
    },
    {
      "type": "Feature",
      "geometry": {
        "type": "Point",
        "coordinates": [
          -90.06268333333334,
          29.956836666666668
        ]
      },
      "properties": {
        "id": 62702,
        "obstruction": "Construction",
        "imageUrl": "https://feed.bikelaneuprising.com/nc/uploads/2024/07/28/d4e47ef83c2f752b23a524dca50f1403e919f9c8/5836c7a0-1c8c-478a-9abc-424c6e34bb68_file_0_PWRH6",
        "cityKey": "new-orleans-la",
        "cityLabel": "New Orleans, LA",
        "date": "2023-10-28 00:00:00",
        "location": "VALID"
      }
    },
    {
      "type": "Feature",
      "geometry": {
        "type": "Point",
        "coordinates": [
          -90.06297216666667,
          29.956488333333333
        ]
      },
      "properties": {
        "id": 62703,
        "obstruction": "Taxi / Uber / Livery / Lyft",
        "imageUrl": "https://feed.bikelaneuprising.com/nc/uploads/2024/07/28/d4e47ef83c2f752b23a524dca50f1403e919f9c8/544c8a0c-7b8d-40e1-acb7-cfbd01cd5c48_file_0_pYvjC",
        "cityKey": "new-orleans-la",
        "cityLabel": "New Orleans, LA",
        "date": "2023-10-28 00:00:00",
        "location": "VALID"
      }
    },
    {
      "type": "Feature",
      "geometry": {
        "type": "Point",
        "coordinates": [
          -90.06434716666666,
          29.954778333333334
        ]
      },
      "properties": {
        "id": 62704,
        "obstruction": "Taxi / Uber / Livery / Lyft",
        "imageUrl": "https://feed.bikelaneuprising.com/nc/uploads/2024/07/29/d4e47ef83c2f752b23a524dca50f1403e919f9c8/16e05c99-14d1-46ce-aa48-a9a14c982d39_file_0__y4re",
        "cityKey": "new-orleans-la",
        "cityLabel": "New Orleans, LA",
        "date": "2023-10-28 00:00:00",
        "location": "VALID"
      }
    },
    {
      "type": "Feature",
      "geometry": {
        "type": "Point",
        "coordinates": [
          -90.0644445,
          29.95458
        ]
      },
      "properties": {
        "id": 62705,
        "obstruction": "Taxi / Uber / Livery / Lyft",
        "imageUrl": "https://feed.bikelaneuprising.com/nc/uploads/2024/07/29/d4e47ef83c2f752b23a524dca50f1403e919f9c8/7eec77d7-94b5-42da-9b9e-0bd2348850c8_file_0_xUHb_",
        "cityKey": "new-orleans-la",
        "cityLabel": "New Orleans, LA",
        "date": "2023-10-28 00:00:00",
        "location": "VALID"
      }
    },
    {
      "type": "Feature",
      "geometry": {
        "type": "Point",
        "coordinates": [
          -90.07283883333334,
          29.937403333333332
        ]
      },
      "properties": {
        "id": 62706,
        "obstruction": "Municipal (city) Vehicle - includes USPS",
        "imageUrl": "https://feed.bikelaneuprising.com/nc/uploads/2024/07/29/d4e47ef83c2f752b23a524dca50f1403e919f9c8/68d9608c-e87d-41ad-93c3-63e24911fb77_file_0_6mFwe",
        "cityKey": "new-orleans-la",
        "cityLabel": "New Orleans, LA",
        "date": "2023-10-28 00:00:00",
        "location": "VALID"
      }
    },
    {
      "type": "Feature",
      "geometry": {
        "type": "Point",
        "coordinates": [
          -90.09422216666667,
          29.927313333333334
        ]
      },
      "properties": {
        "id": 62707,
        "obstruction": "Taxi / Uber / Livery / Lyft",
        "imageUrl": "https://feed.bikelaneuprising.com/nc/uploads/2024/07/29/d4e47ef83c2f752b23a524dca50f1403e919f9c8/f104af40-220f-4352-9289-b5140c555d5b_file_0_-IjJu",
        "cityKey": "new-orleans-la",
        "cityLabel": "New Orleans, LA",
        "date": "2023-10-28 00:00:00",
        "location": "VALID"
      }
    },
    {
      "type": "Feature",
      "geometry": {
        "type": "Point",
        "coordinates": [
          -90.09584166666667,
          29.926916666666667
        ]
      },
      "properties": {
        "id": 62708,
        "obstruction": "Company Vehicle",
        "imageUrl": "https://feed.bikelaneuprising.com/nc/uploads/2024/07/29/d4e47ef83c2f752b23a524dca50f1403e919f9c8/9f8107fb-881c-4a5a-94f1-f5356fe12fe7_file_0_ZNQtb",
        "cityKey": "new-orleans-la",
        "cityLabel": "New Orleans, LA",
        "date": "2023-10-28 00:00:00",
        "location": "VALID"
      }
    },
    {
      "type": "Feature",
      "geometry": null,
      "properties": {
        "id": 62709,
        "obstruction": "Private Owner Vehicle",
        "imageUrl": "https://feed.bikelaneuprising.com/nc/uploads/2024/07/29/d4e47ef83c2f752b23a524dca50f1403e919f9c8/9bc88072-9e74-468f-b0df-a22ad70e3ad6_file_0_a2eLT",
        "cityKey": "new-orleans-la",
        "cityLabel": "New Orleans, LA",
        "date": "",
        "location": "INVALID"
      }
    },
    {
      "type": "Feature",
      "geometry": {
        "type": "Point",
        "coordinates": [
          -90.13247783333334,
          29.944891666666667
        ]
      },
      "properties": {
        "id": 62710,
        "obstruction": "Company Vehicle",
        "imageUrl": "https://feed.bikelaneuprising.com/nc/uploads/2024/07/28/d4e47ef83c2f752b23a524dca50f1403e919f9c8/4e812222-8bde-4105-9e8c-7dbc7de15973_file_0_B4ziw",
        "cityKey": "new-orleans-la",
        "cityLabel": "New Orleans, LA",
        "date": "2023-10-28 00:00:00",
        "location": "VALID"
      }
    },
    {
      "type": "Feature",
      "geometry": {
        "type": "Point",
        "coordinates": [
          -90.12847216666667,
          29.948646666666665
        ]
      },
      "properties": {
        "id": 62711,
        "obstruction": "Construction",
        "imageUrl": "https://feed.bikelaneuprising.com/nc/uploads/2024/07/29/d4e47ef83c2f752b23a524dca50f1403e919f9c8/19092aeb-38be-48aa-b6a9-edd892d85e6f_file_0_iNzq0",
        "cityKey": "new-orleans-la",
        "cityLabel": "New Orleans, LA",
        "date": "2023-10-28 00:00:00",
        "location": "VALID"
      }
    },
    {
      "type": "Feature",
      "geometry": {
        "type": "Point",
        "coordinates": [
          -90.06495,
          29.964571666666668
        ]
      },
      "properties": {
        "id": 62712,
        "obstruction": "Company Vehicle",
        "imageUrl": "https://feed.bikelaneuprising.com/nc/uploads/2024/07/29/d4e47ef83c2f752b23a524dca50f1403e919f9c8/7c4b3b0e-4a93-4f75-a8bc-2c131527b490_file_1_uLnar",
        "cityKey": "new-orleans-la",
        "cityLabel": "New Orleans, LA",
        "date": "2023-10-28 00:00:00",
        "location": "VALID"
      }
    },
    {
      "type": "Feature",
      "geometry": {
        "type": "Point",
        "coordinates": [
          -90.06262216666667,
          29.956891666666667
        ]
      },
      "properties": {
        "id": 62713,
        "obstruction": "Private Owner Vehicle",
        "imageUrl": "https://feed.bikelaneuprising.com/nc/uploads/2024/07/29/d4e47ef83c2f752b23a524dca50f1403e919f9c8/0e61963e-0adc-4883-8d7e-53bb1cd61068_file_0_lt-_i",
        "cityKey": "new-orleans-la",
        "cityLabel": "New Orleans, LA",
        "date": "2023-10-27 00:00:00",
        "location": "VALID"
      }
    },
    {
      "type": "Feature",
      "geometry": {
        "type": "Point",
        "coordinates": [
          -90.06306383333333,
          29.956396666666667
        ]
      },
      "properties": {
        "id": 62714,
        "obstruction": "Taxi / Uber / Livery / Lyft",
        "imageUrl": "https://feed.bikelaneuprising.com/nc/uploads/2024/07/29/d4e47ef83c2f752b23a524dca50f1403e919f9c8/56aef19e-266b-4746-ba54-359e539cf6c4_file_0_llvMZ",
        "cityKey": "new-orleans-la",
        "cityLabel": "New Orleans, LA",
        "date": "2023-10-27 00:00:00",
        "location": "VALID"
      }
    },
    {
      "type": "Feature",
      "geometry": {
        "type": "Point",
        "coordinates": [
          -90.06627783333333,
          29.949896666666667
        ]
      },
      "properties": {
        "id": 62716,
        "obstruction": "Taxi / Uber / Livery / Lyft",
        "imageUrl": "https://feed.bikelaneuprising.com/nc/uploads/2024/07/29/d4e47ef83c2f752b23a524dca50f1403e919f9c8/bcf6d3e5-7343-4c64-b20d-41eeeb4d4250_file_0_3Ht2R",
        "cityKey": "new-orleans-la",
        "cityLabel": "New Orleans, LA",
        "date": "2023-10-27 00:00:00",
        "location": "VALID"
      }
    },
    {
      "type": "Feature",
      "geometry": {
        "type": "Point",
        "coordinates": [
          -90.07246383333333,
          29.952186666666666
        ]
      },
      "properties": {
        "id": 62717,
        "obstruction": "Taxi / Uber / Livery / Lyft",
        "imageUrl": "https://feed.bikelaneuprising.com/nc/uploads/2024/07/29/d4e47ef83c2f752b23a524dca50f1403e919f9c8/3946953e-e78b-4f24-b10c-7642b2129132_file_0_LT9ul",
        "cityKey": "new-orleans-la",
        "cityLabel": "New Orleans, LA",
        "date": "2023-10-27 00:00:00",
        "location": "VALID"
      }
    },
    {
      "type": "Feature",
      "geometry": {
        "type": "Point",
        "coordinates": [
          -90.07325,
          29.949445
        ]
      },
      "properties": {
        "id": 62718,
        "obstruction": "Company Vehicle",
        "imageUrl": "https://feed.bikelaneuprising.com/nc/uploads/2024/07/29/d4e47ef83c2f752b23a524dca50f1403e919f9c8/f17082bd-1f00-4b93-8d46-698153ddbf0d_file_0_hY2bu",
        "cityKey": "new-orleans-la",
        "cityLabel": "New Orleans, LA",
        "date": "2023-10-27 00:00:00",
        "location": "VALID"
      }
    },
    {
      "type": "Feature",
      "geometry": {
        "type": "Point",
        "coordinates": [
          -90.10082216666666,
          29.926528333333334
        ]
      },
      "properties": {
        "id": 62719,
        "obstruction": "Private Owner Vehicle",
        "imageUrl": "https://feed.bikelaneuprising.com/nc/uploads/2024/07/28/d4e47ef83c2f752b23a524dca50f1403e919f9c8/7866c18c-fd9b-49ec-9605-ca09ccb6bd47_file_0_aU1Ot",
        "cityKey": "new-orleans-la",
        "cityLabel": "New Orleans, LA",
        "date": "2023-10-27 00:00:00",
        "location": "VALID"
      }
    },
    {
      "type": "Feature",
      "geometry": {
        "type": "Point",
        "coordinates": [
          -90.07743883333333,
          29.930445
        ]
      },
      "properties": {
        "id": 62720,
        "obstruction": "Private Owner Vehicle",
        "imageUrl": "https://feed.bikelaneuprising.com/nc/uploads/2024/07/29/d4e47ef83c2f752b23a524dca50f1403e919f9c8/87eec2b5-b377-4258-b88b-3d60e8a6211d_file_0_pI9wN",
        "cityKey": "new-orleans-la",
        "cityLabel": "New Orleans, LA",
        "date": "2023-10-27 00:00:00",
        "location": "VALID"
      }
    },
    {
      "type": "Feature",
      "geometry": {
        "type": "Point",
        "coordinates": [
          -90.07743883333333,
          29.930486666666667
        ]
      },
      "properties": {
        "id": 62721,
        "obstruction": "Private Owner Vehicle",
        "imageUrl": "https://feed.bikelaneuprising.com/nc/uploads/2024/07/29/d4e47ef83c2f752b23a524dca50f1403e919f9c8/4b062947-95fe-47d4-a669-61757605fc4a_file_0_lMSBH",
        "cityKey": "new-orleans-la",
        "cityLabel": "New Orleans, LA",
        "date": "2023-10-27 00:00:00",
        "location": "VALID"
      }
    },
    {
      "type": "Feature",
      "geometry": {
        "type": "Point",
        "coordinates": [
          -90.07748333333333,
          29.93053
        ]
      },
      "properties": {
        "id": 62722,
        "obstruction": "Private Owner Vehicle",
        "imageUrl": "https://feed.bikelaneuprising.com/nc/uploads/2024/07/29/d4e47ef83c2f752b23a524dca50f1403e919f9c8/afd77f2b-fbee-45f2-ad4c-84ff1a89e78e_file_0_7xfOJ",
        "cityKey": "new-orleans-la",
        "cityLabel": "New Orleans, LA",
        "date": "2023-10-27 00:00:00",
        "location": "VALID"
      }
    },
    {
      "type": "Feature",
      "geometry": {
        "type": "Point",
        "coordinates": [
          -90.07753883333334,
          29.93058
        ]
      },
      "properties": {
        "id": 62723,
        "obstruction": "Private Owner Vehicle",
        "imageUrl": "https://feed.bikelaneuprising.com/nc/uploads/2024/07/28/d4e47ef83c2f752b23a524dca50f1403e919f9c8/b6ac3cee-f387-4636-8c70-794f10f4e6cd_file_0_PbL54",
        "cityKey": "new-orleans-la",
        "cityLabel": "New Orleans, LA",
        "date": "2023-10-27 00:00:00",
        "location": "VALID"
      }
    },
    {
      "type": "Feature",
      "geometry": {
        "type": "Point",
        "coordinates": [
          -90.0776305,
          29.930678333333333
        ]
      },
      "properties": {
        "id": 62724,
        "obstruction": "Private Owner Vehicle",
        "imageUrl": "https://feed.bikelaneuprising.com/nc/uploads/2024/07/28/d4e47ef83c2f752b23a524dca50f1403e919f9c8/a2081e72-8b53-4693-ae03-a531b9b89874_file_0__YejM",
        "cityKey": "new-orleans-la",
        "cityLabel": "New Orleans, LA",
        "date": "2023-10-27 00:00:00",
        "location": "VALID"
      }
    },
    {
      "type": "Feature",
      "geometry": {
        "type": "Point",
        "coordinates": [
          -90.07766666666667,
          29.930713333333333
        ]
      },
      "properties": {
        "id": 62725,
        "obstruction": "Private Owner Vehicle",
        "imageUrl": "https://feed.bikelaneuprising.com/nc/uploads/2024/07/29/d4e47ef83c2f752b23a524dca50f1403e919f9c8/f16b1b81-445e-49ae-9b4c-ac5381842fc0_file_0_S6v0l",
        "cityKey": "new-orleans-la",
        "cityLabel": "New Orleans, LA",
        "date": "2023-10-27 00:00:00",
        "location": "VALID"
      }
    },
    {
      "type": "Feature",
      "geometry": {
        "type": "Point",
        "coordinates": [
          -90.07772783333333,
          29.930796666666666
        ]
      },
      "properties": {
        "id": 62726,
        "obstruction": "Private Owner Vehicle",
        "imageUrl": "https://feed.bikelaneuprising.com/nc/uploads/2024/07/29/d4e47ef83c2f752b23a524dca50f1403e919f9c8/eb7b3ac8-0f99-4c39-aea3-0b11050aabf9_file_0_FliYZ",
        "cityKey": "new-orleans-la",
        "cityLabel": "New Orleans, LA",
        "date": "2023-10-27 00:00:00",
        "location": "VALID"
      }
    },
    {
      "type": "Feature",
      "geometry": {
        "type": "Point",
        "coordinates": [
          -90.07776666666666,
          29.930838333333334
        ]
      },
      "properties": {
        "id": 62727,
        "obstruction": "Private Owner Vehicle",
        "imageUrl": "https://feed.bikelaneuprising.com/nc/uploads/2024/07/29/d4e47ef83c2f752b23a524dca50f1403e919f9c8/59b4a21f-5c9a-41eb-bbb0-db33d3144cec_file_0_HnKEB",
        "cityKey": "new-orleans-la",
        "cityLabel": "New Orleans, LA",
        "date": "2023-10-27 00:00:00",
        "location": "VALID"
      }
    },
    {
      "type": "Feature",
      "geometry": {
        "type": "Point",
        "coordinates": [
          -90.0778055,
          29.930878333333332
        ]
      },
      "properties": {
        "id": 62728,
        "obstruction": "Private Owner Vehicle",
        "imageUrl": "https://feed.bikelaneuprising.com/nc/uploads/2024/07/29/d4e47ef83c2f752b23a524dca50f1403e919f9c8/1edd4fc5-45bc-47d3-9796-6c23d4738043_file_0_HcLpN",
        "cityKey": "new-orleans-la",
        "cityLabel": "New Orleans, LA",
        "date": "2023-10-27 00:00:00",
        "location": "VALID"
      }
    },
    {
      "type": "Feature",
      "geometry": {
        "type": "Point",
        "coordinates": [
          -90.0778805,
          29.930958333333333
        ]
      },
      "properties": {
        "id": 62729,
        "obstruction": "Private Owner Vehicle",
        "imageUrl": "https://feed.bikelaneuprising.com/nc/uploads/2024/07/29/d4e47ef83c2f752b23a524dca50f1403e919f9c8/5b59ebbf-6cfc-48f7-add3-e1b0c8d91b31_file_0_WZMWg",
        "cityKey": "new-orleans-la",
        "cityLabel": "New Orleans, LA",
        "date": "2023-10-27 00:00:00",
        "location": "VALID"
      }
    },
    {
      "type": "Feature",
      "geometry": {
        "type": "Point",
        "coordinates": [
          -90.07796383333333,
          29.931038333333333
        ]
      },
      "properties": {
        "id": 62730,
        "obstruction": "Private Owner Vehicle",
        "imageUrl": "https://feed.bikelaneuprising.com/nc/uploads/2024/07/29/d4e47ef83c2f752b23a524dca50f1403e919f9c8/0e9e8b60-adc8-486f-97db-c70ebad8cc4d_file_0_yIKFq",
        "cityKey": "new-orleans-la",
        "cityLabel": "New Orleans, LA",
        "date": "2023-10-27 00:00:00",
        "location": "VALID"
      }
    },
    {
      "type": "Feature",
      "geometry": {
        "type": "Point",
        "coordinates": [
          -90.07800283333333,
          29.93108
        ]
      },
      "properties": {
        "id": 62731,
        "obstruction": "Private Owner Vehicle",
        "imageUrl": "https://feed.bikelaneuprising.com/nc/uploads/2024/07/29/d4e47ef83c2f752b23a524dca50f1403e919f9c8/4f096da3-bd98-4402-91de-e0ac2fcfc01b_file_0_EX3iA",
        "cityKey": "new-orleans-la",
        "cityLabel": "New Orleans, LA",
        "date": "2023-10-27 00:00:00",
        "location": "VALID"
      }
    },
    {
      "type": "Feature",
      "geometry": {
        "type": "Point",
        "coordinates": [
          -90.07803333333334,
          29.931125
        ]
      },
      "properties": {
        "id": 62732,
        "obstruction": "Private Owner Vehicle",
        "imageUrl": "https://feed.bikelaneuprising.com/nc/uploads/2024/07/29/d4e47ef83c2f752b23a524dca50f1403e919f9c8/106a655c-60ef-459d-bfac-813a88b21aaf_file_0_kvM-S",
        "cityKey": "new-orleans-la",
        "cityLabel": "New Orleans, LA",
        "date": "2023-10-27 00:00:00",
        "location": "VALID"
      }
    },
    {
      "type": "Feature",
      "geometry": {
        "type": "Point",
        "coordinates": [
          -90.0780805,
          29.93117
        ]
      },
      "properties": {
        "id": 62733,
        "obstruction": "Private Owner Vehicle",
        "imageUrl": "https://feed.bikelaneuprising.com/nc/uploads/2024/07/29/d4e47ef83c2f752b23a524dca50f1403e919f9c8/db5f79c7-f6a3-4a03-9a5d-aadd649ec230_file_0_7WKrU",
        "cityKey": "new-orleans-la",
        "cityLabel": "New Orleans, LA",
        "date": "2023-10-27 00:00:00",
        "location": "VALID"
      }
    },
    {
      "type": "Feature",
      "geometry": {
        "type": "Point",
        "coordinates": [
          -90.07811666666667,
          29.931211666666666
        ]
      },
      "properties": {
        "id": 62734,
        "obstruction": "Private Owner Vehicle",
        "imageUrl": "https://feed.bikelaneuprising.com/nc/uploads/2024/07/29/d4e47ef83c2f752b23a524dca50f1403e919f9c8/20f67159-8e3c-46b7-9eda-b2505cfd00bf_file_0_gg50v",
        "cityKey": "new-orleans-la",
        "cityLabel": "New Orleans, LA",
        "date": "2023-10-27 00:00:00",
        "location": "VALID"
      }
    },
    {
      "type": "Feature",
      "geometry": {
        "type": "Point",
        "coordinates": [
          -90.07818616666667,
          29.931305000000002
        ]
      },
      "properties": {
        "id": 62735,
        "obstruction": "Private Owner Vehicle",
        "imageUrl": "https://feed.bikelaneuprising.com/nc/uploads/2024/07/29/d4e47ef83c2f752b23a524dca50f1403e919f9c8/e00cc1d9-a252-4570-818e-10ed4e727b08_file_0_dp79E",
        "cityKey": "new-orleans-la",
        "cityLabel": "New Orleans, LA",
        "date": "2023-10-27 00:00:00",
        "location": "VALID"
      }
    },
    {
      "type": "Feature",
      "geometry": {
        "type": "Point",
        "coordinates": [
          -90.07821666666666,
          29.931358333333332
        ]
      },
      "properties": {
        "id": 62736,
        "obstruction": "Private Owner Vehicle",
        "imageUrl": "https://feed.bikelaneuprising.com/nc/uploads/2024/07/29/d4e47ef83c2f752b23a524dca50f1403e919f9c8/9f5d36dd-878f-4d3c-b4e9-57281ab2b8c7_file_0_jItmH",
        "cityKey": "new-orleans-la",
        "cityLabel": "New Orleans, LA",
        "date": "2023-10-27 00:00:00",
        "location": "VALID"
      }
    },
    {
      "type": "Feature",
      "geometry": {
        "type": "Point",
        "coordinates": [
          -90.0782555,
          29.931403333333332
        ]
      },
      "properties": {
        "id": 62737,
        "obstruction": "Private Owner Vehicle",
        "imageUrl": "https://feed.bikelaneuprising.com/nc/uploads/2024/07/29/d4e47ef83c2f752b23a524dca50f1403e919f9c8/7a98d6b4-ae56-4318-b44f-088662a09dfd_file_0_meXaX",
        "cityKey": "new-orleans-la",
        "cityLabel": "New Orleans, LA",
        "date": "2023-10-27 00:00:00",
        "location": "VALID"
      }
    },
    {
      "type": "Feature",
      "geometry": {
        "type": "Point",
        "coordinates": [
          -90.06300283333333,
          29.95643
        ]
      },
      "properties": {
        "id": 62738,
        "obstruction": "Taxi / Uber / Livery / Lyft",
        "imageUrl": "https://feed.bikelaneuprising.com/nc/uploads/2024/07/28/d4e47ef83c2f752b23a524dca50f1403e919f9c8/005c0b4a-77f3-4dd6-93de-22cd6ff7c559_file_0_L84yz",
        "cityKey": "new-orleans-la",
        "cityLabel": "New Orleans, LA",
        "date": "2023-10-26 00:00:00",
        "location": "VALID"
      }
    },
    {
      "type": "Feature",
      "geometry": {
        "type": "Point",
        "coordinates": [
          -90.06306383333333,
          29.956366666666668
        ]
      },
      "properties": {
        "id": 62739,
        "obstruction": "Taxi / Uber / Livery / Lyft",
        "imageUrl": "https://feed.bikelaneuprising.com/nc/uploads/2024/07/29/d4e47ef83c2f752b23a524dca50f1403e919f9c8/d4e900e0-c915-454b-8326-0318ba471e17_file_0_1UaCi",
        "cityKey": "new-orleans-la",
        "cityLabel": "New Orleans, LA",
        "date": "2023-10-26 00:00:00",
        "location": "VALID"
      }
    },
    {
      "type": "Feature",
      "geometry": {
        "type": "Point",
        "coordinates": [
          -90.072875,
          29.93747
        ]
      },
      "properties": {
        "id": 62740,
        "obstruction": "Private Owner Vehicle",
        "imageUrl": "https://feed.bikelaneuprising.com/nc/uploads/2024/07/29/d4e47ef83c2f752b23a524dca50f1403e919f9c8/9fe8e737-5d76-4566-a579-885feb4a97a2_file_0_7tyAs",
        "cityKey": "new-orleans-la",
        "cityLabel": "New Orleans, LA",
        "date": "2023-10-26 00:00:00",
        "location": "VALID"
      }
    },
    {
      "type": "Feature",
      "geometry": {
        "type": "Point",
        "coordinates": [
          -90.10086116666666,
          29.926671666666667
        ]
      },
      "properties": {
        "id": 62741,
        "obstruction": "Private Owner Vehicle",
        "imageUrl": "https://feed.bikelaneuprising.com/nc/uploads/2024/07/29/d4e47ef83c2f752b23a524dca50f1403e919f9c8/946c7d68-1b8b-43af-a294-9d3ed231f5f4_file_0_2IfxE",
        "cityKey": "new-orleans-la",
        "cityLabel": "New Orleans, LA",
        "date": "2023-10-26 00:00:00",
        "location": "VALID"
      }
    },
    {
      "type": "Feature",
      "geometry": {
        "type": "Point",
        "coordinates": [
          -90.07454716666666,
          29.945395
        ]
      },
      "properties": {
        "id": 62742,
        "obstruction": "Municipal (city) Vehicle - includes USPS",
        "imageUrl": "https://feed.bikelaneuprising.com/nc/uploads/2024/07/29/d4e47ef83c2f752b23a524dca50f1403e919f9c8/baae0c50-295b-4310-95ce-25ec8e652359_file_0_ErqLZ",
        "cityKey": "new-orleans-la",
        "cityLabel": "New Orleans, LA",
        "date": "2023-10-26 00:00:00",
        "location": "VALID"
      }
    },
    {
      "type": "Feature",
      "geometry": {
        "type": "Point",
        "coordinates": [
          -90.07422093914043,
          29.94634645227999
        ]
      },
      "properties": {
        "id": 62743,
        "obstruction": "Company Vehicle",
        "imageUrl": "https://feed.bikelaneuprising.com/nc/uploads/2024/07/29/d4e47ef83c2f752b23a524dca50f1403e919f9c8/becd765d-e0c8-47b5-a2b5-def82802bcc0_file_0_hWOUW",
        "cityKey": "new-orleans-la",
        "cityLabel": "New Orleans, LA",
        "date": "2023-10-26 00:00:00",
        "location": "VALID"
      }
    },
    {
      "type": "Feature",
      "geometry": {
        "type": "Point",
        "coordinates": [
          -90.07513219900474,
          29.944313806745583
        ]
      },
      "properties": {
        "id": 62744,
        "obstruction": "Company Vehicle",
        "imageUrl": "https://feed.bikelaneuprising.com/nc/uploads/2024/07/29/d4e47ef83c2f752b23a524dca50f1403e919f9c8/bbe17bbe-1263-484c-93ba-3e49d2629561_file_0_5zmtX",
        "cityKey": "new-orleans-la",
        "cityLabel": "New Orleans, LA",
        "date": "2023-10-10 00:00:00",
        "location": "VALID"
      }
    },
    {
      "type": "Feature",
      "geometry": {
        "type": "Point",
        "coordinates": [
          -90.0633,
          29.956221666666668
        ]
      },
      "properties": {
        "id": 62805,
        "obstruction": "Municipal (city) Vehicle - includes USPS",
        "imageUrl": "https://feed.bikelaneuprising.com/nc/uploads/2024/07/29/d4e47ef83c2f752b23a524dca50f1403e919f9c8/23625188-5140-49be-bcb5-a57c5424348e_file_0_0JdZn",
        "cityKey": "new-orleans-la",
        "cityLabel": "New Orleans, LA",
        "date": "2023-10-31 00:00:00",
        "location": "VALID"
      }
    },
    {
      "type": "Feature",
      "geometry": {
        "type": "Point",
        "coordinates": [
          -90.07253333333334,
          29.95205
        ]
      },
      "properties": {
        "id": 62905,
        "obstruction": "Taxi / Uber / Livery / Lyft",
        "imageUrl": "https://feed.bikelaneuprising.com/nc/uploads/2024/07/29/d4e47ef83c2f752b23a524dca50f1403e919f9c8/d4a3d306-e178-4c4c-b654-17f9ad7c3a4e_file_0_fIGC8",
        "cityKey": "new-orleans-la",
        "cityLabel": "New Orleans, LA",
        "date": "2023-11-02 00:00:00",
        "location": "VALID"
      }
    },
    {
      "type": "Feature",
      "geometry": {
        "type": "Point",
        "coordinates": [
          -90.05625283333333,
          29.963355
        ]
      },
      "properties": {
        "id": 62956,
        "obstruction": "Private Owner Vehicle",
        "imageUrl": "https://feed.bikelaneuprising.com/nc/uploads/2024/07/29/d4e47ef83c2f752b23a524dca50f1403e919f9c8/59e592fd-94c2-481c-a7b4-0a04492e4c90_file_0__LV1a",
        "cityKey": "new-orleans-la",
        "cityLabel": "New Orleans, LA",
        "date": "2023-11-03 00:00:00",
        "location": "VALID"
      }
    },
    {
      "type": "Feature",
      "geometry": {
        "type": "Point",
        "coordinates": [
          -90.07669716666666,
          29.974903333333334
        ]
      },
      "properties": {
        "id": 62957,
        "obstruction": "Private Owner Vehicle",
        "imageUrl": "https://feed.bikelaneuprising.com/nc/uploads/2024/07/29/d4e47ef83c2f752b23a524dca50f1403e919f9c8/7af5f180-f407-4046-89ba-544e19d2f4ef_file_0_5fqYe",
        "cityKey": "new-orleans-la",
        "cityLabel": "New Orleans, LA",
        "date": "2023-11-03 00:00:00",
        "location": "VALID"
      }
    },
    {
      "type": "Feature",
      "geometry": {
        "type": "Point",
        "coordinates": [
          -90.05774716666667,
          29.960995
        ]
      },
      "properties": {
        "id": 63001,
        "obstruction": "Private Owner Vehicle",
        "imageUrl": "https://feed.bikelaneuprising.com/nc/uploads/2024/07/29/d4e47ef83c2f752b23a524dca50f1403e919f9c8/c388a912-bec4-4959-b9f0-7bc47d3781a7_file_0_X5SUR",
        "cityKey": "new-orleans-la",
        "cityLabel": "New Orleans, LA",
        "date": "2023-11-04 00:00:00",
        "location": "VALID"
      }
    },
    {
      "type": "Feature",
      "geometry": {
        "type": "Point",
        "coordinates": [
          -90.0524,
          29.968845
        ]
      },
      "properties": {
        "id": 63007,
        "obstruction": "Private Owner Vehicle",
        "imageUrl": "https://feed.bikelaneuprising.com/nc/uploads/2024/07/29/d4e47ef83c2f752b23a524dca50f1403e919f9c8/7ebcedff-ffbc-42cf-b63b-9c10ff6b9727_file_0_475T3",
        "cityKey": "new-orleans-la",
        "cityLabel": "New Orleans, LA",
        "date": "2023-11-04 00:00:00",
        "location": "VALID"
      }
    },
    {
      "type": "Feature",
      "geometry": {
        "type": "Point",
        "coordinates": [
          -90.0723945,
          29.952413333333332
        ]
      },
      "properties": {
        "id": 63080,
        "obstruction": "Private Owner Vehicle",
        "imageUrl": "https://feed.bikelaneuprising.com/nc/uploads/2024/07/29/d4e47ef83c2f752b23a524dca50f1403e919f9c8/8fa8f3d7-1f04-4e97-8c4d-85733f738ad0_file_0_fJlrv",
        "cityKey": "new-orleans-la",
        "cityLabel": "New Orleans, LA",
        "date": "2023-11-05 00:00:00",
        "location": "VALID"
      }
    },
    {
      "type": "Feature",
      "geometry": {
        "type": "Point",
        "coordinates": [
          -90.07243333333334,
          29.952303333333333
        ]
      },
      "properties": {
        "id": 63081,
        "obstruction": "Private Owner Vehicle",
        "imageUrl": "https://feed.bikelaneuprising.com/nc/uploads/2024/07/29/d4e47ef83c2f752b23a524dca50f1403e919f9c8/27306064-755d-4d92-b3a7-45339e7932af_file_0_ncN2T",
        "cityKey": "new-orleans-la",
        "cityLabel": "New Orleans, LA",
        "date": "2023-11-05 00:00:00",
        "location": "VALID"
      }
    },
    {
      "type": "Feature",
      "geometry": {
        "type": "Point",
        "coordinates": [
          -90.072425,
          29.952241666666666
        ]
      },
      "properties": {
        "id": 63083,
        "obstruction": "Private Owner Vehicle",
        "imageUrl": "https://feed.bikelaneuprising.com/nc/uploads/2024/07/29/d4e47ef83c2f752b23a524dca50f1403e919f9c8/7accf35b-c488-4fb1-94ca-fabab041c7b9_file_0_aaObr",
        "cityKey": "new-orleans-la",
        "cityLabel": "New Orleans, LA",
        "date": "2023-11-05 00:00:00",
        "location": "VALID"
      }
    },
    {
      "type": "Feature",
      "geometry": {
        "type": "Point",
        "coordinates": [
          -90.07245,
          29.952146666666668
        ]
      },
      "properties": {
        "id": 63084,
        "obstruction": "Private Owner Vehicle",
        "imageUrl": "https://feed.bikelaneuprising.com/nc/uploads/2024/07/29/d4e47ef83c2f752b23a524dca50f1403e919f9c8/6a97979f-c707-4df1-9323-2632534d6c35_file_0_HhH6Q",
        "cityKey": "new-orleans-la",
        "cityLabel": "New Orleans, LA",
        "date": "2023-11-05 00:00:00",
        "location": "VALID"
      }
    },
    {
      "type": "Feature",
      "geometry": {
        "type": "Point",
        "coordinates": [
          -90.07248616666666,
          29.952063333333335
        ]
      },
      "properties": {
        "id": 63085,
        "obstruction": "Private Owner Vehicle",
        "imageUrl": "https://feed.bikelaneuprising.com/nc/uploads/2024/07/29/d4e47ef83c2f752b23a524dca50f1403e919f9c8/7b69a646-75ec-4c77-852d-412760e67410_file_0_NhbnN",
        "cityKey": "new-orleans-la",
        "cityLabel": "New Orleans, LA",
        "date": "2023-11-05 00:00:00",
        "location": "VALID"
      }
    },
    {
      "type": "Feature",
      "geometry": {
        "type": "Point",
        "coordinates": [
          -90.0725945,
          29.951708333333332
        ]
      },
      "properties": {
        "id": 63087,
        "obstruction": "Taxi / Uber / Livery / Lyft",
        "imageUrl": "https://feed.bikelaneuprising.com/nc/uploads/2024/07/28/d4e47ef83c2f752b23a524dca50f1403e919f9c8/8cfdc7a3-cb61-46e6-9b62-312efb172a88_file_0_ST7YO",
        "cityKey": "new-orleans-la",
        "cityLabel": "New Orleans, LA",
        "date": "2023-11-05 00:00:00",
        "location": "VALID"
      }
    },
    {
      "type": "Feature",
      "geometry": {
        "type": "Point",
        "coordinates": [
          -90.07453883333334,
          29.94553833333333
        ]
      },
      "properties": {
        "id": 63088,
        "obstruction": "Other  (damaged lane / snow / debris / pedestrian / etc.)",
        "imageUrl": "https://feed.bikelaneuprising.com/nc/uploads/2024/07/29/d4e47ef83c2f752b23a524dca50f1403e919f9c8/6ead4085-4277-4a19-b036-1dafff168c38_file_0_Mg7XB",
        "cityKey": "new-orleans-la",
        "cityLabel": "New Orleans, LA",
        "date": "2023-11-05 00:00:00",
        "location": "VALID"
      }
    },
    {
      "type": "Feature",
      "geometry": {
        "type": "Point",
        "coordinates": [
          -90.072175,
          29.945975
        ]
      },
      "properties": {
        "id": 63282,
        "obstruction": "Construction",
        "imageUrl": "https://feed.bikelaneuprising.com/nc/uploads/2024/07/28/d4e47ef83c2f752b23a524dca50f1403e919f9c8/0517c2ee-9e19-48b6-a09d-98bad407305b_file_0_XjfJC",
        "cityKey": "new-orleans-la",
        "cityLabel": "New Orleans, LA",
        "date": "2023-11-09 00:00:00",
        "location": "VALID"
      }
    },
    {
      "type": "Feature",
      "geometry": {
        "type": "Point",
        "coordinates": [
          -90.05623616666666,
          29.963346666666666
        ]
      },
      "properties": {
        "id": 63401,
        "obstruction": "Private Owner Vehicle",
        "imageUrl": "https://feed.bikelaneuprising.com/nc/uploads/2024/07/29/d4e47ef83c2f752b23a524dca50f1403e919f9c8/512dd935-9e67-41c8-897b-d48ee159f182_file_0_gjp1T",
        "cityKey": "new-orleans-la",
        "cityLabel": "New Orleans, LA",
        "date": "2023-11-12 00:00:00",
        "location": "VALID"
      }
    },
    {
      "type": "Feature",
      "geometry": {
        "type": "Point",
        "coordinates": [
          -90.0488255918026,
          30.002803223532517
        ]
      },
      "properties": {
        "id": 63617,
        "obstruction": "Private Owner Vehicle",
        "imageUrl": "https://feed.bikelaneuprising.com/nc/uploads/2024/07/29/d4e47ef83c2f752b23a524dca50f1403e919f9c8/bb41554d-47c8-4eca-acc5-52d611b99e94_file_0_MdxCs",
        "cityKey": "new-orleans-la",
        "cityLabel": "New Orleans, LA",
        "date": "2023-11-14 00:00:00",
        "location": "VALID"
      }
    },
    {
      "type": "Feature",
      "geometry": {
        "type": "Point",
        "coordinates": [
          -90.04875484853983,
          30.00266937234994
        ]
      },
      "properties": {
        "id": 63618,
        "obstruction": "Private Owner Vehicle",
        "imageUrl": "https://feed.bikelaneuprising.com/nc/uploads/2024/07/29/d4e47ef83c2f752b23a524dca50f1403e919f9c8/1cf12f26-419f-4e0e-a971-ea22abebdceb_file_0_z8rVk",
        "cityKey": "new-orleans-la",
        "cityLabel": "New Orleans, LA",
        "date": "2023-11-14 00:00:00",
        "location": "VALID"
      }
    },
    {
      "type": "Feature",
      "geometry": {
        "type": "Point",
        "coordinates": [
          -90.04741542041302,
          30.0026928906836
        ]
      },
      "properties": {
        "id": 63619,
        "obstruction": "Municipal (city) Vehicle - includes USPS",
        "imageUrl": "https://feed.bikelaneuprising.com/nc/uploads/2024/07/29/d4e47ef83c2f752b23a524dca50f1403e919f9c8/fa2af542-460c-4c7a-852e-a241bcd0eb69_file_0_lhS2P",
        "cityKey": "new-orleans-la",
        "cityLabel": "New Orleans, LA",
        "date": "2023-11-14 00:00:00",
        "location": "VALID"
      }
    },
    {
      "type": "Feature",
      "geometry": {
        "type": "Point",
        "coordinates": [
          -90.05665,
          29.96458
        ]
      },
      "properties": {
        "id": 63677,
        "obstruction": "Private Owner Vehicle",
        "imageUrl": "",
        "cityKey": "new-orleans-la",
        "cityLabel": "New Orleans, LA",
        "date": "2023-11-19 00:00:00",
        "location": "VALID"
      }
    },
    {
      "type": "Feature",
      "geometry": {
        "type": "Point",
        "coordinates": [
          -90.05661666666667,
          29.965025
        ]
      },
      "properties": {
        "id": 63678,
        "obstruction": "Private Owner Vehicle",
        "imageUrl": "https://feed.bikelaneuprising.com/nc/uploads/2024/07/29/d4e47ef83c2f752b23a524dca50f1403e919f9c8/f2ca16c5-c299-4625-9b2e-da4cca3b12e0_file_0_dSv3g",
        "cityKey": "new-orleans-la",
        "cityLabel": "New Orleans, LA",
        "date": "2023-11-19 00:00:00",
        "location": "VALID"
      }
    },
    {
      "type": "Feature",
      "geometry": {
        "type": "Point",
        "coordinates": [
          -90.05628883333333,
          29.964238333333334
        ]
      },
      "properties": {
        "id": 63834,
        "obstruction": "Private Owner Vehicle",
        "imageUrl": "https://feed.bikelaneuprising.com/nc/uploads/2024/07/29/d4e47ef83c2f752b23a524dca50f1403e919f9c8/15f7a7f2-9d06-48a7-9753-8c1572f90f2d_file_0_x_dgR",
        "cityKey": "new-orleans-la",
        "cityLabel": "New Orleans, LA",
        "date": "2023-11-25 00:00:00",
        "location": "VALID"
      }
    },
    {
      "type": "Feature",
      "geometry": {
        "type": "Point",
        "coordinates": [
          -90.08233,
          29.94268
        ]
      },
      "properties": {
        "id": 63903,
        "obstruction": "Private Owner Vehicle",
        "imageUrl": "https://feed.bikelaneuprising.com/nc/uploads/2024/07/28/d4e47ef83c2f752b23a524dca50f1403e919f9c8/5766e73d-8ad2-4532-80c9-3bbaf33042d1_file_0_mbGSK",
        "cityKey": "new-orleans-la",
        "cityLabel": "New Orleans, LA",
        "date": "2023-11-28 00:00:00",
        "location": "VALID"
      }
    },
    {
      "type": "Feature",
      "geometry": {
        "type": "Point",
        "coordinates": [
          -90.05660283333333,
          29.96287166666667
        ]
      },
      "properties": {
        "id": 64010,
        "obstruction": "Taxi / Uber / Livery / Lyft",
        "imageUrl": "https://feed.bikelaneuprising.com/nc/uploads/2024/07/29/d4e47ef83c2f752b23a524dca50f1403e919f9c8/abf12d00-453b-480f-b6fb-153ec31c8883_file_0_8k_OZ",
        "cityKey": "new-orleans-la",
        "cityLabel": "New Orleans, LA",
        "date": "2023-11-30 00:00:00",
        "location": "VALID"
      }
    },
    {
      "type": "Feature",
      "geometry": {
        "type": "Point",
        "coordinates": [
          -90.06784716666667,
          29.94492
        ]
      },
      "properties": {
        "id": 64131,
        "obstruction": "Construction",
        "imageUrl": "https://feed.bikelaneuprising.com/nc/uploads/2024/07/29/d4e47ef83c2f752b23a524dca50f1403e919f9c8/6aaadba1-a120-48fc-b884-30337382535e_file_0_-Fhfq",
        "cityKey": "new-orleans-la",
        "cityLabel": "New Orleans, LA",
        "date": "2023-12-04 00:00:00",
        "location": "VALID"
      }
    },
    {
      "type": "Feature",
      "geometry": {
        "type": "Point",
        "coordinates": [
          -90.08584,
          29.94523
        ]
      },
      "properties": {
        "id": 64325,
        "obstruction": "Private Owner Vehicle",
        "imageUrl": "https://feed.bikelaneuprising.com/nc/uploads/2024/07/29/d4e47ef83c2f752b23a524dca50f1403e919f9c8/c1b2db6f-3bce-49e4-a55a-97dc7b8b1a55_file_0_pMtM5",
        "cityKey": "new-orleans-la",
        "cityLabel": "New Orleans, LA",
        "date": "2023-12-08 00:00:00",
        "location": "VALID"
      }
    },
    {
      "type": "Feature",
      "geometry": {
        "type": "Point",
        "coordinates": [
          -90.05633616666667,
          29.964313333333333
        ]
      },
      "properties": {
        "id": 64552,
        "obstruction": "Private Owner Vehicle",
        "imageUrl": "https://feed.bikelaneuprising.com/nc/uploads/2024/07/29/d4e47ef83c2f752b23a524dca50f1403e919f9c8/b5abfc73-e861-4b02-9705-bf38d372d564_file_0_82cEn",
        "cityKey": "new-orleans-la",
        "cityLabel": "New Orleans, LA",
        "date": "2023-12-15 00:00:00",
        "location": "VALID"
      }
    },
    {
      "type": "Feature",
      "geometry": {
        "type": "Point",
        "coordinates": [
          -90.05625283333333,
          29.964261666666665
        ]
      },
      "properties": {
        "id": 64683,
        "obstruction": "Private Owner Vehicle",
        "imageUrl": "https://feed.bikelaneuprising.com/nc/uploads/2024/07/29/d4e47ef83c2f752b23a524dca50f1403e919f9c8/8644b946-f0a8-4e23-987f-98d8618beb90_file_0_O5Mzk",
        "cityKey": "new-orleans-la",
        "cityLabel": "New Orleans, LA",
        "date": "2023-12-19 00:00:00",
        "location": "VALID"
      }
    },
    {
      "type": "Feature",
      "geometry": {
        "type": "Point",
        "coordinates": [
          -90.0577555,
          29.960866666666668
        ]
      },
      "properties": {
        "id": 64684,
        "obstruction": "Construction",
        "imageUrl": "https://feed.bikelaneuprising.com/nc/uploads/2024/07/29/d4e47ef83c2f752b23a524dca50f1403e919f9c8/a59f0d33-9b9e-4de1-b1e7-b7fa79dcd180_file_0_atdtT",
        "cityKey": "new-orleans-la",
        "cityLabel": "New Orleans, LA",
        "date": "2023-12-18 00:00:00",
        "location": "VALID"
      }
    },
    {
      "type": "Feature",
      "geometry": {
        "type": "Point",
        "coordinates": [
          -90.09709,
          29.96441
        ]
      },
      "properties": {
        "id": 64761,
        "obstruction": "Company Vehicle",
        "imageUrl": "https://feed.bikelaneuprising.com/nc/uploads/2024/07/29/d4e47ef83c2f752b23a524dca50f1403e919f9c8/8bed41fc-7c11-429e-8f47-11b32113e9f6_file_0_QRqMn",
        "cityKey": "new-orleans-la",
        "cityLabel": "New Orleans, LA",
        "date": "2023-12-20 00:00:00",
        "location": "VALID"
      }
    },
    {
      "type": "Feature",
      "geometry": {
        "type": "Point",
        "coordinates": [
          -90.09554166666666,
          29.976178333333333
        ]
      },
      "properties": {
        "id": 65095,
        "obstruction": "Private Owner Vehicle",
        "imageUrl": "https://feed.bikelaneuprising.com/nc/uploads/2024/07/29/d4e47ef83c2f752b23a524dca50f1403e919f9c8/03de878b-82ad-43eb-8e57-a48eae27e0af_file_0_ZxLx6",
        "cityKey": "new-orleans-la",
        "cityLabel": "New Orleans, LA",
        "date": "2024-01-04 00:00:00",
        "location": "VALID"
      }
    },
    {
      "type": "Feature",
      "geometry": {
        "type": "Point",
        "coordinates": [
          -90.0745,
          29.94657
        ]
      },
      "properties": {
        "id": 65352,
        "obstruction": "Company Vehicle",
        "imageUrl": "https://feed.bikelaneuprising.com/nc/uploads/2024/07/29/d4e47ef83c2f752b23a524dca50f1403e919f9c8/9f0204c2-0c78-4f36-b7ec-986089260f41_file_0_Ggk1r",
        "cityKey": "new-orleans-la",
        "cityLabel": "New Orleans, LA",
        "date": "2024-01-12 00:00:00",
        "location": "VALID"
      }
    },
    {
      "type": "Feature",
      "geometry": {
        "type": "Point",
        "coordinates": [
          -90.09825833333333,
          29.975741666666668
        ]
      },
      "properties": {
        "id": 65397,
        "obstruction": "Private Owner Vehicle",
        "imageUrl": "https://feed.bikelaneuprising.com/nc/uploads/2024/07/28/d4e47ef83c2f752b23a524dca50f1403e919f9c8/92a50393-666f-408a-9894-ad274458e0c0_file_0_A5sHV",
        "cityKey": "new-orleans-la",
        "cityLabel": "New Orleans, LA",
        "date": "2024-01-14 00:00:00",
        "location": "VALID"
      }
    },
    {
      "type": "Feature",
      "geometry": {
        "type": "Point",
        "coordinates": [
          -90.1063305,
          29.974236666666666
        ]
      },
      "properties": {
        "id": 65410,
        "obstruction": "Company Vehicle",
        "imageUrl": "https://feed.bikelaneuprising.com/nc/uploads/2024/07/29/d4e47ef83c2f752b23a524dca50f1403e919f9c8/77d025a2-9cf6-4865-a6d0-65bf39d9aa24_file_0_Q_o1f",
        "cityKey": "new-orleans-la",
        "cityLabel": "New Orleans, LA",
        "date": "2024-01-15 00:00:00",
        "location": "VALID"
      }
    },
    {
      "type": "Feature",
      "geometry": {
        "type": "Point",
        "coordinates": [
          -90.074425,
          30.0212305
        ]
      },
      "properties": {
        "id": 65548,
        "obstruction": "Company Vehicle",
        "imageUrl": "https://feed.bikelaneuprising.com/nc/uploads/2024/07/29/d4e47ef83c2f752b23a524dca50f1403e919f9c8/afcddc5c-086e-4605-b8d4-b6fe9017118f_file_0_ujO49",
        "cityKey": "new-orleans-la",
        "cityLabel": "New Orleans, LA",
        "date": "2024-01-19 00:00:00",
        "location": "VALID"
      }
    },
    {
      "type": "Feature",
      "geometry": {
        "type": "Point",
        "coordinates": [
          -90.03988,
          29.96692
        ]
      },
      "properties": {
        "id": 66397,
        "obstruction": "Private Owner Vehicle",
        "imageUrl": "https://feed.bikelaneuprising.com/nc/uploads/2024/07/29/d4e47ef83c2f752b23a524dca50f1403e919f9c8/a9bfde61-39c5-48d7-8b7f-b3371c98ff6c_file_0_BseYn",
        "cityKey": "new-orleans-la",
        "cityLabel": "New Orleans, LA",
        "date": "2024-02-07 00:00:00",
        "location": "VALID"
      }
    },
    {
      "type": "Feature",
      "geometry": {
        "type": "Point",
        "coordinates": [
          -90.05699166666666,
          29.967995
        ]
      },
      "properties": {
        "id": 66398,
        "obstruction": "Private Owner Vehicle",
        "imageUrl": "https://feed.bikelaneuprising.com/nc/uploads/2024/07/29/d4e47ef83c2f752b23a524dca50f1403e919f9c8/50351bda-25a7-4a0b-8a56-aa66af96ffa2_file_0_NHge3",
        "cityKey": "new-orleans-la",
        "cityLabel": "New Orleans, LA",
        "date": "2024-02-07 00:00:00",
        "location": "VALID"
      }
    },
    {
      "type": "Feature",
      "geometry": {
        "type": "Point",
        "coordinates": [
          -90.03988,
          29.96692
        ]
      },
      "properties": {
        "id": 66425,
        "obstruction": "Private Owner Vehicle",
        "imageUrl": "https://feed.bikelaneuprising.com/nc/uploads/2024/07/29/d4e47ef83c2f752b23a524dca50f1403e919f9c8/1e43969b-69a1-4825-8eaa-f18ad8c41b2b_file_0_OOR-l",
        "cityKey": "new-orleans-la",
        "cityLabel": "New Orleans, LA",
        "date": "2024-02-08 00:00:00",
        "location": "VALID"
      }
    },
    {
      "type": "Feature",
      "geometry": {
        "type": "Point",
        "coordinates": [
          -90.05781666666667,
          29.960996666666666
        ]
      },
      "properties": {
        "id": 66863,
        "obstruction": "Private Owner Vehicle",
        "imageUrl": "https://feed.bikelaneuprising.com/nc/uploads/2024/07/29/d4e47ef83c2f752b23a524dca50f1403e919f9c8/a6d6991d-967e-498f-98d3-8541e5611cc2_xri1J.jpg",
        "cityKey": "new-orleans-la",
        "cityLabel": "New Orleans, LA",
        "date": "2024-02-16 00:00:00",
        "location": "VALID"
      }
    },
    {
      "type": "Feature",
      "geometry": {
        "type": "Point",
        "coordinates": [
          -90.05777783333333,
          29.96097
        ]
      },
      "properties": {
        "id": 66864,
        "obstruction": "Private Owner Vehicle",
        "imageUrl": "https://feed.bikelaneuprising.com/nc/uploads/2024/07/29/d4e47ef83c2f752b23a524dca50f1403e919f9c8/d5a840ee-fb05-4100-ac02-da42465b575c_-jvCW.jpg",
        "cityKey": "new-orleans-la",
        "cityLabel": "New Orleans, LA",
        "date": "2024-02-16 00:00:00",
        "location": "VALID"
      }
    },
    {
      "type": "Feature",
      "geometry": {
        "type": "Point",
        "coordinates": [
          -90.0584945,
          29.961446666666667
        ]
      },
      "properties": {
        "id": 66865,
        "obstruction": "Private Owner Vehicle",
        "imageUrl": "https://feed.bikelaneuprising.com/nc/uploads/2024/07/29/d4e47ef83c2f752b23a524dca50f1403e919f9c8/47844edd-6f10-4454-b023-a144f7244d2d_5KaXs.jpg",
        "cityKey": "new-orleans-la",
        "cityLabel": "New Orleans, LA",
        "date": "2024-02-16 00:00:00",
        "location": "VALID"
      }
    },
    {
      "type": "Feature",
      "geometry": {
        "type": "Point",
        "coordinates": [
          -90.07238883333333,
          29.952063333333335
        ]
      },
      "properties": {
        "id": 66902,
        "obstruction": "Taxi / Uber / Livery / Lyft",
        "imageUrl": "https://feed.bikelaneuprising.com/nc/uploads/2024/07/29/d4e47ef83c2f752b23a524dca50f1403e919f9c8/41330b82-2569-461a-acc5-c9145dbe9399_nK3Dm.jpg",
        "cityKey": "new-orleans-la",
        "cityLabel": "New Orleans, LA",
        "date": "2024-02-18 00:00:00",
        "location": "VALID"
      }
    },
    {
      "type": "Feature",
      "geometry": {
        "type": "Point",
        "coordinates": [
          -90.0655055,
          29.944538333333334
        ]
      },
      "properties": {
        "id": 67012,
        "obstruction": "Company Vehicle",
        "imageUrl": "",
        "cityKey": "new-orleans-la",
        "cityLabel": "New Orleans, LA",
        "date": "2024-02-21 00:00:00",
        "location": "VALID"
      }
    },
    {
      "type": "Feature",
      "geometry": {
        "type": "Point",
        "coordinates": [
          -90.07248616666666,
          29.952028333333335
        ]
      },
      "properties": {
        "id": 67013,
        "obstruction": "Private Owner Vehicle",
        "imageUrl": "",
        "cityKey": "new-orleans-la",
        "cityLabel": "New Orleans, LA",
        "date": "2024-02-21 00:00:00",
        "location": "VALID"
      }
    },
    {
      "type": "Feature",
      "geometry": {
        "type": "Point",
        "coordinates": [
          -90.06701666666666,
          29.94487
        ]
      },
      "properties": {
        "id": 67014,
        "obstruction": "Private Owner Vehicle",
        "imageUrl": "",
        "cityKey": "new-orleans-la",
        "cityLabel": "New Orleans, LA",
        "date": "2024-02-21 00:00:00",
        "location": "VALID"
      }
    },
    {
      "type": "Feature",
      "geometry": {
        "type": "Point",
        "coordinates": [
          -90.07156383333333,
          29.945805
        ]
      },
      "properties": {
        "id": 67015,
        "obstruction": "Company Vehicle",
        "imageUrl": "https://feed.bikelaneuprising.com/nc/uploads/2024/07/29/d4e47ef83c2f752b23a524dca50f1403e919f9c8/61823a3a-d0e9-47f4-a3ba-1cea082c9f78_-_2-2.jpg",
        "cityKey": "new-orleans-la",
        "cityLabel": "New Orleans, LA",
        "date": "2024-02-21 00:00:00",
        "location": "VALID"
      }
    },
    {
      "type": "Feature",
      "geometry": {
        "type": "Point",
        "coordinates": [
          -90.07299716666667,
          29.95034666666667
        ]
      },
      "properties": {
        "id": 67016,
        "obstruction": "Company Vehicle",
        "imageUrl": "https://feed.bikelaneuprising.com/nc/uploads/2024/07/29/d4e47ef83c2f752b23a524dca50f1403e919f9c8/8d1c8517-7bdf-43dd-8bdd-ffe4908ee885_alQ3-.jpg",
        "cityKey": "new-orleans-la",
        "cityLabel": "New Orleans, LA",
        "date": "2024-02-21 00:00:00",
        "location": "VALID"
      }
    },
    {
      "type": "Feature",
      "geometry": {
        "type": "Point",
        "coordinates": [
          -90.0744555,
          29.946046666666668
        ]
      },
      "properties": {
        "id": 67025,
        "obstruction": "Private Owner Vehicle",
        "imageUrl": "https://feed.bikelaneuprising.com/nc/uploads/2024/07/29/d4e47ef83c2f752b23a524dca50f1403e919f9c8/b7ce2cfc-c8cf-47c3-b758-fb611b5545fe_MpHGN.jpg",
        "cityKey": "new-orleans-la",
        "cityLabel": "New Orleans, LA",
        "date": "2024-02-21 00:00:00",
        "location": "VALID"
      }
    },
    {
      "type": "Feature",
      "geometry": {
        "type": "Point",
        "coordinates": [
          -90.09773399680853,
          29.953171553811377
        ]
      },
      "properties": {
        "id": 67178,
        "obstruction": "Private Owner Vehicle",
        "imageUrl": "https://feed.bikelaneuprising.com/nc/uploads/2024/07/28/d4e47ef83c2f752b23a524dca50f1403e919f9c8/81f30dea-995a-4341-be90-75ccea6f89d8_BLe45.jpg",
        "cityKey": "new-orleans-la",
        "cityLabel": "New Orleans, LA",
        "date": "2024-02-22 00:00:00",
        "location": "VALID"
      }
    },
    {
      "type": "Feature",
      "geometry": {
        "type": "Point",
        "coordinates": [
          -90.07500984674557,
          29.954569470672546
        ]
      },
      "properties": {
        "id": 67537,
        "obstruction": "Municipal (city) Vehicle - includes USPS",
        "imageUrl": "https://feed.bikelaneuprising.com/nc/uploads/2024/07/29/d4e47ef83c2f752b23a524dca50f1403e919f9c8/33150ffa-ed56-4d9b-a359-b9dcdfcf0acc_4iMlX.jpg",
        "cityKey": "new-orleans-la",
        "cityLabel": "New Orleans, LA",
        "date": "2024-03-01 00:00:00",
        "location": "VALID"
      }
    },
    {
      "type": "Feature",
      "geometry": {
        "type": "Point",
        "coordinates": [
          -90.08650283333333,
          29.981695
        ]
      },
      "properties": {
        "id": 67586,
        "obstruction": "Municipal (city) Vehicle - includes USPS",
        "imageUrl": "https://feed.bikelaneuprising.com/nc/uploads/2024/07/29/d4e47ef83c2f752b23a524dca50f1403e919f9c8/514326ef-379d-4aa2-8dfc-65717bab65a5_iwnt9.jpg",
        "cityKey": "new-orleans-la",
        "cityLabel": "New Orleans, LA",
        "date": "2024-03-02 00:00:00",
        "location": "VALID"
      }
    },
    {
      "type": "Feature",
      "geometry": {
        "type": "Point",
        "coordinates": [
          -90.08444166666666,
          29.980275
        ]
      },
      "properties": {
        "id": 67587,
        "obstruction": "Private Owner Vehicle",
        "imageUrl": "https://feed.bikelaneuprising.com/nc/uploads/2024/07/29/d4e47ef83c2f752b23a524dca50f1403e919f9c8/40f27836-3d26-4819-b1d2-46e075b02b7f_KeWKy.jpg",
        "cityKey": "new-orleans-la",
        "cityLabel": "New Orleans, LA",
        "date": "2024-03-02 00:00:00",
        "location": "VALID"
      }
    },
    {
      "type": "Feature",
      "geometry": {
        "type": "Point",
        "coordinates": [
          -90.0868,
          29.981903333333335
        ]
      },
      "properties": {
        "id": 67588,
        "obstruction": "Company Vehicle",
        "imageUrl": "https://feed.bikelaneuprising.com/nc/uploads/2024/07/29/d4e47ef83c2f752b23a524dca50f1403e919f9c8/45143d50-d185-4901-a56e-58b8dcbeb951_ygdvn.jpg",
        "cityKey": "new-orleans-la",
        "cityLabel": "New Orleans, LA",
        "date": "2024-03-02 00:00:00",
        "location": "VALID"
      }
    },
    {
      "type": "Feature",
      "geometry": {
        "type": "Point",
        "coordinates": [
          -90.10159805417061,
          29.989016184138336
        ]
      },
      "properties": {
        "id": 67605,
        "obstruction": "Private Owner Vehicle",
        "imageUrl": "https://feed.bikelaneuprising.com/nc/uploads/2024/07/29/d4e47ef83c2f752b23a524dca50f1403e919f9c8/45577be8-00cd-458f-8d98-92c6b4653660_YWUll.jpg",
        "cityKey": "new-orleans-la",
        "cityLabel": "New Orleans, LA",
        "date": "2024-03-03 00:00:00",
        "location": "VALID"
      }
    },
    {
      "type": "Feature",
      "geometry": {
        "type": "Point",
        "coordinates": [
          -90.1063,
          29.97420333333333
        ]
      },
      "properties": {
        "id": 67934,
        "obstruction": "Private Owner Vehicle",
        "imageUrl": "https://feed.bikelaneuprising.com/nc/uploads/2024/07/29/d4e47ef83c2f752b23a524dca50f1403e919f9c8/90c4ef31-9b46-4cff-ad4c-c76c520038ef_E0Nqp.jpg",
        "cityKey": "new-orleans-la",
        "cityLabel": "New Orleans, LA",
        "date": "2024-03-09 00:00:00",
        "location": "VALID"
      }
    },
    {
      "type": "Feature",
      "geometry": {
        "type": "Point",
        "coordinates": [
          -90.10075283333333,
          29.970463333333335
        ]
      },
      "properties": {
        "id": 67935,
        "obstruction": "Private Owner Vehicle",
        "imageUrl": "https://feed.bikelaneuprising.com/nc/uploads/2024/07/29/d4e47ef83c2f752b23a524dca50f1403e919f9c8/845be503-d1a2-43d7-b787-955681b9bb21_4rqyk.jpg",
        "cityKey": "new-orleans-la",
        "cityLabel": "New Orleans, LA",
        "date": "2024-03-09 00:00:00",
        "location": "VALID"
      }
    },
    {
      "type": "Feature",
      "geometry": {
        "type": "Point",
        "coordinates": [
          -90.10060833333333,
          29.970361666666665
        ]
      },
      "properties": {
        "id": 67936,
        "obstruction": "Private Owner Vehicle",
        "imageUrl": "https://feed.bikelaneuprising.com/nc/uploads/2024/07/29/d4e47ef83c2f752b23a524dca50f1403e919f9c8/bc85c7ae-a980-4641-bae6-992ebbea5973_Z7dIj.jpg",
        "cityKey": "new-orleans-la",
        "cityLabel": "New Orleans, LA",
        "date": "2024-03-09 00:00:00",
        "location": "VALID"
      }
    },
    {
      "type": "Feature",
      "geometry": {
        "type": "Point",
        "coordinates": [
          -90.102525,
          29.978621666666665
        ]
      },
      "properties": {
        "id": 67942,
        "obstruction": "Company Vehicle",
        "imageUrl": "https://feed.bikelaneuprising.com/nc/uploads/2024/07/29/d4e47ef83c2f752b23a524dca50f1403e919f9c8/d261c7f1-fce7-48f1-b8d8-556668a4a961_Njlwv.jpg",
        "cityKey": "new-orleans-la",
        "cityLabel": "New Orleans, LA",
        "date": "2024-03-09 00:00:00",
        "location": "VALID"
      }
    },
    {
      "type": "Feature",
      "geometry": {
        "type": "Point",
        "coordinates": [
          -90.056275,
          29.9633
        ]
      },
      "properties": {
        "id": 68010,
        "obstruction": "Construction",
        "imageUrl": "https://feed.bikelaneuprising.com/nc/uploads/2024/07/29/d4e47ef83c2f752b23a524dca50f1403e919f9c8/2b402c33-c5b1-4b88-bd15-c5e2f2cd4ac8_xnaJs.jpg",
        "cityKey": "new-orleans-la",
        "cityLabel": "New Orleans, LA",
        "date": "2024-03-11 00:00:00",
        "location": "VALID"
      }
    },
    {
      "type": "Feature",
      "geometry": {
        "type": "Point",
        "coordinates": [
          -90.07508883333334,
          29.94435
        ]
      },
      "properties": {
        "id": 68290,
        "obstruction": "Private Owner Vehicle",
        "imageUrl": "https://feed.bikelaneuprising.com/nc/uploads/2024/07/28/d4e47ef83c2f752b23a524dca50f1403e919f9c8/a307a2c9-12bd-4e08-ae72-80a5ccfc16d9_vUwKA.jpg",
        "cityKey": "new-orleans-la",
        "cityLabel": "New Orleans, LA",
        "date": "2024-03-16 00:00:00",
        "location": "VALID"
      }
    },
    {
      "type": "Feature",
      "geometry": {
        "type": "Point",
        "coordinates": [
          -90.07291383333333,
          29.950691666666668
        ]
      },
      "properties": {
        "id": 68291,
        "obstruction": "Private Owner Vehicle",
        "imageUrl": "https://feed.bikelaneuprising.com/nc/uploads/2024/07/29/d4e47ef83c2f752b23a524dca50f1403e919f9c8/647e299f-150e-4892-82b5-68ed8415c6a5_xjc4C.jpg",
        "cityKey": "new-orleans-la",
        "cityLabel": "New Orleans, LA",
        "date": "2024-03-16 00:00:00",
        "location": "VALID"
      }
    },
    {
      "type": "Feature",
      "geometry": {
        "type": "Point",
        "coordinates": [
          -90.09963,
          29.98989
        ]
      },
      "properties": {
        "id": 68312,
        "obstruction": "Municipal (city) Vehicle - includes USPS",
        "imageUrl": "https://feed.bikelaneuprising.com/nc/uploads/2024/07/28/d4e47ef83c2f752b23a524dca50f1403e919f9c8/cf572fb7-bc30-40f8-859f-ae344d4be11f_XGjnS.jpg",
        "cityKey": "new-orleans-la",
        "cityLabel": "New Orleans, LA",
        "date": "2024-03-17 00:00:00",
        "location": "VALID"
      }
    },
    {
      "type": "Feature",
      "geometry": {
        "type": "Point",
        "coordinates": [
          -90.06195,
          29.96791
        ]
      },
      "properties": {
        "id": 68376,
        "obstruction": "Private Owner Vehicle",
        "imageUrl": "",
        "cityKey": "new-orleans-la",
        "cityLabel": "New Orleans, LA",
        "date": "2024-03-18 00:00:00",
        "location": "VALID"
      }
    },
    {
      "type": "Feature",
      "geometry": {
        "type": "Point",
        "coordinates": [
          -90.01339,
          29.9609
        ]
      },
      "properties": {
        "id": 68428,
        "obstruction": "Private Owner Vehicle",
        "imageUrl": "",
        "cityKey": "new-orleans-la",
        "cityLabel": "New Orleans, LA",
        "date": "2024-03-19 00:00:00",
        "location": "VALID"
      }
    },
    {
      "type": "Feature",
      "geometry": {
        "type": "Point",
        "coordinates": [
          -90.06195,
          29.96791
        ]
      },
      "properties": {
        "id": 68432,
        "obstruction": "Private Owner Vehicle",
        "imageUrl": "https://feed.bikelaneuprising.com/nc/uploads/2024/07/29/d4e47ef83c2f752b23a524dca50f1403e919f9c8/4165c15f-c982-4c77-9fa1-c65c79b3a973_AU-L5.jpg",
        "cityKey": "new-orleans-la",
        "cityLabel": "New Orleans, LA",
        "date": "2024-03-19 00:00:00",
        "location": "VALID"
      }
    },
    {
      "type": "Feature",
      "geometry": {
        "type": "Point",
        "coordinates": [
          -90.06195,
          29.96791
        ]
      },
      "properties": {
        "id": 68766,
        "obstruction": "Private Owner Vehicle",
        "imageUrl": "https://feed.bikelaneuprising.com/nc/uploads/2024/07/29/d4e47ef83c2f752b23a524dca50f1403e919f9c8/40957625-dac5-4eee-a8cb-10b33d1a2cc3_yYjYT.jpg",
        "cityKey": "new-orleans-la",
        "cityLabel": "New Orleans, LA",
        "date": "2024-03-23 00:00:00",
        "location": "VALID"
      }
    },
    {
      "type": "Feature",
      "geometry": {
        "type": "Point",
        "coordinates": [
          -90.05795,
          29.96876
        ]
      },
      "properties": {
        "id": 68873,
        "obstruction": "Construction",
        "imageUrl": "https://feed.bikelaneuprising.com/nc/uploads/2024/07/29/d4e47ef83c2f752b23a524dca50f1403e919f9c8/b03154ca-36f7-4646-9159-b72f9f64a252_G9Vx0.jpg",
        "cityKey": "new-orleans-la",
        "cityLabel": "New Orleans, LA",
        "date": "2024-03-26 00:00:00",
        "location": "VALID"
      }
    },
    {
      "type": "Feature",
      "geometry": {
        "type": "Point",
        "coordinates": [
          -90.06195,
          29.96791
        ]
      },
      "properties": {
        "id": 68874,
        "obstruction": "Private Owner Vehicle",
        "imageUrl": "https://feed.bikelaneuprising.com/nc/uploads/2024/07/29/d4e47ef83c2f752b23a524dca50f1403e919f9c8/c939aca5-a67e-4d29-9427-a6a8383ece91_n-gIf.jpg",
        "cityKey": "new-orleans-la",
        "cityLabel": "New Orleans, LA",
        "date": "2024-03-26 00:00:00",
        "location": "VALID"
      }
    },
    {
      "type": "Feature",
      "geometry": {
        "type": "Point",
        "coordinates": [
          -90.01339,
          29.9609
        ]
      },
      "properties": {
        "id": 68879,
        "obstruction": "Private Owner Vehicle",
        "imageUrl": "https://feed.bikelaneuprising.com/nc/uploads/2024/07/29/d4e47ef83c2f752b23a524dca50f1403e919f9c8/e18d8711-31fa-451c-b0ac-9a8fe2126165_nSKI_.jpg",
        "cityKey": "new-orleans-la",
        "cityLabel": "New Orleans, LA",
        "date": "2024-03-26 00:00:00",
        "location": "VALID"
      }
    },
    {
      "type": "Feature",
      "geometry": {
        "type": "Point",
        "coordinates": [
          -90.06195,
          29.96791
        ]
      },
      "properties": {
        "id": 69081,
        "obstruction": "Private Owner Vehicle",
        "imageUrl": "https://feed.bikelaneuprising.com/nc/uploads/2024/07/29/d4e47ef83c2f752b23a524dca50f1403e919f9c8/EMi7vGun-EvcCUNotLUUd0r6bz4Ggc9Lq5TGlSo7_h4_dCIga",
        "cityKey": "new-orleans-la",
        "cityLabel": "New Orleans, LA",
        "date": "2024-03-29 00:00:00",
        "location": "VALID"
      }
    },
    {
      "type": "Feature",
      "geometry": {
        "type": "Point",
        "coordinates": [
          -90.06195,
          29.96791
        ]
      },
      "properties": {
        "id": 69156,
        "obstruction": "Company Vehicle",
        "imageUrl": "https://feed.bikelaneuprising.com/nc/uploads/2024/07/29/d4e47ef83c2f752b23a524dca50f1403e919f9c8/ZipVh8sOz8CN5TflfrJJWP0pyL9uw3uzTXZvC0JkEQw_aFg-z",
        "cityKey": "new-orleans-la",
        "cityLabel": "New Orleans, LA",
        "date": "2024-03-31 00:00:00",
        "location": "VALID"
      }
    },
    {
      "type": "Feature",
      "geometry": {
        "type": "Point",
        "coordinates": [
          -90.10497777777778,
          29.956333333333333
        ]
      },
      "properties": {
        "id": 69338,
        "obstruction": "Private Owner Vehicle",
        "imageUrl": "https://feed.bikelaneuprising.com/nc/uploads/2024/07/29/d4e47ef83c2f752b23a524dca50f1403e919f9c8/3e2291e4-22c1-411a-9747-69f70a4063c4_O5a82.jpg",
        "cityKey": "new-orleans-la",
        "cityLabel": "New Orleans, LA",
        "date": "2024-04-02 00:00:00",
        "location": "VALID"
      }
    },
    {
      "type": "Feature",
      "geometry": {
        "type": "Point",
        "coordinates": [
          -90.00713,
          29.96997
        ]
      },
      "properties": {
        "id": 69606,
        "obstruction": "Private Owner Vehicle",
        "imageUrl": "https://feed.bikelaneuprising.com/nc/uploads/2024/07/29/d4e47ef83c2f752b23a524dca50f1403e919f9c8/ac127653-c21f-4591-b68e-62817a6fe296_5U0r5.jpg",
        "cityKey": "new-orleans-la",
        "cityLabel": "New Orleans, LA",
        "date": "2024-04-07 00:00:00",
        "location": "VALID"
      }
    },
    {
      "type": "Feature",
      "geometry": {
        "type": "Point",
        "coordinates": [
          -90.06195,
          29.96791
        ]
      },
      "properties": {
        "id": 69744,
        "obstruction": "Company Vehicle",
        "imageUrl": "",
        "cityKey": "new-orleans-la",
        "cityLabel": "New Orleans, LA",
        "date": "2024-04-11 00:00:00",
        "location": "VALID"
      }
    },
    {
      "type": "Feature",
      "geometry": {
        "type": "Point",
        "coordinates": [
          -90.07320283333334,
          29.949646666666666
        ]
      },
      "properties": {
        "id": 69878,
        "obstruction": "Company Vehicle",
        "imageUrl": "https://feed.bikelaneuprising.com/nc/uploads/2024/07/29/d4e47ef83c2f752b23a524dca50f1403e919f9c8/1b0a6c2c-d206-4f7e-aa13-5fefe332e301_0xiHR.jpg",
        "cityKey": "new-orleans-la",
        "cityLabel": "New Orleans, LA",
        "date": "2024-04-13 00:00:00",
        "location": "VALID"
      }
    },
    {
      "type": "Feature",
      "geometry": {
        "type": "Point",
        "coordinates": [
          -90.10011383333334,
          29.926746666666666
        ]
      },
      "properties": {
        "id": 69879,
        "obstruction": "Private Owner Vehicle",
        "imageUrl": "https://feed.bikelaneuprising.com/nc/uploads/2024/07/29/d4e47ef83c2f752b23a524dca50f1403e919f9c8/d0d03d77-418f-4002-9e76-1908ce09552c_3nS0q.jpg",
        "cityKey": "new-orleans-la",
        "cityLabel": "New Orleans, LA",
        "date": "2024-04-13 00:00:00",
        "location": "VALID"
      }
    },
    {
      "type": "Feature",
      "geometry": {
        "type": "Point",
        "coordinates": [
          -90.07440833333334,
          29.963128333333334
        ]
      },
      "properties": {
        "id": 69880,
        "obstruction": "Taxi / Uber / Livery / Lyft",
        "imageUrl": "https://feed.bikelaneuprising.com/nc/uploads/2024/07/29/d4e47ef83c2f752b23a524dca50f1403e919f9c8/e47adf75-5982-46f7-98a5-77d13b624912_s5qii.jpg",
        "cityKey": "new-orleans-la",
        "cityLabel": "New Orleans, LA",
        "date": "2024-04-13 00:00:00",
        "location": "VALID"
      }
    },
    {
      "type": "Feature",
      "geometry": {
        "type": "Point",
        "coordinates": [
          -90.09221666666667,
          29.928053333333335
        ]
      },
      "properties": {
        "id": 69881,
        "obstruction": "Private Owner Vehicle",
        "imageUrl": "https://feed.bikelaneuprising.com/nc/uploads/2024/07/29/d4e47ef83c2f752b23a524dca50f1403e919f9c8/7a0d5da8-35f8-47c7-85dc-1a6813532354_5vxF1.jpg",
        "cityKey": "new-orleans-la",
        "cityLabel": "New Orleans, LA",
        "date": "2024-04-13 00:00:00",
        "location": "VALID"
      }
    },
    {
      "type": "Feature",
      "geometry": {
        "type": "Point",
        "coordinates": [
          -90.05507,
          29.96856
        ]
      },
      "properties": {
        "id": 69888,
        "obstruction": "Company Vehicle",
        "imageUrl": "https://feed.bikelaneuprising.com/nc/uploads/2024/07/29/d4e47ef83c2f752b23a524dca50f1403e919f9c8/92edc6a0-fb8f-4a2e-aeb3-420f5332a663_mamwd.jpg",
        "cityKey": "new-orleans-la",
        "cityLabel": "New Orleans, LA",
        "date": "2024-04-13 00:00:00",
        "location": "VALID"
      }
    },
    {
      "type": "Feature",
      "geometry": {
        "type": "Point",
        "coordinates": [
          -90.0784,
          29.96604
        ]
      },
      "properties": {
        "id": 69940,
        "obstruction": "Private Owner Vehicle",
        "imageUrl": "",
        "cityKey": "new-orleans-la",
        "cityLabel": "New Orleans, LA",
        "date": "2024-04-15 00:00:00",
        "location": "VALID"
      }
    },
    {
      "type": "Feature",
      "geometry": {
        "type": "Point",
        "coordinates": [
          -90.0784,
          29.96604
        ]
      },
      "properties": {
        "id": 69941,
        "obstruction": "Private Owner Vehicle",
        "imageUrl": "https://feed.bikelaneuprising.com/nc/uploads/2024/07/29/d4e47ef83c2f752b23a524dca50f1403e919f9c8/c4028f24-64f3-4b96-9923-6dfd2778df44_JhDLU.jpg",
        "cityKey": "new-orleans-la",
        "cityLabel": "New Orleans, LA",
        "date": "2024-04-15 00:00:00",
        "location": "VALID"
      }
    },
    {
      "type": "Feature",
      "geometry": {
        "type": "Point",
        "coordinates": [
          -90.06171,
          29.96809
        ]
      },
      "properties": {
        "id": 69942,
        "obstruction": "Private Owner Vehicle",
        "imageUrl": "https://feed.bikelaneuprising.com/nc/uploads/2024/07/29/d4e47ef83c2f752b23a524dca50f1403e919f9c8/f68713cd-2c1b-4422-9577-449ac7c2d9d8_JeWOU.jpg",
        "cityKey": "new-orleans-la",
        "cityLabel": "New Orleans, LA",
        "date": "2024-04-15 00:00:00",
        "location": "VALID"
      }
    },
    {
      "type": "Feature",
      "geometry": {
        "type": "Point",
        "coordinates": [
          -90.0764,
          29.97436
        ]
      },
      "properties": {
        "id": 70080,
        "obstruction": "Private Owner Vehicle",
        "imageUrl": "https://feed.bikelaneuprising.com/nc/uploads/2024/07/29/d4e47ef83c2f752b23a524dca50f1403e919f9c8/48cdb991-618d-4c2e-8b5d-83f65287ab4f_o2_kW.jpg",
        "cityKey": "new-orleans-la",
        "cityLabel": "New Orleans, LA",
        "date": "2024-04-16 00:00:00",
        "location": "VALID"
      }
    },
    {
      "type": "Feature",
      "geometry": {
        "type": "Point",
        "coordinates": [
          -90.06195,
          29.96791
        ]
      },
      "properties": {
        "id": 70110,
        "obstruction": "Private Owner Vehicle",
        "imageUrl": "https://feed.bikelaneuprising.com/nc/uploads/2024/07/28/d4e47ef83c2f752b23a524dca50f1403e919f9c8/68ffa986-92f3-4a95-b7b0-053191ca0d27_F7gae.jpg",
        "cityKey": "new-orleans-la",
        "cityLabel": "New Orleans, LA",
        "date": "2024-04-16 00:00:00",
        "location": "VALID"
      }
    },
    {
      "type": "Feature",
      "geometry": {
        "type": "Point",
        "coordinates": [
          -90.05605,
          29.96835
        ]
      },
      "properties": {
        "id": 70140,
        "obstruction": "Company Vehicle",
        "imageUrl": "https://feed.bikelaneuprising.com/nc/uploads/2024/07/28/d4e47ef83c2f752b23a524dca50f1403e919f9c8/0a900195-e195-4270-8f8f-ded40bf395e8_ZvJEQ.jpg",
        "cityKey": "new-orleans-la",
        "cityLabel": "New Orleans, LA",
        "date": "2024-04-17 00:00:00",
        "location": "VALID"
      }
    },
    {
      "type": "Feature",
      "geometry": null,
      "properties": {
        "id": 70141,
        "obstruction": "Company Vehicle",
        "imageUrl": "https://feed.bikelaneuprising.com/nc/uploads/2024/07/28/d4e47ef83c2f752b23a524dca50f1403e919f9c8/c0646613-7e9f-4591-b33b-5e728829bd0c_uaSnT.jpg",
        "cityKey": "new-orleans-la",
        "cityLabel": "New Orleans, LA",
        "date": "2024-04-17 00:00:00",
        "location": "INVALID"
      }
    },
    {
      "type": "Feature",
      "geometry": {
        "type": "Point",
        "coordinates": [
          -90.05605,
          29.96835
        ]
      },
      "properties": {
        "id": 70142,
        "obstruction": "Private Owner Vehicle",
        "imageUrl": "https://feed.bikelaneuprising.com/nc/uploads/2024/07/29/d4e47ef83c2f752b23a524dca50f1403e919f9c8/459b0d53-ef4d-4009-9488-c9459cd8edff_pLbHn.jpg",
        "cityKey": "new-orleans-la",
        "cityLabel": "New Orleans, LA",
        "date": "2024-04-17 00:00:00",
        "location": "VALID"
      }
    },
    {
      "type": "Feature",
      "geometry": {
        "type": "Point",
        "coordinates": [
          -90.05605,
          29.96835
        ]
      },
      "properties": {
        "id": 70143,
        "obstruction": "Private Owner Vehicle",
        "imageUrl": "https://feed.bikelaneuprising.com/nc/uploads/2024/07/29/d4e47ef83c2f752b23a524dca50f1403e919f9c8/8610ef95-7e69-44a5-8fac-3dacbf08a189_j36Iy.jpg",
        "cityKey": "new-orleans-la",
        "cityLabel": "New Orleans, LA",
        "date": "2024-04-17 00:00:00",
        "location": "VALID"
      }
    },
    {
      "type": "Feature",
      "geometry": {
        "type": "Point",
        "coordinates": [
          -90.05605,
          29.96835
        ]
      },
      "properties": {
        "id": 70144,
        "obstruction": "Private Owner Vehicle",
        "imageUrl": "https://feed.bikelaneuprising.com/nc/uploads/2024/07/29/d4e47ef83c2f752b23a524dca50f1403e919f9c8/40b65670-3d05-4b10-bad9-413132c9536e_AEBQj.jpg",
        "cityKey": "new-orleans-la",
        "cityLabel": "New Orleans, LA",
        "date": "2024-04-17 00:00:00",
        "location": "VALID"
      }
    },
    {
      "type": "Feature",
      "geometry": {
        "type": "Point",
        "coordinates": [
          -90.05605,
          29.96835
        ]
      },
      "properties": {
        "id": 70145,
        "obstruction": "Private Owner Vehicle",
        "imageUrl": "https://feed.bikelaneuprising.com/nc/uploads/2024/07/29/d4e47ef83c2f752b23a524dca50f1403e919f9c8/c0bbaad5-a894-4b52-941e-707146548eba_YeVG1.jpg",
        "cityKey": "new-orleans-la",
        "cityLabel": "New Orleans, LA",
        "date": "2024-04-17 00:00:00",
        "location": "VALID"
      }
    },
    {
      "type": "Feature",
      "geometry": {
        "type": "Point",
        "coordinates": [
          -90.05564,
          29.96852
        ]
      },
      "properties": {
        "id": 70239,
        "obstruction": "Company Vehicle",
        "imageUrl": "https://feed.bikelaneuprising.com/nc/uploads/2024/07/29/d4e47ef83c2f752b23a524dca50f1403e919f9c8/d67cd803-8c66-4acb-b732-6ea66881d3a0_QnGDq.jpg",
        "cityKey": "new-orleans-la",
        "cityLabel": "New Orleans, LA",
        "date": "2024-04-18 00:00:00",
        "location": "VALID"
      }
    },
    {
      "type": "Feature",
      "geometry": {
        "type": "Point",
        "coordinates": [
          -90.10240833333333,
          29.978483333333333
        ]
      },
      "properties": {
        "id": 70364,
        "obstruction": "Company Vehicle",
        "imageUrl": "https://feed.bikelaneuprising.com/nc/uploads/2024/07/29/d4e47ef83c2f752b23a524dca50f1403e919f9c8/a0b2eb49-779c-4fac-92b7-25f9b8f3880b_I3fHz.jpg",
        "cityKey": "new-orleans-la",
        "cityLabel": "New Orleans, LA",
        "date": "2024-04-16 00:00:00",
        "location": "VALID"
      }
    },
    {
      "type": "Feature",
      "geometry": {
        "type": "Point",
        "coordinates": [
          -90.06095833333333,
          29.958721666666666
        ]
      },
      "properties": {
        "id": 70900,
        "obstruction": "Municipal (city) Vehicle - includes USPS",
        "imageUrl": "https://feed.bikelaneuprising.com/nc/uploads/2024/07/28/d4e47ef83c2f752b23a524dca50f1403e919f9c8/4cc79978-4eb7-465d-8906-5b6532a7122c_AZKWY.jpg",
        "cityKey": "new-orleans-la",
        "cityLabel": "New Orleans, LA",
        "date": "2024-04-27 00:00:00",
        "location": "VALID"
      }
    },
    {
      "type": "Feature",
      "geometry": {
        "type": "Point",
        "coordinates": [
          -90.1232,
          29.934563333333333
        ]
      },
      "properties": {
        "id": 70901,
        "obstruction": "Municipal (city) Vehicle - includes USPS",
        "imageUrl": "https://feed.bikelaneuprising.com/nc/uploads/2024/07/29/d4e47ef83c2f752b23a524dca50f1403e919f9c8/2d3aec2d-06c1-458e-884a-3c6139a9eb6a_A0sHA.jpg",
        "cityKey": "new-orleans-la",
        "cityLabel": "New Orleans, LA",
        "date": "2024-04-27 00:00:00",
        "location": "VALID"
      }
    },
    {
      "type": "Feature",
      "geometry": {
        "type": "Point",
        "coordinates": [
          -90.08328883333333,
          29.97952
        ]
      },
      "properties": {
        "id": 70902,
        "obstruction": "Private Owner Vehicle",
        "imageUrl": "https://feed.bikelaneuprising.com/nc/uploads/2024/07/29/d4e47ef83c2f752b23a524dca50f1403e919f9c8/f681b72a-c8ed-49b0-b86a-dfb9e00232fd_0hd2F.jpg",
        "cityKey": "new-orleans-la",
        "cityLabel": "New Orleans, LA",
        "date": "2024-04-27 00:00:00",
        "location": "VALID"
      }
    },
    {
      "type": "Feature",
      "geometry": {
        "type": "Point",
        "coordinates": [
          -90.08301666666667,
          29.979354999999998
        ]
      },
      "properties": {
        "id": 70903,
        "obstruction": "Taxi / Uber / Livery / Lyft",
        "imageUrl": "https://feed.bikelaneuprising.com/nc/uploads/2024/07/29/d4e47ef83c2f752b23a524dca50f1403e919f9c8/407f683c-b391-4ea4-9c7f-9befa00fb496_7ldeb.jpg",
        "cityKey": "new-orleans-la",
        "cityLabel": "New Orleans, LA",
        "date": "2024-04-27 00:00:00",
        "location": "VALID"
      }
    },
    {
      "type": "Feature",
      "geometry": {
        "type": "Point",
        "coordinates": [
          -90.05619716666666,
          29.963363333333334
        ]
      },
      "properties": {
        "id": 71021,
        "obstruction": "Private Owner Vehicle",
        "imageUrl": "https://feed.bikelaneuprising.com/nc/uploads/2024/07/29/d4e47ef83c2f752b23a524dca50f1403e919f9c8/75ce8afa-6de5-4ae5-a65d-f9f99167ce98_mnqV2.jpg",
        "cityKey": "new-orleans-la",
        "cityLabel": "New Orleans, LA",
        "date": "2024-04-29 00:00:00",
        "location": "VALID"
      }
    },
    {
      "type": "Feature",
      "geometry": {
        "type": "Point",
        "coordinates": [
          -90.10226383333334,
          29.978396666666665
        ]
      },
      "properties": {
        "id": 71083,
        "obstruction": "Company Vehicle",
        "imageUrl": "https://feed.bikelaneuprising.com/nc/uploads/2024/07/29/d4e47ef83c2f752b23a524dca50f1403e919f9c8/f4bd4067-9bf2-4c00-becb-0e1b2c567fb1_zbRBg.jpg",
        "cityKey": "new-orleans-la",
        "cityLabel": "New Orleans, LA",
        "date": "2024-04-30 00:00:00",
        "location": "VALID"
      }
    },
    {
      "type": "Feature",
      "geometry": {
        "type": "Point",
        "coordinates": [
          -90.10262216666666,
          29.978566666666666
        ]
      },
      "properties": {
        "id": 71276,
        "obstruction": "Company Vehicle",
        "imageUrl": "https://feed.bikelaneuprising.com/nc/uploads/2024/07/29/d4e47ef83c2f752b23a524dca50f1403e919f9c8/e1095a1d-d7b0-46d9-bc41-c43f663c0ad2_mDH66.jpg",
        "cityKey": "new-orleans-la",
        "cityLabel": "New Orleans, LA",
        "date": "2024-05-02 00:00:00",
        "location": "VALID"
      }
    },
    {
      "type": "Feature",
      "geometry": {
        "type": "Point",
        "coordinates": [
          -90.10218883333333,
          29.978338333333333
        ]
      },
      "properties": {
        "id": 71510,
        "obstruction": "Company Vehicle",
        "imageUrl": "https://feed.bikelaneuprising.com/nc/uploads/2024/07/29/d4e47ef83c2f752b23a524dca50f1403e919f9c8/20eabb06-bbfe-4342-bc6a-ecd33bb1d9e9_CyGKk.jpg",
        "cityKey": "new-orleans-la",
        "cityLabel": "New Orleans, LA",
        "date": "2024-05-06 00:00:00",
        "location": "VALID"
      }
    },
    {
      "type": "Feature",
      "geometry": {
        "type": "Point",
        "coordinates": [
          -90.07596325818886,
          29.950486737098874
        ]
      },
      "properties": {
        "id": 71809,
        "obstruction": "Company Vehicle",
        "imageUrl": "",
        "cityKey": "new-orleans-la",
        "cityLabel": "New Orleans, LA",
        "date": "2024-05-09 00:00:00",
        "location": "VALID"
      }
    },
    {
      "type": "Feature",
      "geometry": {
        "type": "Point",
        "coordinates": [
          -90.06195,
          29.96791
        ]
      },
      "properties": {
        "id": 71932,
        "obstruction": "Private Owner Vehicle",
        "imageUrl": "https://feed.bikelaneuprising.com/nc/uploads/2024/07/29/d4e47ef83c2f752b23a524dca50f1403e919f9c8/419e3cfb-a83f-488a-98e3-1b8b34b84edd_K10Jl.jpg",
        "cityKey": "new-orleans-la",
        "cityLabel": "New Orleans, LA",
        "date": "2024-05-11 00:00:00",
        "location": "VALID"
      }
    },
    {
      "type": "Feature",
      "geometry": {
        "type": "Point",
        "coordinates": [
          -90.05638,
          29.96847
        ]
      },
      "properties": {
        "id": 71952,
        "obstruction": "Private Owner Vehicle",
        "imageUrl": "https://feed.bikelaneuprising.com/nc/uploads/2024/07/29/d4e47ef83c2f752b23a524dca50f1403e919f9c8/37b1b73f-e5be-4a10-8d96-754e7f38271e_wsWMu.jpg",
        "cityKey": "new-orleans-la",
        "cityLabel": "New Orleans, LA",
        "date": "2024-05-12 00:00:00",
        "location": "VALID"
      }
    },
    {
      "type": "Feature",
      "geometry": {
        "type": "Point",
        "coordinates": [
          -90.05507,
          29.96856
        ]
      },
      "properties": {
        "id": 72081,
        "obstruction": "Company Vehicle",
        "imageUrl": "https://feed.bikelaneuprising.com/nc/uploads/2024/07/29/d4e47ef83c2f752b23a524dca50f1403e919f9c8/a3176a3d-e874-4254-89ee-b2b3d988a7bf_kNFOl.jpg",
        "cityKey": "new-orleans-la",
        "cityLabel": "New Orleans, LA",
        "date": "2024-05-14 00:00:00",
        "location": "VALID"
      }
    },
    {
      "type": "Feature",
      "geometry": {
        "type": "Point",
        "coordinates": [
          -90.05605850368738,
          29.968499769815818
        ]
      },
      "properties": {
        "id": 72119,
        "obstruction": "Private Owner Vehicle",
        "imageUrl": "",
        "cityKey": "new-orleans-la",
        "cityLabel": "New Orleans, LA",
        "date": "2024-05-14 00:00:00",
        "location": "VALID"
      }
    },
    {
      "type": "Feature",
      "geometry": {
        "type": "Point",
        "coordinates": [
          -90.07726383333333,
          29.975308333333334
        ]
      },
      "properties": {
        "id": 72150,
        "obstruction": "Private Owner Vehicle",
        "imageUrl": "https://feed.bikelaneuprising.com/nc/uploads/2024/07/29/d4e47ef83c2f752b23a524dca50f1403e919f9c8/013229e5-e737-4593-92c3-aaaa22461446_IQyEf.jpg",
        "cityKey": "new-orleans-la",
        "cityLabel": "New Orleans, LA",
        "date": "2024-05-15 00:00:00",
        "location": "VALID"
      }
    },
    {
      "type": "Feature",
      "geometry": {
        "type": "Point",
        "coordinates": [
          -90.06989166666666,
          29.94228
        ]
      },
      "properties": {
        "id": 72151,
        "obstruction": "Municipal (city) Vehicle - includes USPS",
        "imageUrl": "https://feed.bikelaneuprising.com/nc/uploads/2024/07/29/d4e47ef83c2f752b23a524dca50f1403e919f9c8/3357717b-31e1-4033-b9d6-2e3af96c0f0b_zGfQU.jpg",
        "cityKey": "new-orleans-la",
        "cityLabel": "New Orleans, LA",
        "date": "2024-05-15 00:00:00",
        "location": "VALID"
      }
    },
    {
      "type": "Feature",
      "geometry": {
        "type": "Point",
        "coordinates": [
          -90.05606554448605,
          29.96856134514667
        ]
      },
      "properties": {
        "id": 72435,
        "obstruction": "Private Owner Vehicle",
        "imageUrl": "https://feed.bikelaneuprising.com/nc/uploads/2024/07/29/d4e47ef83c2f752b23a524dca50f1403e919f9c8/e038551d-d9bb-40ff-99b3-3a90ac145db9_DRAVY.jpg",
        "cityKey": "new-orleans-la",
        "cityLabel": "New Orleans, LA",
        "date": "2024-05-19 00:00:00",
        "location": "VALID"
      }
    },
    {
      "type": "Feature",
      "geometry": {
        "type": "Point",
        "coordinates": [
          -90.0866474211216,
          29.94562625238045
        ]
      },
      "properties": {
        "id": 73308,
        "obstruction": "Private Owner Vehicle",
        "imageUrl": "https://feed.bikelaneuprising.com/nc/uploads/2024/07/29/d4e47ef83c2f752b23a524dca50f1403e919f9c8/2c1eccd9-e717-41eb-b6de-22bb022e3897_ETP0y.jpg",
        "cityKey": "new-orleans-la",
        "cityLabel": "New Orleans, LA",
        "date": "2024-06-03 00:00:00",
        "location": "VALID"
      }
    },
    {
      "type": "Feature",
      "geometry": {
        "type": "Point",
        "coordinates": [
          -90.08669771254063,
          29.94558296539746
        ]
      },
      "properties": {
        "id": 73309,
        "obstruction": "Private Owner Vehicle",
        "imageUrl": "https://feed.bikelaneuprising.com/nc/uploads/2024/07/29/d4e47ef83c2f752b23a524dca50f1403e919f9c8/8a9071ca-0200-49c4-a6cc-26368d3cc384_wTyxS.jpg",
        "cityKey": "new-orleans-la",
        "cityLabel": "New Orleans, LA",
        "date": "2024-06-03 00:00:00",
        "location": "VALID"
      }
    },
    {
      "type": "Feature",
      "geometry": {
        "type": "Point",
        "coordinates": [
          -90.07136666666666,
          29.958171666666665
        ]
      },
      "properties": {
        "id": 73684,
        "obstruction": "Private Owner Vehicle",
        "imageUrl": "https://feed.bikelaneuprising.com/nc/uploads/2024/07/29/d4e47ef83c2f752b23a524dca50f1403e919f9c8/d5f8bfc1-214f-4a8d-96eb-a7d15445f7d0_7hru0.jpg",
        "cityKey": "new-orleans-la",
        "cityLabel": "New Orleans, LA",
        "date": "2024-02-28 00:00:00",
        "location": "VALID"
      }
    },
    {
      "type": "Feature",
      "geometry": {
        "type": "Point",
        "coordinates": [
          -90.05605,
          29.96835
        ]
      },
      "properties": {
        "id": 74312,
        "obstruction": "Private Owner Vehicle",
        "imageUrl": "https://feed.bikelaneuprising.com/nc/uploads/2024/07/29/d4e47ef83c2f752b23a524dca50f1403e919f9c8/1a3c9a63-7699-4da5-9983-3ae8d349b09d_44cWI.jpg",
        "cityKey": "new-orleans-la",
        "cityLabel": "New Orleans, LA",
        "date": "2024-06-16 00:00:00",
        "location": "VALID"
      }
    },
    {
      "type": "Feature",
      "geometry": {
        "type": "Point",
        "coordinates": [
          -90.05605,
          29.96835
        ]
      },
      "properties": {
        "id": 74454,
        "obstruction": "Private Owner Vehicle",
        "imageUrl": "https://feed.bikelaneuprising.com/nc/uploads/2024/07/29/d4e47ef83c2f752b23a524dca50f1403e919f9c8/3349d1af-592d-4cd1-809d-753caa7b498d_oIEFd.jpg",
        "cityKey": "new-orleans-la",
        "cityLabel": "New Orleans, LA",
        "date": "2024-06-18 00:00:00",
        "location": "VALID"
      }
    },
    {
      "type": "Feature",
      "geometry": {
        "type": "Point",
        "coordinates": [
          -90.05605,
          29.96835
        ]
      },
      "properties": {
        "id": 74477,
        "obstruction": "Private Owner Vehicle",
        "imageUrl": "https://feed.bikelaneuprising.com/nc/uploads/2024/07/29/d4e47ef83c2f752b23a524dca50f1403e919f9c8/fe4e3f77-e24b-46a0-8ea3-b6e84b5e7208_PGQGK.jpg",
        "cityKey": "new-orleans-la",
        "cityLabel": "New Orleans, LA",
        "date": "2024-06-19 00:00:00",
        "location": "VALID"
      }
    },
    {
      "type": "Feature",
      "geometry": {
        "type": "Point",
        "coordinates": [
          -90.05605,
          29.96835
        ]
      },
      "properties": {
        "id": 74685,
        "obstruction": "Private Owner Vehicle",
        "imageUrl": "https://feed.bikelaneuprising.com/nc/uploads/2024/07/29/d4e47ef83c2f752b23a524dca50f1403e919f9c8/3ca73923-c9aa-4e81-b9bb-6bdcfe6fa3b0__4Flr.jpg",
        "cityKey": "new-orleans-la",
        "cityLabel": "New Orleans, LA",
        "date": "2024-06-22 00:00:00",
        "location": "VALID"
      }
    },
    {
      "type": "Feature",
      "geometry": {
        "type": "Point",
        "coordinates": [
          -90.05605,
          29.96835
        ]
      },
      "properties": {
        "id": 74686,
        "obstruction": "Private Owner Vehicle",
        "imageUrl": "https://feed.bikelaneuprising.com/nc/uploads/2024/07/29/d4e47ef83c2f752b23a524dca50f1403e919f9c8/1c2b786b-ef33-49bb-9fa6-df87c8dbdbe0_4Xuom.jpg",
        "cityKey": "new-orleans-la",
        "cityLabel": "New Orleans, LA",
        "date": "2024-06-22 00:00:00",
        "location": "VALID"
      }
    },
    {
      "type": "Feature",
      "geometry": {
        "type": "Point",
        "coordinates": [
          -90.07263,
          29.95209
        ]
      },
      "properties": {
        "id": 74979,
        "obstruction": "Taxi / Uber / Livery / Lyft",
        "imageUrl": "https://feed.bikelaneuprising.com/nc/uploads/2024/07/29/d4e47ef83c2f752b23a524dca50f1403e919f9c8/9cf3decd-1c74-457b-a994-b8184d7462ce_f8ji0.jpg",
        "cityKey": "new-orleans-la",
        "cityLabel": "New Orleans, LA",
        "date": "2024-06-28 00:00:00",
        "location": "VALID"
      }
    },
    {
      "type": "Feature",
      "geometry": {
        "type": "Point",
        "coordinates": [
          -90.07084,
          29.97119
        ]
      },
      "properties": {
        "id": 75029,
        "obstruction": "Municipal (city) Vehicle - includes USPS",
        "imageUrl": "https://feed.bikelaneuprising.com/nc/uploads/2024/07/29/d4e47ef83c2f752b23a524dca50f1403e919f9c8/768b957c-811c-4387-9601-787bc71b6da1_4yTRL.jpg",
        "cityKey": "new-orleans-la",
        "cityLabel": "New Orleans, LA",
        "date": "2024-06-28 00:00:00",
        "location": "VALID"
      }
    },
    {
      "type": "Feature",
      "geometry": {
        "type": "Point",
        "coordinates": [
          -90.07395219057798,
          29.95523346280704
        ]
      },
      "properties": {
        "id": 75151,
        "obstruction": "Company Vehicle",
        "imageUrl": "https://feed.bikelaneuprising.com/nc/uploads/2024/07/29/d4e47ef83c2f752b23a524dca50f1403e919f9c8/ab5cd5e7-7015-4e68-b8a3-c654fbc78633_1LQhp.jpg",
        "cityKey": "new-orleans-la",
        "cityLabel": "New Orleans, LA",
        "date": "2024-07-01 00:00:00",
        "location": "VALID"
      }
    },
    {
      "type": "Feature",
      "geometry": {
        "type": "Point",
        "coordinates": [
          -90.07514476776123,
          29.953347012369886
        ]
      },
      "properties": {
        "id": 75152,
        "obstruction": "Company Vehicle",
        "imageUrl": "https://feed.bikelaneuprising.com/nc/uploads/2024/07/29/d4e47ef83c2f752b23a524dca50f1403e919f9c8/3d13b73d-0586-4328-8dbd-9f7670d63db2_xrVYs.jpg",
        "cityKey": "new-orleans-la",
        "cityLabel": "New Orleans, LA",
        "date": "2024-07-01 00:00:00",
        "location": "VALID"
      }
    },
    {
      "type": "Feature",
      "geometry": {
        "type": "Point",
        "coordinates": [
          -90.03949,
          29.9664
        ]
      },
      "properties": {
        "id": 75281,
        "obstruction": "Company Vehicle",
        "imageUrl": "https://feed.bikelaneuprising.com/nc/uploads/2024/07/28/d4e47ef83c2f752b23a524dca50f1403e919f9c8/0e430fe1-5111-49de-8286-b6e2854f0e5a_gCnJI.jpg",
        "cityKey": "new-orleans-la",
        "cityLabel": "New Orleans, LA",
        "date": "2024-07-03 00:00:00",
        "location": "VALID"
      }
    },
    {
      "type": "Feature",
      "geometry": {
        "type": "Point",
        "coordinates": [
          -90.03481,
          29.96589
        ]
      },
      "properties": {
        "id": 75282,
        "obstruction": "Company Vehicle",
        "imageUrl": "https://feed.bikelaneuprising.com/nc/uploads/2024/07/28/d4e47ef83c2f752b23a524dca50f1403e919f9c8/9c41eacd-af07-48cf-b9c5-c9ef42a60054_Yb0QG.jpg",
        "cityKey": "new-orleans-la",
        "cityLabel": "New Orleans, LA",
        "date": "2024-07-03 00:00:00",
        "location": "VALID"
      }
    },
    {
      "type": "Feature",
      "geometry": {
        "type": "Point",
        "coordinates": [
          -90.0561486336522,
          29.968558258551898
        ]
      },
      "properties": {
        "id": 75431,
        "obstruction": "Company Vehicle",
        "imageUrl": "https://feed.bikelaneuprising.com/nc/uploads/2024/07/28/d4e47ef83c2f752b23a524dca50f1403e919f9c8/53d7f270-cd50-4860-bcc5-6dac76ecb5d3_kbBr4.jpg",
        "cityKey": "new-orleans-la",
        "cityLabel": "New Orleans, LA",
        "date": "2024-07-06 00:00:00",
        "location": "VALID"
      }
    },
    {
      "type": "Feature",
      "geometry": {
        "type": "Point",
        "coordinates": [
          -90.07703,
          29.97988
        ]
      },
      "properties": {
        "id": 75451,
        "obstruction": "Private Owner Vehicle",
        "imageUrl": "https://feed.bikelaneuprising.com/nc/uploads/2024/07/29/d4e47ef83c2f752b23a524dca50f1403e919f9c8/5e448353-d031-4944-b90e-3e36ecb76f45_Rq5Te.jpg",
        "cityKey": "new-orleans-la",
        "cityLabel": "New Orleans, LA",
        "date": "2024-07-06 00:00:00",
        "location": "VALID"
      }
    },
    {
      "type": "Feature",
      "geometry": {
        "type": "Point",
        "coordinates": [
          -90.0571,
          29.96841
        ]
      },
      "properties": {
        "id": 75909,
        "obstruction": "Company Vehicle",
        "imageUrl": "https://feed.bikelaneuprising.com/nc/uploads/2024/07/29/d4e47ef83c2f752b23a524dca50f1403e919f9c8/234b4a0e-4dcd-4d9b-b5eb-65d563391675_gO2iX.jpg",
        "cityKey": "new-orleans-la",
        "cityLabel": "New Orleans, LA",
        "date": "2024-07-14 00:00:00",
        "location": "VALID"
      }
    },
    {
      "type": "Feature",
      "geometry": null,
      "properties": {
        "id": 76420,
        "obstruction": "Municipal (city) Vehicle - includes USPS",
        "imageUrl": "https://feed.bikelaneuprising.com/nc/uploads/2024/07/29/d4e47ef83c2f752b23a524dca50f1403e919f9c8/897a1938-bc7b-49d5-bd67-047d5e2ac22c_ZTj45.jpg",
        "cityKey": "new-orleans-la",
        "cityLabel": "New Orleans, LA",
        "date": "2024-07-19 00:00:00",
        "location": "INVALID"
      }
    },
    {
      "type": "Feature",
      "geometry": {
        "type": "Point",
        "coordinates": [
          -90.07263,
          29.95209
        ]
      },
      "properties": {
        "id": 76421,
        "obstruction": "Taxi / Uber / Livery / Lyft",
        "imageUrl": "https://feed.bikelaneuprising.com/nc/uploads/2024/07/28/d4e47ef83c2f752b23a524dca50f1403e919f9c8/d45649c7-4a55-4f41-b3a2-9f199bb47d00_B51Jw.jpg",
        "cityKey": "new-orleans-la",
        "cityLabel": "New Orleans, LA",
        "date": "2024-07-19 00:00:00",
        "location": "VALID"
      }
    },
    {
      "type": "Feature",
      "geometry": {
        "type": "Point",
        "coordinates": [
          -90.05861,
          29.99503
        ]
      },
      "properties": {
        "id": 77020,
        "obstruction": "Private Owner Vehicle",
        "imageUrl": "https://feed.bikelaneuprising.com/nc/uploads/photos/1ff14efc-876e-4b98-8321-a31c5d2d29f6_EJA8j.jpg",
        "cityKey": "new-orleans-la",
        "cityLabel": "New Orleans, LA",
        "date": "2024-07-30 00:00:00",
        "location": "VALID"
      }
    },
    {
      "type": "Feature",
      "geometry": {
        "type": "Point",
        "coordinates": [
          -90.05605,
          29.96835
        ]
      },
      "properties": {
        "id": 77746,
        "obstruction": "Private Owner Vehicle",
        "imageUrl": "https://feed.bikelaneuprising.com/nc/uploads/photos/4d3d204a-db19-43e8-83d3-d460f12a2341_gNahd.jpg",
        "cityKey": "new-orleans-la",
        "cityLabel": "New Orleans, LA",
        "date": "2024-08-13 00:00:00",
        "location": "VALID"
      }
    },
    {
      "type": "Feature",
      "geometry": {
        "type": "Point",
        "coordinates": [
          -90.05605,
          29.96835
        ]
      },
      "properties": {
        "id": 77769,
        "obstruction": "Private Owner Vehicle",
        "imageUrl": "https://feed.bikelaneuprising.com/nc/uploads/photos/b7abcd85-000f-4a91-9747-7bd4fbfaa3c9_onGpv.jpg",
        "cityKey": "new-orleans-la",
        "cityLabel": "New Orleans, LA",
        "date": "2024-08-14 00:00:00",
        "location": "VALID"
      }
    },
    {
      "type": "Feature",
      "geometry": {
        "type": "Point",
        "coordinates": [
          -90.07641,
          29.98624
        ]
      },
      "properties": {
        "id": 78340,
        "obstruction": "Other  (damaged lane / snow / debris / pedestrian / etc.)",
        "imageUrl": "https://feed.bikelaneuprising.com/nc/uploads/photos/7f463977-8ee7-4ab1-a535-7c8d83766c1d_wlMlp.jpg",
        "cityKey": "new-orleans-la",
        "cityLabel": "New Orleans, LA",
        "date": "2024-08-23 00:00:00",
        "location": "VALID"
      }
    },
    {
      "type": "Feature",
      "geometry": {
        "type": "Point",
        "coordinates": [
          -90.07272306829691,
          29.955990763530995
        ]
      },
      "properties": {
        "id": 78536,
        "obstruction": "Private Owner Vehicle",
        "imageUrl": "https://feed.bikelaneuprising.com/nc/uploads/photos/eb423e1c-2802-4ee4-afb8-a06b4218673f_NPlBK.jpg",
        "cityKey": "new-orleans-la",
        "cityLabel": "New Orleans, LA",
        "date": "2024-08-25 00:00:00",
        "location": "VALID"
      }
    },
    {
      "type": "Feature",
      "geometry": {
        "type": "Point",
        "coordinates": [
          -90.05605,
          29.96835
        ]
      },
      "properties": {
        "id": 78635,
        "obstruction": "Private Owner Vehicle",
        "imageUrl": "https://feed.bikelaneuprising.com/nc/uploads/photos/784af432-75dc-4ee2-9c79-7a1684b5948b_JMNjl.jpg",
        "cityKey": "new-orleans-la",
        "cityLabel": "New Orleans, LA",
        "date": "2024-08-28 00:00:00",
        "location": "VALID"
      }
    },
    {
      "type": "Feature",
      "geometry": {
        "type": "Point",
        "coordinates": [
          -90.05605,
          29.96835
        ]
      },
      "properties": {
        "id": 78636,
        "obstruction": "Private Owner Vehicle",
        "imageUrl": "https://feed.bikelaneuprising.com/nc/uploads/photos/784af432-75dc-4ee2-9c79-7a1684b5948b_0qolt.jpg",
        "cityKey": "new-orleans-la",
        "cityLabel": "New Orleans, LA",
        "date": "2024-08-28 00:00:00",
        "location": "VALID"
      }
    },
    {
      "type": "Feature",
      "geometry": {
        "type": "Point",
        "coordinates": [
          -90.05605,
          29.96835
        ]
      },
      "properties": {
        "id": 78637,
        "obstruction": "Private Owner Vehicle",
        "imageUrl": "https://feed.bikelaneuprising.com/nc/uploads/photos/1e090531-838d-47e4-9ffb-0935d9f28b7b_tiGrg.jpg",
        "cityKey": "new-orleans-la",
        "cityLabel": "New Orleans, LA",
        "date": "2024-08-28 00:00:00",
        "location": "VALID"
      }
    },
    {
      "type": "Feature",
      "geometry": {
        "type": "Point",
        "coordinates": [
          -90.07504166666666,
          30.0211695
        ]
      },
      "properties": {
        "id": 78651,
        "obstruction": "Municipal (city) Vehicle - includes USPS",
        "imageUrl": "https://feed.bikelaneuprising.com/nc/uploads/photos/9fab94f4-587b-4a92-804f-36c22787819d_djt1V.jpg",
        "cityKey": "new-orleans-la",
        "cityLabel": "New Orleans, LA",
        "date": "2024-08-28 00:00:00",
        "location": "VALID"
      }
    },
    {
      "type": "Feature",
      "geometry": {
        "type": "Point",
        "coordinates": [
          -90.0784305,
          30.020897166666668
        ]
      },
      "properties": {
        "id": 78652,
        "obstruction": "Private Owner Vehicle",
        "imageUrl": "https://feed.bikelaneuprising.com/nc/uploads/photos/a8ba070e-608b-449c-986d-f84ba33295df_P6f49.jpg",
        "cityKey": "new-orleans-la",
        "cityLabel": "New Orleans, LA",
        "date": "2024-08-27 00:00:00",
        "location": "VALID"
      }
    },
    {
      "type": "Feature",
      "geometry": {
        "type": "Point",
        "coordinates": [
          -90.05605,
          29.96835
        ]
      },
      "properties": {
        "id": 78942,
        "obstruction": "Company Vehicle",
        "imageUrl": "https://feed.bikelaneuprising.com/nc/uploads/photos/7c9a4ca9-0c48-4147-9847-c7808b9eeb47_U9ESf.jpg",
        "cityKey": "new-orleans-la",
        "cityLabel": "New Orleans, LA",
        "date": "2024-08-31 00:00:00",
        "location": "VALID"
      }
    },
    {
      "type": "Feature",
      "geometry": {
        "type": "Point",
        "coordinates": [
          -90.05701,
          29.9671
        ]
      },
      "properties": {
        "id": 78968,
        "obstruction": "Private Owner Vehicle",
        "imageUrl": "https://feed.bikelaneuprising.com/nc/uploads/photos/2edeadd7-6f87-476c-8879-bc01a4b572ef_kfeNS.jpg",
        "cityKey": "new-orleans-la",
        "cityLabel": "New Orleans, LA",
        "date": "2024-09-01 00:00:00",
        "location": "VALID"
      }
    },
    {
      "type": "Feature",
      "geometry": {
        "type": "Point",
        "coordinates": [
          -90.05605,
          29.96835
        ]
      },
      "properties": {
        "id": 78969,
        "obstruction": "Private Owner Vehicle",
        "imageUrl": "https://feed.bikelaneuprising.com/nc/uploads/photos/ce5ca1c3-8013-4ca6-9ed5-3f1ec141e707_tVcnr.jpg",
        "cityKey": "new-orleans-la",
        "cityLabel": "New Orleans, LA",
        "date": "2024-09-01 00:00:00",
        "location": "VALID"
      }
    },
    {
      "type": "Feature",
      "geometry": {
        "type": "Point",
        "coordinates": [
          -90.06195,
          29.96791
        ]
      },
      "properties": {
        "id": 78982,
        "obstruction": "Private Owner Vehicle",
        "imageUrl": "https://feed.bikelaneuprising.com/nc/uploads/photos/179c0ed3-a81a-4bdf-9a11-7c85c73ff85d_oGR1Q.jpg",
        "cityKey": "new-orleans-la",
        "cityLabel": "New Orleans, LA",
        "date": "2024-09-01 00:00:00",
        "location": "VALID"
      }
    },
    {
      "type": "Feature",
      "geometry": {
        "type": "Point",
        "coordinates": [
          -90.0716555,
          29.960596666666667
        ]
      },
      "properties": {
        "id": 79001,
        "obstruction": "Private Owner Vehicle",
        "imageUrl": "https://feed.bikelaneuprising.com/nc/uploads/photos/c9507cee-aa9b-4fb6-af66-7afd18a91406_Lt5jy.jpg",
        "cityKey": "new-orleans-la",
        "cityLabel": "New Orleans, LA",
        "date": "2024-09-02 00:00:00",
        "location": "VALID"
      }
    },
    {
      "type": "Feature",
      "geometry": {
        "type": "Point",
        "coordinates": [
          -90.06635283333334,
          29.962536666666665
        ]
      },
      "properties": {
        "id": 79002,
        "obstruction": "Private Owner Vehicle",
        "imageUrl": "https://feed.bikelaneuprising.com/nc/uploads/photos/aaef6c24-ccd5-4485-bb1d-bcef1ef15915_MH_yA.jpg",
        "cityKey": "new-orleans-la",
        "cityLabel": "New Orleans, LA",
        "date": "2024-09-02 00:00:00",
        "location": "VALID"
      }
    },
    {
      "type": "Feature",
      "geometry": {
        "type": "Point",
        "coordinates": [
          -90.1067055,
          29.974616666666666
        ]
      },
      "properties": {
        "id": 79031,
        "obstruction": "Company Vehicle",
        "imageUrl": "https://feed.bikelaneuprising.com/nc/uploads/photos/334699b3-1740-4e12-a562-0236ec9bd664_0dF9M.jpg",
        "cityKey": "new-orleans-la",
        "cityLabel": "New Orleans, LA",
        "date": "2024-09-02 00:00:00",
        "location": "VALID"
      }
    },
    {
      "type": "Feature",
      "geometry": {
        "type": "Point",
        "coordinates": [
          -90.10479716666667,
          29.956611666666667
        ]
      },
      "properties": {
        "id": 79220,
        "obstruction": "Private Owner Vehicle",
        "imageUrl": "https://feed.bikelaneuprising.com/nc/uploads/photos/263c1cd3-c9e3-405b-9f2c-25d1da3a6ae1_wTViF.jpg",
        "cityKey": "new-orleans-la",
        "cityLabel": "New Orleans, LA",
        "date": "2024-09-05 00:00:00",
        "location": "VALID"
      }
    },
    {
      "type": "Feature",
      "geometry": {
        "type": "Point",
        "coordinates": [
          -90.07993,
          29.97783
        ]
      },
      "properties": {
        "id": 79257,
        "obstruction": "Company Vehicle",
        "imageUrl": "",
        "cityKey": "new-orleans-la",
        "cityLabel": "New Orleans, LA",
        "date": "2024-09-05 00:00:00",
        "location": "VALID"
      }
    },
    {
      "type": "Feature",
      "geometry": {
        "type": "Point",
        "coordinates": [
          -90.0764,
          29.97436
        ]
      },
      "properties": {
        "id": 79258,
        "obstruction": "Private Owner Vehicle",
        "imageUrl": "https://feed.bikelaneuprising.com/nc/uploads/photos/9f19337b-9667-4aec-a7ce-f23edc8ebb4b_Vvwws.jpg",
        "cityKey": "new-orleans-la",
        "cityLabel": "New Orleans, LA",
        "date": "2024-09-05 00:00:00",
        "location": "VALID"
      }
    },
    {
      "type": "Feature",
      "geometry": {
        "type": "Point",
        "coordinates": [
          -90.05605,
          29.96835
        ]
      },
      "properties": {
        "id": 79338,
        "obstruction": "Private Owner Vehicle",
        "imageUrl": "https://feed.bikelaneuprising.com/nc/uploads/photos/65266a47-986f-4d0e-976b-be1449f1170b_MHt_S.jpg",
        "cityKey": "new-orleans-la",
        "cityLabel": "New Orleans, LA",
        "date": "2024-09-06 00:00:00",
        "location": "VALID"
      }
    },
    {
      "type": "Feature",
      "geometry": {
        "type": "Point",
        "coordinates": [
          -90.06894417107105,
          29.978474475767534
        ]
      },
      "properties": {
        "id": 79589,
        "obstruction": "Private Owner Vehicle",
        "imageUrl": "https://feed.bikelaneuprising.com/nc/uploads/photos/79c7eb3f-6851-4bdd-b8d9-7da2c6cfb4c6_QxIn-.jpg",
        "cityKey": "new-orleans-la",
        "cityLabel": "New Orleans, LA",
        "date": "2024-09-09 00:00:00",
        "location": "VALID"
      }
    },
    {
      "type": "Feature",
      "geometry": {
        "type": "Point",
        "coordinates": [
          -90.05605,
          29.96835
        ]
      },
      "properties": {
        "id": 79934,
        "obstruction": "Private Owner Vehicle",
        "imageUrl": "https://feed.bikelaneuprising.com/nc/uploads/photos/1536a63a-03e1-4002-bcbb-3a6a0c0e763d_Fdskm.jpg",
        "cityKey": "new-orleans-la",
        "cityLabel": "New Orleans, LA",
        "date": "2024-09-14 00:00:00",
        "location": "VALID"
      }
    },
    {
      "type": "Feature",
      "geometry": {
        "type": "Point",
        "coordinates": [
          -90.05605,
          29.96835
        ]
      },
      "properties": {
        "id": 80147,
        "obstruction": "Private Owner Vehicle",
        "imageUrl": "https://feed.bikelaneuprising.com/nc/uploads/photos/e6912d97-e684-4bcb-9224-9e138dc6ce8d_nzA7L.jpg",
        "cityKey": "new-orleans-la",
        "cityLabel": "New Orleans, LA",
        "date": "2024-09-17 00:00:00",
        "location": "VALID"
      }
    },
    {
      "type": "Feature",
      "geometry": {
        "type": "Point",
        "coordinates": [
          -90.05378,
          29.96822
        ]
      },
      "properties": {
        "id": 80148,
        "obstruction": "Private Owner Vehicle",
        "imageUrl": "https://feed.bikelaneuprising.com/nc/uploads/photos/852622bb-f8d6-4bac-8ab9-10590f528895_HKCSX.jpg",
        "cityKey": "new-orleans-la",
        "cityLabel": "New Orleans, LA",
        "date": "2024-09-17 00:00:00",
        "location": "VALID"
      }
    },
    {
      "type": "Feature",
      "geometry": {
        "type": "Point",
        "coordinates": [
          -90.0989,
          29.976005
        ]
      },
      "properties": {
        "id": 80167,
        "obstruction": "Company Vehicle",
        "imageUrl": "https://feed.bikelaneuprising.com/nc/uploads/photos/16ff27b2-087f-4a1a-965e-5e18263da6db_KQkHp.jpg",
        "cityKey": "new-orleans-la",
        "cityLabel": "New Orleans, LA",
        "date": "2024-09-17 00:00:00",
        "location": "VALID"
      }
    },
    {
      "type": "Feature",
      "geometry": {
        "type": "Point",
        "coordinates": [
          -90.10243883333334,
          29.97842
        ]
      },
      "properties": {
        "id": 80168,
        "obstruction": "Taxi / Uber / Livery / Lyft",
        "imageUrl": "https://feed.bikelaneuprising.com/nc/uploads/photos/0a916e42-4da8-4ed4-87d2-0e5ec51b998c_8-cwk.jpg",
        "cityKey": "new-orleans-la",
        "cityLabel": "New Orleans, LA",
        "date": "2024-09-16 00:00:00",
        "location": "VALID"
      }
    },
    {
      "type": "Feature",
      "geometry": {
        "type": "Point",
        "coordinates": [
          -90.05597,
          29.97869
        ]
      },
      "properties": {
        "id": 80187,
        "obstruction": "Private Owner Vehicle",
        "imageUrl": "https://feed.bikelaneuprising.com/nc/uploads/photos/fa8db3d7-6a39-4105-8b20-59a90735ee3a_WwFTg.jpg",
        "cityKey": "new-orleans-la",
        "cityLabel": "New Orleans, LA",
        "date": "2024-09-18 00:00:00",
        "location": "VALID"
      }
    },
    {
      "type": "Feature",
      "geometry": {
        "type": "Point",
        "coordinates": [
          -90.10126048423028,
          29.97065619021716
        ]
      },
      "properties": {
        "id": 80368,
        "obstruction": "Company Vehicle",
        "imageUrl": "https://feed.bikelaneuprising.com/nc/uploads/photos/fea3cf0d-dfd9-4f4d-9d2e-e88b5d4b383b_kplNJ.jpg",
        "cityKey": "new-orleans-la",
        "cityLabel": "New Orleans, LA",
        "date": "",
        "location": "VALID"
      }
    },
    {
      "type": "Feature",
      "geometry": {
        "type": "Point",
        "coordinates": [
          -90.05714,
          29.96842
        ]
      },
      "properties": {
        "id": 80439,
        "obstruction": "Private Owner Vehicle",
        "imageUrl": "https://feed.bikelaneuprising.com/nc/uploads/photos/20287fe5-6913-4726-9ef4-cb70a91c47d7_PE2oG.jpg",
        "cityKey": "new-orleans-la",
        "cityLabel": "New Orleans, LA",
        "date": "2024-09-21 00:00:00",
        "location": "VALID"
      }
    },
    {
      "type": "Feature",
      "geometry": {
        "type": "Point",
        "coordinates": [
          -90.05605,
          29.96835
        ]
      },
      "properties": {
        "id": 80458,
        "obstruction": "Private Owner Vehicle",
        "imageUrl": "https://feed.bikelaneuprising.com/nc/uploads/photos/bd0f882c-8f5d-495c-a620-a74d7fc4c378_gJYcu.jpg",
        "cityKey": "new-orleans-la",
        "cityLabel": "New Orleans, LA",
        "date": "2024-09-22 00:00:00",
        "location": "VALID"
      }
    },
    {
      "type": "Feature",
      "geometry": {
        "type": "Point",
        "coordinates": [
          -90.05605,
          29.96835
        ]
      },
      "properties": {
        "id": 80679,
        "obstruction": "Private Owner Vehicle",
        "imageUrl": "https://feed.bikelaneuprising.com/nc/uploads/photos/41b60a10-d07f-48c7-a3c5-35810166e509_GVYEX.jpg",
        "cityKey": "new-orleans-la",
        "cityLabel": "New Orleans, LA",
        "date": "2024-09-26 00:00:00",
        "location": "VALID"
      }
    },
    {
      "type": "Feature",
      "geometry": {
        "type": "Point",
        "coordinates": [
          -90.05605,
          29.96835
        ]
      },
      "properties": {
        "id": 80775,
        "obstruction": "Private Owner Vehicle",
        "imageUrl": "https://feed.bikelaneuprising.com/nc/uploads/photos/57e374d0-4661-4ad5-8493-7e78b7d6b914_-42GB.jpg",
        "cityKey": "new-orleans-la",
        "cityLabel": "New Orleans, LA",
        "date": "2024-09-28 00:00:00",
        "location": "VALID"
      }
    },
    {
      "type": "Feature",
      "geometry": {
        "type": "Point",
        "coordinates": [
          -90.06961204111576,
          29.95221524112579
        ]
      },
      "properties": {
        "id": 80776,
        "obstruction": "Private Owner Vehicle",
        "imageUrl": "https://feed.bikelaneuprising.com/nc/uploads/photos/a3af6ac8-d928-4dd8-b215-1ecea25b032f_zCJak.jpg",
        "cityKey": "new-orleans-la",
        "cityLabel": "New Orleans, LA",
        "date": "2024-09-28 00:00:00",
        "location": "VALID"
      }
    },
    {
      "type": "Feature",
      "geometry": {
        "type": "Point",
        "coordinates": [
          -90.05605,
          29.96835
        ]
      },
      "properties": {
        "id": 80897,
        "obstruction": "Private Owner Vehicle",
        "imageUrl": "https://feed.bikelaneuprising.com/nc/uploads/photos/0158e533-d9e1-4f99-87f0-9f0021afe96a_aXn-U.jpg",
        "cityKey": "new-orleans-la",
        "cityLabel": "New Orleans, LA",
        "date": "2024-10-01 00:00:00",
        "location": "VALID"
      }
    },
    {
      "type": "Feature",
      "geometry": {
        "type": "Point",
        "coordinates": [
          -90.08197777777778,
          29.957722222222223
        ]
      },
      "properties": {
        "id": 80977,
        "obstruction": "Company Vehicle",
        "imageUrl": "https://feed.bikelaneuprising.com/nc/uploads/photos/d9dd5735-ab00-4603-abd7-eaf1122822f4_dnTh3.jpg",
        "cityKey": "new-orleans-la",
        "cityLabel": "New Orleans, LA",
        "date": "2024-10-01 00:00:00",
        "location": "VALID"
      }
    },
    {
      "type": "Feature",
      "geometry": {
        "type": "Point",
        "coordinates": [
          -90.05605,
          29.96835
        ]
      },
      "properties": {
        "id": 81170,
        "obstruction": "Private Owner Vehicle",
        "imageUrl": "https://feed.bikelaneuprising.com/nc/uploads/photos/1bbced36-e310-42af-91c3-a9733294d3fa_gKJo6.jpg",
        "cityKey": "new-orleans-la",
        "cityLabel": "New Orleans, LA",
        "date": "2024-10-07 00:00:00",
        "location": "VALID"
      }
    },
    {
      "type": "Feature",
      "geometry": {
        "type": "Point",
        "coordinates": [
          -90.0573,
          29.96504
        ]
      },
      "properties": {
        "id": 81752,
        "obstruction": "Company Vehicle",
        "imageUrl": "https://feed.bikelaneuprising.com/nc/uploads/photos/791a7f9d-4216-41c2-8933-e4f3681d62e5_-y7iw.jpg",
        "cityKey": "new-orleans-la",
        "cityLabel": "New Orleans, LA",
        "date": "2024-10-16 00:00:00",
        "location": "VALID"
      }
    },
    {
      "type": "Feature",
      "geometry": {
        "type": "Point",
        "coordinates": [
          -90.0723195,
          29.952638333333333
        ]
      },
      "properties": {
        "id": 81930,
        "obstruction": "Private Owner Vehicle",
        "imageUrl": "https://feed.bikelaneuprising.com/nc/uploads/photos/c5957bc5-e260-45e9-99cf-2c3df2d58efa_qT7FS.jpg",
        "cityKey": "new-orleans-la",
        "cityLabel": "New Orleans, LA",
        "date": "2024-10-19 00:00:00",
        "location": "VALID"
      }
    },
    {
      "type": "Feature",
      "geometry": {
        "type": "Point",
        "coordinates": [
          -90.0734945,
          29.948628333333332
        ]
      },
      "properties": {
        "id": 81931,
        "obstruction": "Company Vehicle",
        "imageUrl": "https://feed.bikelaneuprising.com/nc/uploads/photos/924bdc9a-3a8b-4772-809c-a2e5db9b0e1a_Q_0UD.jpg",
        "cityKey": "new-orleans-la",
        "cityLabel": "New Orleans, LA",
        "date": "2024-10-19 00:00:00",
        "location": "VALID"
      }
    },
    {
      "type": "Feature",
      "geometry": {
        "type": "Point",
        "coordinates": [
          -90.07312783333333,
          29.949888333333334
        ]
      },
      "properties": {
        "id": 81932,
        "obstruction": "Company Vehicle",
        "imageUrl": "https://feed.bikelaneuprising.com/nc/uploads/photos/25bd787d-1bd5-4c07-a2f4-4f7273168cd1_Fuhth.jpg",
        "cityKey": "new-orleans-la",
        "cityLabel": "New Orleans, LA",
        "date": "2024-10-19 00:00:00",
        "location": "VALID"
      }
    },
    {
      "type": "Feature",
      "geometry": {
        "type": "Point",
        "coordinates": [
          -90.07371383333333,
          29.947883333333333
        ]
      },
      "properties": {
        "id": 81933,
        "obstruction": "Company Vehicle",
        "imageUrl": "https://feed.bikelaneuprising.com/nc/uploads/photos/2d54abd2-ba0d-4342-8214-a942db4439c9_hrA5f.jpg",
        "cityKey": "new-orleans-la",
        "cityLabel": "New Orleans, LA",
        "date": "2024-10-19 00:00:00",
        "location": "VALID"
      }
    },
    {
      "type": "Feature",
      "geometry": {
        "type": "Point",
        "coordinates": [
          -90.1005945,
          29.926536666666667
        ]
      },
      "properties": {
        "id": 81934,
        "obstruction": "Company Vehicle",
        "imageUrl": "https://feed.bikelaneuprising.com/nc/uploads/photos/15a2a617-8ac7-4cb8-91a0-005b884fc146_3U28F.jpg",
        "cityKey": "new-orleans-la",
        "cityLabel": "New Orleans, LA",
        "date": "2024-10-19 00:00:00",
        "location": "VALID"
      }
    },
    {
      "type": "Feature",
      "geometry": {
        "type": "Point",
        "coordinates": [
          -90.09448883333333,
          29.927141666666667
        ]
      },
      "properties": {
        "id": 81935,
        "obstruction": "Taxi / Uber / Livery / Lyft",
        "imageUrl": "https://feed.bikelaneuprising.com/nc/uploads/photos/733ede87-4c99-4033-8f70-135c1d605d37_gW8bh.jpg",
        "cityKey": "new-orleans-la",
        "cityLabel": "New Orleans, LA",
        "date": "2024-10-19 00:00:00",
        "location": "VALID"
      }
    },
    {
      "type": "Feature",
      "geometry": {
        "type": "Point",
        "coordinates": [
          -90.05645848810673,
          29.965598424769738
        ]
      },
      "properties": {
        "id": 81949,
        "obstruction": "Private Owner Vehicle",
        "imageUrl": "https://feed.bikelaneuprising.com/nc/uploads/photos/39972ec3-6cf3-4f0e-8b91-c3818c7a83c1_oEMET.jpg",
        "cityKey": "new-orleans-la",
        "cityLabel": "New Orleans, LA",
        "date": "2024-10-20 00:00:00",
        "location": "VALID"
      }
    },
    {
      "type": "Feature",
      "geometry": {
        "type": "Point",
        "coordinates": [
          -90.05605,
          29.96835
        ]
      },
      "properties": {
        "id": 81964,
        "obstruction": "Company Vehicle",
        "imageUrl": "https://feed.bikelaneuprising.com/nc/uploads/photos/019c6150-2b50-4712-8e62-18f139b73a23_TJTnW.jpg",
        "cityKey": "new-orleans-la",
        "cityLabel": "New Orleans, LA",
        "date": "2024-10-21 00:00:00",
        "location": "VALID"
      }
    },
    {
      "type": "Feature",
      "geometry": {
        "type": "Point",
        "coordinates": [
          -90.10141116666667,
          29.977771666666666
        ]
      },
      "properties": {
        "id": 82110,
        "obstruction": "Company Vehicle",
        "imageUrl": "https://feed.bikelaneuprising.com/nc/uploads/photos/9ebcfb42-6842-4a8a-b04f-699292953e53_CMefs.jpg",
        "cityKey": "new-orleans-la",
        "cityLabel": "New Orleans, LA",
        "date": "2024-10-24 00:00:00",
        "location": "VALID"
      }
    },
    {
      "type": "Feature",
      "geometry": {
        "type": "Point",
        "coordinates": [
          -90.0621,
          29.95771
        ]
      },
      "properties": {
        "id": 82384,
        "obstruction": "Company Vehicle",
        "imageUrl": "https://feed.bikelaneuprising.com/nc/uploads/photos/74f8db37-242b-46de-ab84-f3834603639a_B85su.jpg",
        "cityKey": "new-orleans-la",
        "cityLabel": "New Orleans, LA",
        "date": "2024-11-01 00:00:00",
        "location": "VALID"
      }
    },
    {
      "type": "Feature",
      "geometry": {
        "type": "Point",
        "coordinates": [
          -90.10652783333333,
          29.974353333333333
        ]
      },
      "properties": {
        "id": 82470,
        "obstruction": "Taxi / Uber / Livery / Lyft",
        "imageUrl": "https://feed.bikelaneuprising.com/nc/uploads/photos/48e48ac4-9bfd-44c6-98e2-ab327e411fac_r6azg.jpg",
        "cityKey": "new-orleans-la",
        "cityLabel": "New Orleans, LA",
        "date": "2024-11-03 00:00:00",
        "location": "VALID"
      }
    },
    {
      "type": "Feature",
      "geometry": {
        "type": "Point",
        "coordinates": [
          -90.05464,
          29.97858
        ]
      },
      "properties": {
        "id": 82472,
        "obstruction": "Private Owner Vehicle",
        "imageUrl": "https://feed.bikelaneuprising.com/nc/uploads/photos/a17eb89c-c7f4-411b-84d6-cc081c9a45a3_v2f1h.jpg",
        "cityKey": "new-orleans-la",
        "cityLabel": "New Orleans, LA",
        "date": "2024-11-03 00:00:00",
        "location": "VALID"
      }
    },
    {
      "type": "Feature",
      "geometry": {
        "type": "Point",
        "coordinates": [
          -90.0693805,
          29.949128333333334
        ]
      },
      "properties": {
        "id": 82487,
        "obstruction": "Private Owner Vehicle",
        "imageUrl": "https://feed.bikelaneuprising.com/nc/uploads/photos/2b49919c-2713-4ff5-9028-c244f41d9252_KPsPv.jpg",
        "cityKey": "new-orleans-la",
        "cityLabel": "New Orleans, LA",
        "date": "2024-11-03 00:00:00",
        "location": "VALID"
      }
    },
    {
      "type": "Feature",
      "geometry": {
        "type": "Point",
        "coordinates": [
          -90.07547783333334,
          29.974153333333334
        ]
      },
      "properties": {
        "id": 82635,
        "obstruction": "Private Owner Vehicle",
        "imageUrl": "https://feed.bikelaneuprising.com/nc/uploads/photos/89d01e92-fa79-42aa-8dc4-0160aca34cf8_-1IUG.jpg",
        "cityKey": "new-orleans-la",
        "cityLabel": "New Orleans, LA",
        "date": "2024-11-08 00:00:00",
        "location": "VALID"
      }
    },
    {
      "type": "Feature",
      "geometry": {
        "type": "Point",
        "coordinates": [
          -90.0880195,
          29.982755
        ]
      },
      "properties": {
        "id": 82636,
        "obstruction": "Private Owner Vehicle",
        "imageUrl": "https://feed.bikelaneuprising.com/nc/uploads/photos/623781ab-504b-4943-98b0-1250e0e4b6ae_UcjVs.jpg",
        "cityKey": "new-orleans-la",
        "cityLabel": "New Orleans, LA",
        "date": "2024-11-06 00:00:00",
        "location": "VALID"
      }
    },
    {
      "type": "Feature",
      "geometry": {
        "type": "Point",
        "coordinates": [
          -90.08808883333333,
          29.982808333333335
        ]
      },
      "properties": {
        "id": 82637,
        "obstruction": "Private Owner Vehicle",
        "imageUrl": "https://feed.bikelaneuprising.com/nc/uploads/photos/1a345404-214b-4be9-ab46-2747e9dc6832_7Awr9.jpg",
        "cityKey": "new-orleans-la",
        "cityLabel": "New Orleans, LA",
        "date": "2024-11-06 00:00:00",
        "location": "VALID"
      }
    },
    {
      "type": "Feature",
      "geometry": {
        "type": "Point",
        "coordinates": [
          -90.08815,
          29.982853333333335
        ]
      },
      "properties": {
        "id": 82638,
        "obstruction": "Private Owner Vehicle",
        "imageUrl": "https://feed.bikelaneuprising.com/nc/uploads/photos/9e1ffee5-486a-458f-a9bb-20c5bda0bfbb_htAb1.jpg",
        "cityKey": "new-orleans-la",
        "cityLabel": "New Orleans, LA",
        "date": "2024-11-06 00:00:00",
        "location": "VALID"
      }
    },
    {
      "type": "Feature",
      "geometry": {
        "type": "Point",
        "coordinates": [
          -90.08818049999999,
          29.982871666666668
        ]
      },
      "properties": {
        "id": 82639,
        "obstruction": "Private Owner Vehicle",
        "imageUrl": "https://feed.bikelaneuprising.com/nc/uploads/photos/9d46b2ca-46d5-4f6d-9996-5222401f0a1c_cC4uy.jpg",
        "cityKey": "new-orleans-la",
        "cityLabel": "New Orleans, LA",
        "date": "2024-11-06 00:00:00",
        "location": "VALID"
      }
    },
    {
      "type": "Feature",
      "geometry": {
        "type": "Point",
        "coordinates": [
          -90.08840283333333,
          29.982991666666667
        ]
      },
      "properties": {
        "id": 82641,
        "obstruction": "Private Owner Vehicle",
        "imageUrl": "https://feed.bikelaneuprising.com/nc/uploads/photos/548410bf-9567-43ea-8a8a-87addd0fd83a_SWsjp.jpg",
        "cityKey": "new-orleans-la",
        "cityLabel": "New Orleans, LA",
        "date": "2024-11-06 00:00:00",
        "location": "VALID"
      }
    },
    {
      "type": "Feature",
      "geometry": {
        "type": "Point",
        "coordinates": [
          -90.05673333333333,
          29.964545
        ]
      },
      "properties": {
        "id": 82642,
        "obstruction": "Taxi / Uber / Livery / Lyft",
        "imageUrl": "https://feed.bikelaneuprising.com/nc/uploads/photos/7e06d34e-6899-457b-a852-482bcf3c39ab_ALxJC.jpg",
        "cityKey": "new-orleans-la",
        "cityLabel": "New Orleans, LA",
        "date": "2024-11-02 00:00:00",
        "location": "VALID"
      }
    },
    {
      "type": "Feature",
      "geometry": {
        "type": "Point",
        "coordinates": [
          -90.096,
          29.927063333333333
        ]
      },
      "properties": {
        "id": 82643,
        "obstruction": "Taxi / Uber / Livery / Lyft",
        "imageUrl": "https://feed.bikelaneuprising.com/nc/uploads/photos/ef873f7b-fd43-4383-82c2-49eeb24c22b2_xwg9G.jpg",
        "cityKey": "new-orleans-la",
        "cityLabel": "New Orleans, LA",
        "date": "2024-11-01 00:00:00",
        "location": "VALID"
      }
    },
    {
      "type": "Feature",
      "geometry": {
        "type": "Point",
        "coordinates": [
          -90.05628333333334,
          29.963588333333334
        ]
      },
      "properties": {
        "id": 82644,
        "obstruction": "Construction",
        "imageUrl": "https://feed.bikelaneuprising.com/nc/uploads/photos/1a898c40-265e-4f81-a994-2f66dd87dd93_DH00T.jpg",
        "cityKey": "new-orleans-la",
        "cityLabel": "New Orleans, LA",
        "date": "2024-10-30 00:00:00",
        "location": "VALID"
      }
    },
    {
      "type": "Feature",
      "geometry": {
        "type": "Point",
        "coordinates": [
          -90.05638883333333,
          29.963678333333334
        ]
      },
      "properties": {
        "id": 82646,
        "obstruction": "Construction",
        "imageUrl": "https://feed.bikelaneuprising.com/nc/uploads/photos/05c785cf-fea2-4b07-a107-4d82bba7c35d_eGy0x.jpg",
        "cityKey": "new-orleans-la",
        "cityLabel": "New Orleans, LA",
        "date": "2024-10-24 00:00:00",
        "location": "VALID"
      }
    },
    {
      "type": "Feature",
      "geometry": {
        "type": "Point",
        "coordinates": [
          -90.05631383333333,
          29.963225
        ]
      },
      "properties": {
        "id": 82647,
        "obstruction": "Construction",
        "imageUrl": "https://feed.bikelaneuprising.com/nc/uploads/photos/3cc32f8c-e13f-4a07-9931-3c29053be7d0_Icqnw.jpg",
        "cityKey": "new-orleans-la",
        "cityLabel": "New Orleans, LA",
        "date": "2024-10-22 00:00:00",
        "location": "VALID"
      }
    },
    {
      "type": "Feature",
      "geometry": {
        "type": "Point",
        "coordinates": [
          -90.05625833333333,
          29.963546666666666
        ]
      },
      "properties": {
        "id": 82648,
        "obstruction": "Construction",
        "imageUrl": "https://feed.bikelaneuprising.com/nc/uploads/photos/589b1694-c505-44ed-95ab-30c3656ff61d_TPZE7.jpg",
        "cityKey": "new-orleans-la",
        "cityLabel": "New Orleans, LA",
        "date": "2024-10-22 00:00:00",
        "location": "VALID"
      }
    },
    {
      "type": "Feature",
      "geometry": {
        "type": "Point",
        "coordinates": [
          -90.06504491682983,
          29.964376023236085
        ]
      },
      "properties": {
        "id": 82650,
        "obstruction": "Private Owner Vehicle",
        "imageUrl": "https://feed.bikelaneuprising.com/nc/uploads/photos/e24f5370-2065-452d-8c9d-5aada19e1194_D3X8R.jpg",
        "cityKey": "new-orleans-la",
        "cityLabel": "New Orleans, LA",
        "date": "2024-10-29 00:00:00",
        "location": "VALID"
      }
    },
    {
      "type": "Feature",
      "geometry": {
        "type": "Point",
        "coordinates": [
          -90.07546116666667,
          30.02091666666667
        ]
      },
      "properties": {
        "id": 82657,
        "obstruction": "Company Vehicle",
        "imageUrl": "https://feed.bikelaneuprising.com/nc/uploads/photos/2807619b-0d19-4a96-b27c-2838d670f424_qGyUz.jpg",
        "cityKey": "new-orleans-la",
        "cityLabel": "New Orleans, LA",
        "date": "2024-11-07 00:00:00",
        "location": "VALID"
      }
    },
    {
      "type": "Feature",
      "geometry": {
        "type": "Point",
        "coordinates": [
          -90.08007783333333,
          30.020802833333335
        ]
      },
      "properties": {
        "id": 82658,
        "obstruction": "Company Vehicle",
        "imageUrl": "https://feed.bikelaneuprising.com/nc/uploads/photos/f517b808-0ab9-4a90-97bb-8fefee810a12_zQB7s.jpg",
        "cityKey": "new-orleans-la",
        "cityLabel": "New Orleans, LA",
        "date": "2024-11-07 00:00:00",
        "location": "VALID"
      }
    },
    {
      "type": "Feature",
      "geometry": {
        "type": "Point",
        "coordinates": [
          -90.10536116666667,
          29.955988333333334
        ]
      },
      "properties": {
        "id": 82806,
        "obstruction": "Private Owner Vehicle",
        "imageUrl": "https://feed.bikelaneuprising.com/nc/uploads/photos/c579d7c4-692e-4aa6-892b-40128462a55d_MJSa7.jpg",
        "cityKey": "new-orleans-la",
        "cityLabel": "New Orleans, LA",
        "date": "2024-11-12 00:00:00",
        "location": "VALID"
      }
    },
    {
      "type": "Feature",
      "geometry": {
        "type": "Point",
        "coordinates": [
          -90.071725,
          29.952146666666668
        ]
      },
      "properties": {
        "id": 83075,
        "obstruction": "Private Owner Vehicle",
        "imageUrl": "https://feed.bikelaneuprising.com/nc/uploads/photos/8352b60c-5421-4c0f-a0e9-907dd5cf2887_s91kC.jpg",
        "cityKey": "new-orleans-la",
        "cityLabel": "New Orleans, LA",
        "date": "2024-11-17 00:00:00",
        "location": "VALID"
      }
    },
    {
      "type": "Feature",
      "geometry": {
        "type": "Point",
        "coordinates": [
          -90.0734555,
          29.94888
        ]
      },
      "properties": {
        "id": 83076,
        "obstruction": "Private Owner Vehicle",
        "imageUrl": "https://feed.bikelaneuprising.com/nc/uploads/photos/4cfbdabf-e598-4e93-a275-0cc7dec97217_hdVsA.jpg",
        "cityKey": "new-orleans-la",
        "cityLabel": "New Orleans, LA",
        "date": "2024-11-17 00:00:00",
        "location": "VALID"
      }
    },
    {
      "type": "Feature",
      "geometry": {
        "type": "Point",
        "coordinates": [
          -90.0727,
          29.951386666666668
        ]
      },
      "properties": {
        "id": 83077,
        "obstruction": "Private Owner Vehicle",
        "imageUrl": "https://feed.bikelaneuprising.com/nc/uploads/photos/3b34a9ff-35ad-4103-89b7-582790f6c771_vVJXL.jpg",
        "cityKey": "new-orleans-la",
        "cityLabel": "New Orleans, LA",
        "date": "2024-11-17 00:00:00",
        "location": "VALID"
      }
    },
    {
      "type": "Feature",
      "geometry": {
        "type": "Point",
        "coordinates": [
          -90.07330283333333,
          29.949363333333334
        ]
      },
      "properties": {
        "id": 83078,
        "obstruction": "Private Owner Vehicle",
        "imageUrl": "https://feed.bikelaneuprising.com/nc/uploads/photos/efd2c6ef-7a33-4fe3-a14f-c8e3c9fb0f80_oX4g6.jpg",
        "cityKey": "new-orleans-la",
        "cityLabel": "New Orleans, LA",
        "date": "2024-11-17 00:00:00",
        "location": "VALID"
      }
    },
    {
      "type": "Feature",
      "geometry": {
        "type": "Point",
        "coordinates": [
          -90.0742805,
          29.946021666666667
        ]
      },
      "properties": {
        "id": 83079,
        "obstruction": "Taxi / Uber / Livery / Lyft",
        "imageUrl": "https://feed.bikelaneuprising.com/nc/uploads/photos/341f84ff-b13c-408d-947e-b9abfc3655c6_ytoFd.jpg",
        "cityKey": "new-orleans-la",
        "cityLabel": "New Orleans, LA",
        "date": "2024-11-17 00:00:00",
        "location": "VALID"
      }
    },
    {
      "type": "Feature",
      "geometry": {
        "type": "Point",
        "coordinates": [
          -90.07328883333334,
          29.949436666666667
        ]
      },
      "properties": {
        "id": 83080,
        "obstruction": "Private Owner Vehicle",
        "imageUrl": "https://feed.bikelaneuprising.com/nc/uploads/photos/04dd8b61-aee4-44f7-8ae9-9a80106c2124_YO7gZ.jpg",
        "cityKey": "new-orleans-la",
        "cityLabel": "New Orleans, LA",
        "date": "2024-11-17 00:00:00",
        "location": "VALID"
      }
    },
    {
      "type": "Feature",
      "geometry": {
        "type": "Point",
        "coordinates": [
          -90.07633,
          29.95013
        ]
      },
      "properties": {
        "id": 83100,
        "obstruction": "Private Owner Vehicle",
        "imageUrl": "https://feed.bikelaneuprising.com/nc/uploads/photos/71d985b7-a833-4a0f-81a3-2c4cc00c0e45_wIM6e.jpg",
        "cityKey": "new-orleans-la",
        "cityLabel": "New Orleans, LA",
        "date": "2024-11-18 00:00:00",
        "location": "VALID"
      }
    },
    {
      "type": "Feature",
      "geometry": {
        "type": "Point",
        "coordinates": [
          -90.06902,
          29.96022
        ]
      },
      "properties": {
        "id": 83264,
        "obstruction": "Municipal (city) Vehicle - includes USPS",
        "imageUrl": "https://feed.bikelaneuprising.com/nc/uploads/photos/be4d9fa1-c9b1-4be3-9d33-c94c459e32c0_PWSfA.jpg",
        "cityKey": "new-orleans-la",
        "cityLabel": "New Orleans, LA",
        "date": "2024-11-22 00:00:00",
        "location": "VALID"
      }
    },
    {
      "type": "Feature",
      "geometry": {
        "type": "Point",
        "coordinates": [
          -90.05605,
          29.96835
        ]
      },
      "properties": {
        "id": 83301,
        "obstruction": "Private Owner Vehicle",
        "imageUrl": "https://feed.bikelaneuprising.com/nc/uploads/photos/8039c8a9-8056-4898-bea7-faed444ec85b_jOBRT.jpg",
        "cityKey": "new-orleans-la",
        "cityLabel": "New Orleans, LA",
        "date": "2024-11-23 00:00:00",
        "location": "VALID"
      }
    },
    {
      "type": "Feature",
      "geometry": null,
      "properties": {
        "id": 83302,
        "obstruction": "Private Owner Vehicle",
        "imageUrl": "",
        "cityKey": "new-orleans-la",
        "cityLabel": "New Orleans, LA",
        "date": "2024-11-23 00:00:00",
        "location": "INVALID"
      }
    },
    {
      "type": "Feature",
      "geometry": {
        "type": "Point",
        "coordinates": [
          -90.07293616666666,
          29.950655
        ]
      },
      "properties": {
        "id": 83331,
        "obstruction": "Construction",
        "imageUrl": "https://feed.bikelaneuprising.com/nc/uploads/photos/6be88eca-c39f-40c6-89a3-bb8773e938f2_Q-orf.jpg",
        "cityKey": "new-orleans-la",
        "cityLabel": "New Orleans, LA",
        "date": "2024-11-23 00:00:00",
        "location": "VALID"
      }
    },
    {
      "type": "Feature",
      "geometry": {
        "type": "Point",
        "coordinates": [
          -90.0731805,
          29.949753333333334
        ]
      },
      "properties": {
        "id": 83332,
        "obstruction": "Company Vehicle",
        "imageUrl": "https://feed.bikelaneuprising.com/nc/uploads/photos/c7c21903-3403-4736-81a1-727c86fc47de_o27dK.jpg",
        "cityKey": "new-orleans-la",
        "cityLabel": "New Orleans, LA",
        "date": "2024-11-23 00:00:00",
        "location": "VALID"
      }
    },
    {
      "type": "Feature",
      "geometry": {
        "type": "Point",
        "coordinates": [
          -90.07315,
          29.949875
        ]
      },
      "properties": {
        "id": 83333,
        "obstruction": "Private Owner Vehicle",
        "imageUrl": "https://feed.bikelaneuprising.com/nc/uploads/photos/45729135-8779-4cf7-8424-9bbc4250dc28_dkXMc.jpg",
        "cityKey": "new-orleans-la",
        "cityLabel": "New Orleans, LA",
        "date": "2024-11-23 00:00:00",
        "location": "VALID"
      }
    },
    {
      "type": "Feature",
      "geometry": {
        "type": "Point",
        "coordinates": [
          -90.07450833333333,
          29.945378333333334
        ]
      },
      "properties": {
        "id": 83334,
        "obstruction": "Company Vehicle",
        "imageUrl": "https://feed.bikelaneuprising.com/nc/uploads/photos/d651658a-9114-45dc-9403-6e4b4342cf58_jsUo2.jpg",
        "cityKey": "new-orleans-la",
        "cityLabel": "New Orleans, LA",
        "date": "2024-11-23 00:00:00",
        "location": "VALID"
      }
    },
    {
      "type": "Feature",
      "geometry": {
        "type": "Point",
        "coordinates": [
          -90.09855,
          29.927045
        ]
      },
      "properties": {
        "id": 83335,
        "obstruction": "Municipal (city) Vehicle - includes USPS",
        "imageUrl": "https://feed.bikelaneuprising.com/nc/uploads/photos/6d0f46a7-127a-4c3a-abcd-65ede581d1b0_qA74z.jpg",
        "cityKey": "new-orleans-la",
        "cityLabel": "New Orleans, LA",
        "date": "2024-11-23 00:00:00",
        "location": "VALID"
      }
    },
    {
      "type": "Feature",
      "geometry": {
        "type": "Point",
        "coordinates": [
          -90.07633,
          29.95013
        ]
      },
      "properties": {
        "id": 83336,
        "obstruction": "Private Owner Vehicle",
        "imageUrl": "https://feed.bikelaneuprising.com/nc/uploads/photos/54109bf4-2ad8-4dee-ac84-d3254c0774d7_fIoZ8.jpg",
        "cityKey": "new-orleans-la",
        "cityLabel": "New Orleans, LA",
        "date": "2024-11-24 00:00:00",
        "location": "VALID"
      }
    },
    {
      "type": "Feature",
      "geometry": {
        "type": "Point",
        "coordinates": [
          -90.00664944359553,
          29.923700830663172
        ]
      },
      "properties": {
        "id": 83337,
        "obstruction": "Private Owner Vehicle",
        "imageUrl": "https://feed.bikelaneuprising.com/nc/uploads/photos/8489d5_f060b00dceba4696a576122e71113fb9_mv2_VvUpp.jpg",
        "cityKey": "new-orleans-la",
        "cityLabel": "New Orleans, LA",
        "date": "2024-11-23 00:00:00",
        "location": "VALID"
      }
    },
    {
      "type": "Feature",
      "geometry": {
        "type": "Point",
        "coordinates": [
          -90.05687783333333,
          29.962855
        ]
      },
      "properties": {
        "id": 83374,
        "obstruction": "Private Owner Vehicle",
        "imageUrl": "https://feed.bikelaneuprising.com/nc/uploads/photos/e3fbdb9a-2029-45eb-a468-38345f754e79__TbsQ.jpg",
        "cityKey": "new-orleans-la",
        "cityLabel": "New Orleans, LA",
        "date": "2024-11-25 00:00:00",
        "location": "VALID"
      }
    },
    {
      "type": "Feature",
      "geometry": {
        "type": "Point",
        "coordinates": [
          -90.05605,
          29.96835
        ]
      },
      "properties": {
        "id": 83405,
        "obstruction": "Private Owner Vehicle",
        "imageUrl": "https://feed.bikelaneuprising.com/nc/uploads/photos/5676defd-aa33-4cbf-b8e9-03f5b4e482a6_6FQtP.jpg",
        "cityKey": "new-orleans-la",
        "cityLabel": "New Orleans, LA",
        "date": "2024-11-25 00:00:00",
        "location": "VALID"
      }
    },
    {
      "type": "Feature",
      "geometry": {
        "type": "Point",
        "coordinates": [
          -90.07322,
          29.98951
        ]
      },
      "properties": {
        "id": 83437,
        "obstruction": "Private Owner Vehicle",
        "imageUrl": "https://feed.bikelaneuprising.com/nc/uploads/photos/afe76989-ae32-48d8-850a-4f9be4b71350_5Vs1O.jpg",
        "cityKey": "new-orleans-la",
        "cityLabel": "New Orleans, LA",
        "date": "2024-11-26 00:00:00",
        "location": "VALID"
      }
    },
    {
      "type": "Feature",
      "geometry": {
        "type": "Point",
        "coordinates": [
          -90.07842216666667,
          29.976111666666668
        ]
      },
      "properties": {
        "id": 83452,
        "obstruction": "Private Owner Vehicle",
        "imageUrl": "https://feed.bikelaneuprising.com/nc/uploads/photos/4ebc60d3-e4b1-4997-80fe-d0a49417f244_QEH93.jpg",
        "cityKey": "new-orleans-la",
        "cityLabel": "New Orleans, LA",
        "date": "2024-11-26 00:00:00",
        "location": "VALID"
      }
    },
    {
      "type": "Feature",
      "geometry": {
        "type": "Point",
        "coordinates": [
          -90.10228616666667,
          29.978436666666667
        ]
      },
      "properties": {
        "id": 83453,
        "obstruction": "Construction",
        "imageUrl": "https://feed.bikelaneuprising.com/nc/uploads/photos/e061d63a-8815-43ca-bea4-6fbc7e04109e_JpPuB.jpg",
        "cityKey": "new-orleans-la",
        "cityLabel": "New Orleans, LA",
        "date": "2024-11-26 00:00:00",
        "location": "VALID"
      }
    },
    {
      "type": "Feature",
      "geometry": {
        "type": "Point",
        "coordinates": [
          -90.06831,
          29.97785
        ]
      },
      "properties": {
        "id": 83459,
        "obstruction": "Private Owner Vehicle",
        "imageUrl": "https://feed.bikelaneuprising.com/nc/uploads/photos/86a236f9-eb92-4ec0-af7f-d599d0daefd6_85PmI.jpg",
        "cityKey": "new-orleans-la",
        "cityLabel": "New Orleans, LA",
        "date": "2024-11-27 00:00:00",
        "location": "VALID"
      }
    },
    {
      "type": "Feature",
      "geometry": {
        "type": "Point",
        "coordinates": [
          -90.0687,
          29.97752
        ]
      },
      "properties": {
        "id": 83460,
        "obstruction": "Municipal (city) Vehicle - includes USPS",
        "imageUrl": "https://feed.bikelaneuprising.com/nc/uploads/photos/20a53db4-12ca-481c-9e3a-df42ca73c828_Wx1OE.jpg",
        "cityKey": "new-orleans-la",
        "cityLabel": "New Orleans, LA",
        "date": "2024-11-27 00:00:00",
        "location": "VALID"
      }
    },
    {
      "type": "Feature",
      "geometry": {
        "type": "Point",
        "coordinates": [
          -90.05684,
          29.97864
        ]
      },
      "properties": {
        "id": 83461,
        "obstruction": "Private Owner Vehicle",
        "imageUrl": "https://feed.bikelaneuprising.com/nc/uploads/photos/d3a7c0f5-5420-4aba-82ba-11566a70f87e_-C2OC.jpg",
        "cityKey": "new-orleans-la",
        "cityLabel": "New Orleans, LA",
        "date": "2024-11-27 00:00:00",
        "location": "VALID"
      }
    },
    {
      "type": "Feature",
      "geometry": {
        "type": "Point",
        "coordinates": [
          -90.05689166666667,
          29.967513333333333
        ]
      },
      "properties": {
        "id": 83506,
        "obstruction": "Taxi / Uber / Livery / Lyft",
        "imageUrl": "https://feed.bikelaneuprising.com/nc/uploads/photos/3aea1e0b-e8b3-4b38-bb13-7a68af63ba0e_-5mrN.jpg",
        "cityKey": "new-orleans-la",
        "cityLabel": "New Orleans, LA",
        "date": "2024-11-30 00:00:00",
        "location": "VALID"
      }
    },
    {
      "type": "Feature",
      "geometry": {
        "type": "Point",
        "coordinates": [
          -90.101325,
          29.977696666666667
        ]
      },
      "properties": {
        "id": 83708,
        "obstruction": "Company Vehicle",
        "imageUrl": "https://feed.bikelaneuprising.com/nc/uploads/photos/bfbe75d7-8182-474a-a6b2-053a03ab31e7_S-vE9.jpg",
        "cityKey": "new-orleans-la",
        "cityLabel": "New Orleans, LA",
        "date": "2024-12-05 00:00:00",
        "location": "VALID"
      }
    },
    {
      "type": "Feature",
      "geometry": {
        "type": "Point",
        "coordinates": [
          -90.07531388888889,
          29.946627777777778
        ]
      },
      "properties": {
        "id": 83742,
        "obstruction": "Company Vehicle",
        "imageUrl": "https://feed.bikelaneuprising.com/nc/uploads/photos/e609dda5-ac9e-4142-a11e-2f17d2313b45_5lvKT.jpg",
        "cityKey": "new-orleans-la",
        "cityLabel": "New Orleans, LA",
        "date": "2024-12-06 00:00:00",
        "location": "VALID"
      }
    },
    {
      "type": "Feature",
      "geometry": {
        "type": "Point",
        "coordinates": [
          -90.056375,
          29.961566666666666
        ]
      },
      "properties": {
        "id": 83760,
        "obstruction": "Construction",
        "imageUrl": "https://feed.bikelaneuprising.com/nc/uploads/photos/a0f7a85e-0c03-4c4c-80dd-e0824ef15b9d_Rvx2h.jpg",
        "cityKey": "new-orleans-la",
        "cityLabel": "New Orleans, LA",
        "date": "2024-11-26 00:00:00",
        "location": "VALID"
      }
    },
    {
      "type": "Feature",
      "geometry": {
        "type": "Point",
        "coordinates": [
          -90.056175,
          29.962188333333334
        ]
      },
      "properties": {
        "id": 83766,
        "obstruction": "Construction",
        "imageUrl": "https://feed.bikelaneuprising.com/nc/uploads/photos/4830446f-a2bf-40d1-ac20-4eaf1b6a1bfc_nv8Y6.jpg",
        "cityKey": "new-orleans-la",
        "cityLabel": "New Orleans, LA",
        "date": "2024-11-26 00:00:00",
        "location": "VALID"
      }
    },
    {
      "type": "Feature",
      "geometry": {
        "type": "Point",
        "coordinates": [
          -90.05622216666667,
          29.963146666666667
        ]
      },
      "properties": {
        "id": 83767,
        "obstruction": "Other  (damaged lane / snow / debris / pedestrian / etc.)",
        "imageUrl": "https://feed.bikelaneuprising.com/nc/uploads/photos/591714ba-782e-4ae4-ad05-b504c5aed28b_8eCkk.jpg",
        "cityKey": "new-orleans-la",
        "cityLabel": "New Orleans, LA",
        "date": "2024-11-26 00:00:00",
        "location": "VALID"
      }
    },
    {
      "type": "Feature",
      "geometry": {
        "type": "Point",
        "coordinates": [
          -90.0774695,
          29.930396666666667
        ]
      },
      "properties": {
        "id": 83769,
        "obstruction": "Private Owner Vehicle",
        "imageUrl": "https://feed.bikelaneuprising.com/nc/uploads/photos/cc36058f-b1e5-4eb3-9fb2-e637371f7836_qkanD.jpg",
        "cityKey": "new-orleans-la",
        "cityLabel": "New Orleans, LA",
        "date": "2024-11-26 00:00:00",
        "location": "VALID"
      }
    },
    {
      "type": "Feature",
      "geometry": {
        "type": "Point",
        "coordinates": [
          -90.0773695,
          29.93042
        ]
      },
      "properties": {
        "id": 83770,
        "obstruction": "Private Owner Vehicle",
        "imageUrl": "https://feed.bikelaneuprising.com/nc/uploads/photos/fd78ff03-9fe6-4886-a7a6-a91cc44b769b_InyOs.jpg",
        "cityKey": "new-orleans-la",
        "cityLabel": "New Orleans, LA",
        "date": "2024-11-26 00:00:00",
        "location": "VALID"
      }
    },
    {
      "type": "Feature",
      "geometry": {
        "type": "Point",
        "coordinates": [
          -90.07756116666667,
          29.930613333333334
        ]
      },
      "properties": {
        "id": 83771,
        "obstruction": "Private Owner Vehicle",
        "imageUrl": "https://feed.bikelaneuprising.com/nc/uploads/photos/bebfe389-eab1-4ccb-bfff-45bab7199493_sRaqS.jpg",
        "cityKey": "new-orleans-la",
        "cityLabel": "New Orleans, LA",
        "date": "2024-11-26 00:00:00",
        "location": "VALID"
      }
    },
    {
      "type": "Feature",
      "geometry": {
        "type": "Point",
        "coordinates": [
          -90.07762216666667,
          29.930671666666665
        ]
      },
      "properties": {
        "id": 83772,
        "obstruction": "Private Owner Vehicle",
        "imageUrl": "https://feed.bikelaneuprising.com/nc/uploads/photos/05f76d7c-36e4-4367-83a1-cab96a7927a7_5pkMj.jpg",
        "cityKey": "new-orleans-la",
        "cityLabel": "New Orleans, LA",
        "date": "2024-11-26 00:00:00",
        "location": "VALID"
      }
    },
    {
      "type": "Feature",
      "geometry": {
        "type": "Point",
        "coordinates": [
          -90.07775833333334,
          29.930895
        ]
      },
      "properties": {
        "id": 83773,
        "obstruction": "Private Owner Vehicle",
        "imageUrl": "https://feed.bikelaneuprising.com/nc/uploads/photos/2faa8eff-8ef9-4d44-9160-28c8ab2fd7af_c1izk.jpg",
        "cityKey": "new-orleans-la",
        "cityLabel": "New Orleans, LA",
        "date": "2024-11-26 00:00:00",
        "location": "VALID"
      }
    },
    {
      "type": "Feature",
      "geometry": {
        "type": "Point",
        "coordinates": [
          -90.0779805,
          29.931146666666667
        ]
      },
      "properties": {
        "id": 83774,
        "obstruction": "Private Owner Vehicle",
        "imageUrl": "https://feed.bikelaneuprising.com/nc/uploads/photos/c9e6183d-125e-40d9-bfcf-dd5323d51229_izX8Y.jpg",
        "cityKey": "new-orleans-la",
        "cityLabel": "New Orleans, LA",
        "date": "2024-11-26 00:00:00",
        "location": "VALID"
      }
    },
    {
      "type": "Feature",
      "geometry": {
        "type": "Point",
        "coordinates": [
          -90.07803333333334,
          29.931213333333332
        ]
      },
      "properties": {
        "id": 83775,
        "obstruction": "Private Owner Vehicle",
        "imageUrl": "https://feed.bikelaneuprising.com/nc/uploads/photos/d7f2188b-dfbf-4549-bbd6-682f9360a575_rG9QJ.jpg",
        "cityKey": "new-orleans-la",
        "cityLabel": "New Orleans, LA",
        "date": "2024-11-26 00:00:00",
        "location": "VALID"
      }
    },
    {
      "type": "Feature",
      "geometry": {
        "type": "Point",
        "coordinates": [
          -90.07806383333333,
          29.931246666666667
        ]
      },
      "properties": {
        "id": 83776,
        "obstruction": "Private Owner Vehicle",
        "imageUrl": "https://feed.bikelaneuprising.com/nc/uploads/photos/6088351c-7717-454c-bc5c-0c787e7a6361_3qYuf.jpg",
        "cityKey": "new-orleans-la",
        "cityLabel": "New Orleans, LA",
        "date": "2024-11-26 00:00:00",
        "location": "VALID"
      }
    },
    {
      "type": "Feature",
      "geometry": {
        "type": "Point",
        "coordinates": [
          -90.078125,
          29.931305000000002
        ]
      },
      "properties": {
        "id": 83777,
        "obstruction": "Private Owner Vehicle",
        "imageUrl": "https://feed.bikelaneuprising.com/nc/uploads/photos/3fea569a-c9f3-4c25-bd66-abcdbc584e8f_kd2ux.jpg",
        "cityKey": "new-orleans-la",
        "cityLabel": "New Orleans, LA",
        "date": "2024-11-26 00:00:00",
        "location": "VALID"
      }
    },
    {
      "type": "Feature",
      "geometry": {
        "type": "Point",
        "coordinates": [
          -90.0737,
          29.948853333333332
        ]
      },
      "properties": {
        "id": 83778,
        "obstruction": "Taxi / Uber / Livery / Lyft",
        "imageUrl": "https://feed.bikelaneuprising.com/nc/uploads/photos/3c6af521-14b9-47f5-abc0-3447d5f8927d_xOX4c.jpg",
        "cityKey": "new-orleans-la",
        "cityLabel": "New Orleans, LA",
        "date": "2024-11-17 00:00:00",
        "location": "VALID"
      }
    },
    {
      "type": "Feature",
      "geometry": {
        "type": "Point",
        "coordinates": [
          -90.07246383333333,
          29.952183333333334
        ]
      },
      "properties": {
        "id": 83779,
        "obstruction": "Taxi / Uber / Livery / Lyft",
        "imageUrl": "https://feed.bikelaneuprising.com/nc/uploads/photos/2fe70449-a6fd-4360-ae61-d27c57fa8654_gjyvb.jpg",
        "cityKey": "new-orleans-la",
        "cityLabel": "New Orleans, LA",
        "date": "2024-11-17 00:00:00",
        "location": "VALID"
      }
    },
    {
      "type": "Feature",
      "geometry": {
        "type": "Point",
        "coordinates": [
          -90.07547783333334,
          29.974153333333334
        ]
      },
      "properties": {
        "id": 83780,
        "obstruction": "Private Owner Vehicle",
        "imageUrl": "https://feed.bikelaneuprising.com/nc/uploads/photos/f73390a8-026b-4c4f-bcd5-aff84c4ed450_i-kfs.jpg",
        "cityKey": "new-orleans-la",
        "cityLabel": "New Orleans, LA",
        "date": "2024-11-08 00:00:00",
        "location": "VALID"
      }
    },
    {
      "type": "Feature",
      "geometry": {
        "type": "Point",
        "coordinates": [
          -90.07493339329282,
          29.973813879363583
        ]
      },
      "properties": {
        "id": 83782,
        "obstruction": "Private Owner Vehicle",
        "imageUrl": "https://feed.bikelaneuprising.com/nc/uploads/photos/8f54f97f-897f-4ae1-812a-ccb56645acf5_t_Se8.jpg",
        "cityKey": "new-orleans-la",
        "cityLabel": "New Orleans, LA",
        "date": "2024-11-08 00:00:00",
        "location": "VALID"
      }
    },
    {
      "type": "Feature",
      "geometry": {
        "type": "Point",
        "coordinates": [
          -90.0873555,
          29.98234666666667
        ]
      },
      "properties": {
        "id": 83785,
        "obstruction": "Taxi / Uber / Livery / Lyft",
        "imageUrl": "https://feed.bikelaneuprising.com/nc/uploads/photos/029e5934-03dd-4e51-8adf-20b9a98bcbb6_tv5bO.jpg",
        "cityKey": "new-orleans-la",
        "cityLabel": "New Orleans, LA",
        "date": "2024-12-08 00:00:00",
        "location": "VALID"
      }
    },
    {
      "type": "Feature",
      "geometry": {
        "type": "Point",
        "coordinates": [
          -90.10617783333333,
          29.974213333333335
        ]
      },
      "properties": {
        "id": 84204,
        "obstruction": "Private Owner Vehicle",
        "imageUrl": "https://feed.bikelaneuprising.com/nc/uploads/photos/e795f19a-f6c7-43f2-91fa-b23e3aaf537c_6qKl7.jpg",
        "cityKey": "new-orleans-la",
        "cityLabel": "New Orleans, LA",
        "date": "2024-12-17 00:00:00",
        "location": "VALID"
      }
    },
    {
      "type": "Feature",
      "geometry": {
        "type": "Point",
        "coordinates": [
          -90.073325,
          29.949221666666666
        ]
      },
      "properties": {
        "id": 84266,
        "obstruction": "Company Vehicle",
        "imageUrl": "https://feed.bikelaneuprising.com/nc/uploads/photos/b464b0f6-321a-457e-bb33-e3dd6cac6514_bWODW.jpg",
        "cityKey": "new-orleans-la",
        "cityLabel": "New Orleans, LA",
        "date": "2024-12-21 00:00:00",
        "location": "VALID"
      }
    },
    {
      "type": "Feature",
      "geometry": {
        "type": "Point",
        "coordinates": [
          -90.05605,
          29.96835
        ]
      },
      "properties": {
        "id": 84467,
        "obstruction": "Private Owner Vehicle",
        "imageUrl": "https://feed.bikelaneuprising.com/nc/uploads/photos/0a4a1736-52f3-488a-9ff1-7ab2f2ba6750_h6NWe.jpg",
        "cityKey": "new-orleans-la",
        "cityLabel": "New Orleans, LA",
        "date": "2024-12-28 00:00:00",
        "location": "VALID"
      }
    },
    {
      "type": "Feature",
      "geometry": {
        "type": "Point",
        "coordinates": [
          -90.07068616666666,
          29.961408333333335
        ]
      },
      "properties": {
        "id": 84607,
        "obstruction": "Municipal (city) Vehicle - includes USPS",
        "imageUrl": "https://feed.bikelaneuprising.com/nc/uploads/photos/7b36a11c-62f8-4290-9a41-1c497658039b_h7n6V.jpg",
        "cityKey": "new-orleans-la",
        "cityLabel": "New Orleans, LA",
        "date": "2024-12-31 00:00:00",
        "location": "VALID"
      }
    },
    {
      "type": "Feature",
      "geometry": {
        "type": "Point",
        "coordinates": [
          -90.0736,
          29.94838
        ]
      },
      "properties": {
        "id": 84608,
        "obstruction": "Taxi / Uber / Livery / Lyft",
        "imageUrl": "https://feed.bikelaneuprising.com/nc/uploads/photos/0bace464-b537-4556-9e18-592eb13739bf_lkwwu.jpg",
        "cityKey": "new-orleans-la",
        "cityLabel": "New Orleans, LA",
        "date": "2024-12-31 00:00:00",
        "location": "VALID"
      }
    },
    {
      "type": "Feature",
      "geometry": {
        "type": "Point",
        "coordinates": [
          -90.07347216666666,
          29.948746666666665
        ]
      },
      "properties": {
        "id": 84609,
        "obstruction": "Company Vehicle",
        "imageUrl": "https://feed.bikelaneuprising.com/nc/uploads/photos/06590a36-6a94-4cc6-b500-fc0de262cacb_aO3rp.jpg",
        "cityKey": "new-orleans-la",
        "cityLabel": "New Orleans, LA",
        "date": "2024-12-31 00:00:00",
        "location": "VALID"
      }
    },
    {
      "type": "Feature",
      "geometry": {
        "type": "Point",
        "coordinates": [
          -90.07337216666667,
          29.94907
        ]
      },
      "properties": {
        "id": 84611,
        "obstruction": "Company Vehicle",
        "imageUrl": "https://feed.bikelaneuprising.com/nc/uploads/photos/dafc4f82-456d-4abe-9814-895c8e5362e9_6O4n1.jpg",
        "cityKey": "new-orleans-la",
        "cityLabel": "New Orleans, LA",
        "date": "2024-12-31 00:00:00",
        "location": "VALID"
      }
    },
    {
      "type": "Feature",
      "geometry": {
        "type": "Point",
        "coordinates": [
          -90.07289166666666,
          29.950796666666665
        ]
      },
      "properties": {
        "id": 84613,
        "obstruction": "Private Owner Vehicle",
        "imageUrl": "https://feed.bikelaneuprising.com/nc/uploads/photos/35fcd117-635f-41ac-abf5-be28f636f4d8_hXy46.jpg",
        "cityKey": "new-orleans-la",
        "cityLabel": "New Orleans, LA",
        "date": "2024-12-31 00:00:00",
        "location": "VALID"
      }
    },
    {
      "type": "Feature",
      "geometry": {
        "type": "Point",
        "coordinates": [
          -90.07247216666667,
          29.952061666666665
        ]
      },
      "properties": {
        "id": 84614,
        "obstruction": "Private Owner Vehicle",
        "imageUrl": "https://feed.bikelaneuprising.com/nc/uploads/photos/853ad59c-8145-4c71-9fb6-0ca0289af287_6DM6y.jpg",
        "cityKey": "new-orleans-la",
        "cityLabel": "New Orleans, LA",
        "date": "2024-12-31 00:00:00",
        "location": "VALID"
      }
    },
    {
      "type": "Feature",
      "geometry": {
        "type": "Point",
        "coordinates": [
          -90.0724555,
          29.952178333333332
        ]
      },
      "properties": {
        "id": 84615,
        "obstruction": "Private Owner Vehicle",
        "imageUrl": "https://feed.bikelaneuprising.com/nc/uploads/photos/8f46c6f6-6611-45fa-a2f7-5d122750fb6a_OhnNN.jpg",
        "cityKey": "new-orleans-la",
        "cityLabel": "New Orleans, LA",
        "date": "2024-12-31 00:00:00",
        "location": "VALID"
      }
    },
    {
      "type": "Feature",
      "geometry": {
        "type": "Point",
        "coordinates": [
          -90.07244166666666,
          29.952236666666668
        ]
      },
      "properties": {
        "id": 84616,
        "obstruction": "Private Owner Vehicle",
        "imageUrl": "https://feed.bikelaneuprising.com/nc/uploads/photos/813fb30b-0d17-4fa3-8d31-e01acb7f6318_DDc9f.jpg",
        "cityKey": "new-orleans-la",
        "cityLabel": "New Orleans, LA",
        "date": "2024-12-31 00:00:00",
        "location": "VALID"
      }
    },
    {
      "type": "Feature",
      "geometry": {
        "type": "Point",
        "coordinates": [
          -90.10607216666666,
          29.974045
        ]
      },
      "properties": {
        "id": 85062,
        "obstruction": "Private Owner Vehicle",
        "imageUrl": "https://feed.bikelaneuprising.com/nc/uploads/photos/b88d8b9b-71e2-4798-a1a4-e1955f5a4d03_x6ZB_.jpg",
        "cityKey": "new-orleans-la",
        "cityLabel": "New Orleans, LA",
        "date": "2025-01-04 00:00:00",
        "location": "VALID"
      }
    },
    {
      "type": "Feature",
      "geometry": {
        "type": "Point",
        "coordinates": [
          -90.11148883333334,
          30.026763833333334
        ]
      },
      "properties": {
        "id": 85063,
        "obstruction": "Other  (damaged lane / snow / debris / pedestrian / etc.)",
        "imageUrl": "https://feed.bikelaneuprising.com/nc/uploads/photos/129fd417-e68e-46fc-b1d4-626e558acae5_kDy-X.jpg",
        "cityKey": "new-orleans-la",
        "cityLabel": "New Orleans, LA",
        "date": "2025-01-03 00:00:00",
        "location": "VALID"
      }
    },
    {
      "type": "Feature",
      "geometry": {
        "type": "Point",
        "coordinates": [
          -90.0859305,
          30.011125
        ]
      },
      "properties": {
        "id": 85064,
        "obstruction": "Private Owner Vehicle",
        "imageUrl": "https://feed.bikelaneuprising.com/nc/uploads/photos/d53ab335-c56b-4b1e-ad1c-0ccaf3b715a1_HL6oy.jpg",
        "cityKey": "new-orleans-la",
        "cityLabel": "New Orleans, LA",
        "date": "2025-01-03 00:00:00",
        "location": "VALID"
      }
    },
    {
      "type": "Feature",
      "geometry": {
        "type": "Point",
        "coordinates": [
          -90.10266116666666,
          29.978563333333334
        ]
      },
      "properties": {
        "id": 85193,
        "obstruction": "Company Vehicle",
        "imageUrl": "https://feed.bikelaneuprising.com/nc/uploads/photos/ad571856-f4e2-4230-851d-844dafc380ad_EGp9H.jpg",
        "cityKey": "new-orleans-la",
        "cityLabel": "New Orleans, LA",
        "date": "2025-01-07 00:00:00",
        "location": "VALID"
      }
    },
    {
      "type": "Feature",
      "geometry": {
        "type": "Point",
        "coordinates": [
          -90.05605,
          29.96835
        ]
      },
      "properties": {
        "id": 85264,
        "obstruction": "Private Owner Vehicle",
        "imageUrl": "https://feed.bikelaneuprising.com/nc/uploads/photos/e2dca425-77be-4293-a551-3bd2c6c5d95b_oxY64.jpg",
        "cityKey": "new-orleans-la",
        "cityLabel": "New Orleans, LA",
        "date": "2025-01-11 00:00:00",
        "location": "VALID"
      }
    },
    {
      "type": "Feature",
      "geometry": {
        "type": "Point",
        "coordinates": [
          -90.09937919676304,
          29.96946144432995
        ]
      },
      "properties": {
        "id": 85268,
        "obstruction": "Company Vehicle",
        "imageUrl": "https://feed.bikelaneuprising.com/nc/uploads/photos/0da34051-de9d-46e2-97a9-1c151cfa5958_FkeNm.jpg",
        "cityKey": "new-orleans-la",
        "cityLabel": "New Orleans, LA",
        "date": "2025-01-09 00:00:00",
        "location": "VALID"
      }
    },
    {
      "type": "Feature",
      "geometry": {
        "type": "Point",
        "coordinates": [
          -90.07418883333334,
          29.95038
        ]
      },
      "properties": {
        "id": 85411,
        "obstruction": "Company Vehicle",
        "imageUrl": "https://feed.bikelaneuprising.com/nc/uploads/photos/d27747fe-94d7-409c-adc4-0ebb4ab3fcd0_5J5WP.jpg",
        "cityKey": "new-orleans-la",
        "cityLabel": "New Orleans, LA",
        "date": "2025-01-16 00:00:00",
        "location": "VALID"
      }
    },
    {
      "type": "Feature",
      "geometry": {
        "type": "Point",
        "coordinates": [
          -90.05605,
          29.96835
        ]
      },
      "properties": {
        "id": 85468,
        "obstruction": "Private Owner Vehicle",
        "imageUrl": "https://feed.bikelaneuprising.com/nc/uploads/photos/8ecd3e53-ee8d-42cf-8d2e-c9bbc69f5339_zibbY.jpg",
        "cityKey": "new-orleans-la",
        "cityLabel": "New Orleans, LA",
        "date": "2025-01-17 00:00:00",
        "location": "VALID"
      }
    },
    {
      "type": "Feature",
      "geometry": {
        "type": "Point",
        "coordinates": [
          -90.10590283333333,
          29.973938333333333
        ]
      },
      "properties": {
        "id": 85693,
        "obstruction": "Company Vehicle",
        "imageUrl": "https://feed.bikelaneuprising.com/nc/uploads/photos/df9e0bfa-bf97-4f4b-84b4-13d47c902b31_YHJYe.jpg",
        "cityKey": "new-orleans-la",
        "cityLabel": "New Orleans, LA",
        "date": "2025-01-24 00:00:00",
        "location": "VALID"
      }
    },
    {
      "type": "Feature",
      "geometry": {
        "type": "Point",
        "coordinates": [
          -90.076425,
          30.021036166666665
        ]
      },
      "properties": {
        "id": 85755,
        "obstruction": "Construction",
        "imageUrl": "https://feed.bikelaneuprising.com/nc/uploads/photos/aa604e3b-806f-4905-8243-1d10d35ae172_mFE8G.jpg",
        "cityKey": "new-orleans-la",
        "cityLabel": "New Orleans, LA",
        "date": "2025-01-27 00:00:00",
        "location": "VALID"
      }
    },
    {
      "type": "Feature",
      "geometry": {
        "type": "Point",
        "coordinates": [
          -90.05605,
          29.96835
        ]
      },
      "properties": {
        "id": 85767,
        "obstruction": "Municipal (city) Vehicle - includes USPS",
        "imageUrl": "https://feed.bikelaneuprising.com/nc/uploads/photos/362156ac-e516-4b19-aafd-7bec2ec04777_As-Oq.jpg",
        "cityKey": "new-orleans-la",
        "cityLabel": "New Orleans, LA",
        "date": "2025-01-27 00:00:00",
        "location": "VALID"
      }
    },
    {
      "type": "Feature",
      "geometry": {
        "type": "Point",
        "coordinates": [
          -90.05605,
          29.96835
        ]
      },
      "properties": {
        "id": 85768,
        "obstruction": "Private Owner Vehicle",
        "imageUrl": "https://feed.bikelaneuprising.com/nc/uploads/photos/b62fad43-0c95-4954-85f3-47fb9e845c47_huRBW.jpg",
        "cityKey": "new-orleans-la",
        "cityLabel": "New Orleans, LA",
        "date": "2025-01-27 00:00:00",
        "location": "VALID"
      }
    },
    {
      "type": "Feature",
      "geometry": {
        "type": "Point",
        "coordinates": [
          -90.05605,
          29.96835
        ]
      },
      "properties": {
        "id": 85797,
        "obstruction": "Private Owner Vehicle",
        "imageUrl": "https://feed.bikelaneuprising.com/nc/uploads/photos/072f5b7a-4522-482c-b1a0-d350372b1849_jdq1v.jpg",
        "cityKey": "new-orleans-la",
        "cityLabel": "New Orleans, LA",
        "date": "2025-01-28 00:00:00",
        "location": "VALID"
      }
    },
    {
      "type": "Feature",
      "geometry": {
        "type": "Point",
        "coordinates": [
          -90.07417,
          29.94647
        ]
      },
      "properties": {
        "id": 85799,
        "obstruction": "Company Vehicle",
        "imageUrl": "https://feed.bikelaneuprising.com/nc/uploads/photos/05bbf3f1-70a1-4a49-946b-9337ac80dbc4_FJgw6.jpg",
        "cityKey": "new-orleans-la",
        "cityLabel": "New Orleans, LA",
        "date": "2025-01-27 00:00:00",
        "location": "VALID"
      }
    },
    {
      "type": "Feature",
      "geometry": {
        "type": "Point",
        "coordinates": [
          -90.10021116666667,
          29.995258333333332
        ]
      },
      "properties": {
        "id": 85935,
        "obstruction": "Other  (damaged lane / snow / debris / pedestrian / etc.)",
        "imageUrl": "https://feed.bikelaneuprising.com/nc/uploads/photos/faa354bd-a4e9-462f-b331-66641954c923_kfm-B.jpg",
        "cityKey": "new-orleans-la",
        "cityLabel": "New Orleans, LA",
        "date": "2025-01-30 00:00:00",
        "location": "VALID"
      }
    },
    {
      "type": "Feature",
      "geometry": {
        "type": "Point",
        "coordinates": [
          -90.08660833333333,
          29.99938
        ]
      },
      "properties": {
        "id": 85936,
        "obstruction": "Private Owner Vehicle",
        "imageUrl": "https://feed.bikelaneuprising.com/nc/uploads/photos/ebeb0d06-54b0-4946-bc52-a16dac1d9462_5NElv.jpg",
        "cityKey": "new-orleans-la",
        "cityLabel": "New Orleans, LA",
        "date": "2025-01-30 00:00:00",
        "location": "VALID"
      }
    },
    {
      "type": "Feature",
      "geometry": {
        "type": "Point",
        "coordinates": [
          -90.0873195,
          29.999395
        ]
      },
      "properties": {
        "id": 85937,
        "obstruction": "Private Owner Vehicle",
        "imageUrl": "https://feed.bikelaneuprising.com/nc/uploads/photos/16367ff2-3f1f-429a-9ac2-d46e7d536e09_sXTnt.jpg",
        "cityKey": "new-orleans-la",
        "cityLabel": "New Orleans, LA",
        "date": "2025-01-30 00:00:00",
        "location": "VALID"
      }
    },
    {
      "type": "Feature",
      "geometry": {
        "type": "Point",
        "coordinates": [
          -90.07903333333333,
          30.020941666666666
        ]
      },
      "properties": {
        "id": 85938,
        "obstruction": "Municipal (city) Vehicle - includes USPS",
        "imageUrl": "https://feed.bikelaneuprising.com/nc/uploads/photos/93b23cd9-7589-48c8-b519-17de966d4ad8_rRRO8.jpg",
        "cityKey": "new-orleans-la",
        "cityLabel": "New Orleans, LA",
        "date": "2025-01-28 00:00:00",
        "location": "VALID"
      }
    },
    {
      "type": "Feature",
      "geometry": {
        "type": "Point",
        "coordinates": [
          -90.07491383333333,
          30.021158333333332
        ]
      },
      "properties": {
        "id": 85939,
        "obstruction": "Company Vehicle",
        "imageUrl": "https://feed.bikelaneuprising.com/nc/uploads/photos/b6b35a86-5d92-459e-a902-eef7a9d736e6_biPN_.jpg",
        "cityKey": "new-orleans-la",
        "cityLabel": "New Orleans, LA",
        "date": "2025-01-28 00:00:00",
        "location": "VALID"
      }
    },
    {
      "type": "Feature",
      "geometry": {
        "type": "Point",
        "coordinates": [
          -90.07748,
          29.94798
        ]
      },
      "properties": {
        "id": 85987,
        "obstruction": "Company Vehicle",
        "imageUrl": "https://feed.bikelaneuprising.com/nc/uploads/photos/216d85df-8a53-4ba4-a06e-c88fbf8b3891_Wlpoo.jpg",
        "cityKey": "new-orleans-la",
        "cityLabel": "New Orleans, LA",
        "date": "2025-02-01 00:00:00",
        "location": "VALID"
      }
    },
    {
      "type": "Feature",
      "geometry": {
        "type": "Point",
        "coordinates": [
          -90.07748,
          29.94798
        ]
      },
      "properties": {
        "id": 85988,
        "obstruction": "Company Vehicle",
        "imageUrl": "https://feed.bikelaneuprising.com/nc/uploads/photos/77fbe1d3-8be5-44ad-b624-00f605689ea4_Cdsz6.jpg",
        "cityKey": "new-orleans-la",
        "cityLabel": "New Orleans, LA",
        "date": "2025-02-01 00:00:00",
        "location": "VALID"
      }
    },
    {
      "type": "Feature",
      "geometry": {
        "type": "Point",
        "coordinates": [
          -90.06806116666667,
          29.960913333333334
        ]
      },
      "properties": {
        "id": 85992,
        "obstruction": "Company Vehicle",
        "imageUrl": "https://feed.bikelaneuprising.com/nc/uploads/photos/6f3e5632-9c04-47fc-af80-5c453dccfb68_S04SY.jpg",
        "cityKey": "new-orleans-la",
        "cityLabel": "New Orleans, LA",
        "date": "2025-02-02 00:00:00",
        "location": "VALID"
      }
    },
    {
      "type": "Feature",
      "geometry": {
        "type": "Point",
        "coordinates": [
          -90.098625,
          29.976255
        ]
      },
      "properties": {
        "id": 85993,
        "obstruction": "Private Owner Vehicle",
        "imageUrl": "https://feed.bikelaneuprising.com/nc/uploads/photos/a8910b12-0552-45d3-bbe5-b0a78914b650_lVr-Q.jpg",
        "cityKey": "new-orleans-la",
        "cityLabel": "New Orleans, LA",
        "date": "2025-02-02 00:00:00",
        "location": "VALID"
      }
    },
    {
      "type": "Feature",
      "geometry": {
        "type": "Point",
        "coordinates": [
          -90.0693805,
          30.0236445
        ]
      },
      "properties": {
        "id": 86745,
        "obstruction": "Private Owner Vehicle",
        "imageUrl": "https://feed.bikelaneuprising.com/nc/uploads/photos/4556c179-90b3-40a4-bb89-b11d429a411d_bEmpa.jpg",
        "cityKey": "new-orleans-la",
        "cityLabel": "New Orleans, LA",
        "date": "2025-02-19 00:00:00",
        "location": "VALID"
      }
    },
    {
      "type": "Feature",
      "geometry": {
        "type": "Point",
        "coordinates": [
          -90.10632216666667,
          29.97422
        ]
      },
      "properties": {
        "id": 86746,
        "obstruction": "Company Vehicle",
        "imageUrl": "https://feed.bikelaneuprising.com/nc/uploads/photos/6005a3d1-d0e1-4779-8f13-b545ef13ed53__Jm7E.jpg",
        "cityKey": "new-orleans-la",
        "cityLabel": "New Orleans, LA",
        "date": "2025-02-17 00:00:00",
        "location": "VALID"
      }
    },
    {
      "type": "Feature",
      "geometry": {
        "type": "Point",
        "coordinates": [
          -90.1062305,
          29.974138333333332
        ]
      },
      "properties": {
        "id": 86747,
        "obstruction": "Company Vehicle",
        "imageUrl": "https://feed.bikelaneuprising.com/nc/uploads/photos/f9c9afa0-df43-487d-a96a-4f6153ec549a_289ee.jpg",
        "cityKey": "new-orleans-la",
        "cityLabel": "New Orleans, LA",
        "date": "2025-02-14 00:00:00",
        "location": "VALID"
      }
    },
    {
      "type": "Feature",
      "geometry": {
        "type": "Point",
        "coordinates": [
          -90.1057805,
          29.973855
        ]
      },
      "properties": {
        "id": 86748,
        "obstruction": "Private Owner Vehicle",
        "imageUrl": "https://feed.bikelaneuprising.com/nc/uploads/photos/6deaed1f-fab9-4104-a76d-8904b7d02d49_h-gzA.jpg",
        "cityKey": "new-orleans-la",
        "cityLabel": "New Orleans, LA",
        "date": "2025-02-14 00:00:00",
        "location": "VALID"
      }
    },
    {
      "type": "Feature",
      "geometry": {
        "type": "Point",
        "coordinates": [
          -90.10495833333333,
          29.973686666666666
        ]
      },
      "properties": {
        "id": 86749,
        "obstruction": "Private Owner Vehicle",
        "imageUrl": "https://feed.bikelaneuprising.com/nc/uploads/photos/1f63360b-4443-4d1e-9dd2-dabefd19cd2c_mKs2a.jpg",
        "cityKey": "new-orleans-la",
        "cityLabel": "New Orleans, LA",
        "date": "2025-02-14 00:00:00",
        "location": "VALID"
      }
    },
    {
      "type": "Feature",
      "geometry": {
        "type": "Point",
        "coordinates": [
          -90.05605,
          29.96835
        ]
      },
      "properties": {
        "id": 86801,
        "obstruction": "Private Owner Vehicle",
        "imageUrl": "https://feed.bikelaneuprising.com/nc/uploads/photos/6060b0c4-6db1-4eb7-ae62-c11cf96ca9d7_noeVB.jpg",
        "cityKey": "new-orleans-la",
        "cityLabel": "New Orleans, LA",
        "date": "2025-02-22 00:00:00",
        "location": "VALID"
      }
    },
    {
      "type": "Feature",
      "geometry": {
        "type": "Point",
        "coordinates": [
          -90.07567,
          29.97402
        ]
      },
      "properties": {
        "id": 86968,
        "obstruction": "Private Owner Vehicle",
        "imageUrl": "https://feed.bikelaneuprising.com/nc/uploads/photos/8d558e88-8ab0-489d-b9b4-a7901493e40d_SLitX.jpg",
        "cityKey": "new-orleans-la",
        "cityLabel": "New Orleans, LA",
        "date": "2025-02-26 00:00:00",
        "location": "VALID"
      }
    },
    {
      "type": "Feature",
      "geometry": {
        "type": "Point",
        "coordinates": [
          -90.0734945,
          29.948616666666666
        ]
      },
      "properties": {
        "id": 87092,
        "obstruction": "Private Owner Vehicle",
        "imageUrl": "https://feed.bikelaneuprising.com/nc/uploads/photos/4b7a12ac-a057-423b-8925-1bdf64410d01_qRliS.jpg",
        "cityKey": "new-orleans-la",
        "cityLabel": "New Orleans, LA",
        "date": "2025-03-01 00:00:00",
        "location": "VALID"
      }
    },
    {
      "type": "Feature",
      "geometry": {
        "type": "Point",
        "coordinates": [
          -90.0737305,
          29.950636666666668
        ]
      },
      "properties": {
        "id": 87093,
        "obstruction": "Taxi / Uber / Livery / Lyft",
        "imageUrl": "https://feed.bikelaneuprising.com/nc/uploads/photos/c400da96-fa8a-4d81-b34f-570b98f171c9_QaGk3.jpg",
        "cityKey": "new-orleans-la",
        "cityLabel": "New Orleans, LA",
        "date": "2025-03-01 00:00:00",
        "location": "VALID"
      }
    },
    {
      "type": "Feature",
      "geometry": {
        "type": "Point",
        "coordinates": [
          -90.07205,
          29.95851
        ]
      },
      "properties": {
        "id": 87096,
        "obstruction": "Company Vehicle",
        "imageUrl": "https://feed.bikelaneuprising.com/nc/uploads/photos/02419a5e-d702-4ede-8168-cb4d8acc5466_z8f_l.jpg",
        "cityKey": "new-orleans-la",
        "cityLabel": "New Orleans, LA",
        "date": "2025-03-01 00:00:00",
        "location": "VALID"
      }
    },
    {
      "type": "Feature",
      "geometry": {
        "type": "Point",
        "coordinates": [
          -90.07461666666667,
          30.021116666666668
        ]
      },
      "properties": {
        "id": 87518,
        "obstruction": "Company Vehicle",
        "imageUrl": "https://feed.bikelaneuprising.com/nc/uploads/photos/2bb1ac46-3094-4ea3-98d4-9a38ffb4786e_r63v1.jpg",
        "cityKey": "new-orleans-la",
        "cityLabel": "New Orleans, LA",
        "date": "2025-03-07 00:00:00",
        "location": "VALID"
      }
    },
    {
      "type": "Feature",
      "geometry": {
        "type": "Point",
        "coordinates": [
          -90.10578883333334,
          29.973805
        ]
      },
      "properties": {
        "id": 87519,
        "obstruction": "Private Owner Vehicle",
        "imageUrl": "https://feed.bikelaneuprising.com/nc/uploads/photos/1e6bb843-17eb-48c4-bd6d-ee495a00dc20_dUajw.jpg",
        "cityKey": "new-orleans-la",
        "cityLabel": "New Orleans, LA",
        "date": "2025-03-07 00:00:00",
        "location": "VALID"
      }
    },
    {
      "type": "Feature",
      "geometry": {
        "type": "Point",
        "coordinates": [
          -90.09873883333333,
          29.969091666666667
        ]
      },
      "properties": {
        "id": 87520,
        "obstruction": "Company Vehicle",
        "imageUrl": "https://feed.bikelaneuprising.com/nc/uploads/photos/8c040e0e-5604-4e76-a670-f2f0fe313e08_7txFl.jpg",
        "cityKey": "new-orleans-la",
        "cityLabel": "New Orleans, LA",
        "date": "2025-03-05 00:00:00",
        "location": "VALID"
      }
    },
    {
      "type": "Feature",
      "geometry": {
        "type": "Point",
        "coordinates": [
          -90.05501,
          29.96857
        ]
      },
      "properties": {
        "id": 87535,
        "obstruction": "Company Vehicle",
        "imageUrl": "https://feed.bikelaneuprising.com/nc/uploads/photos/7cc65631-3d62-4988-89a3-353ee7fd4204_nKuc1.jpg",
        "cityKey": "new-orleans-la",
        "cityLabel": "New Orleans, LA",
        "date": "2025-03-12 00:00:00",
        "location": "VALID"
      }
    },
    {
      "type": "Feature",
      "geometry": {
        "type": "Point",
        "coordinates": [
          -90.06195,
          29.96791
        ]
      },
      "properties": {
        "id": 87537,
        "obstruction": "Private Owner Vehicle",
        "imageUrl": "https://feed.bikelaneuprising.com/nc/uploads/photos/59d766bd-50ab-407e-a0a2-ca5c47ceb5a4_YoqWw.jpg",
        "cityKey": "new-orleans-la",
        "cityLabel": "New Orleans, LA",
        "date": "2025-03-12 00:00:00",
        "location": "VALID"
      }
    },
    {
      "type": "Feature",
      "geometry": {
        "type": "Point",
        "coordinates": [
          -90.05605,
          29.96835
        ]
      },
      "properties": {
        "id": 87539,
        "obstruction": "Company Vehicle",
        "imageUrl": "https://feed.bikelaneuprising.com/nc/uploads/photos/eeed23e9-bf96-4ffd-8f15-bfd36017cb4e_HE7Wi.jpg",
        "cityKey": "new-orleans-la",
        "cityLabel": "New Orleans, LA",
        "date": "2025-03-12 00:00:00",
        "location": "VALID"
      }
    },
    {
      "type": "Feature",
      "geometry": {
        "type": "Point",
        "coordinates": [
          -90.05614,
          29.96426
        ]
      },
      "properties": {
        "id": 87602,
        "obstruction": "Company Vehicle",
        "imageUrl": "https://feed.bikelaneuprising.com/nc/uploads/photos/aeee5cf9-38aa-40b2-9fbc-36a82f236f62_6_KgI.jpg",
        "cityKey": "new-orleans-la",
        "cityLabel": "New Orleans, LA",
        "date": "2025-03-12 00:00:00",
        "location": "VALID"
      }
    },
    {
      "type": "Feature",
      "geometry": {
        "type": "Point",
        "coordinates": [
          -90.07727783333333,
          30.021061166666666
        ]
      },
      "properties": {
        "id": 87851,
        "obstruction": "Company Vehicle",
        "imageUrl": "https://feed.bikelaneuprising.com/nc/uploads/photos/81edeb3c-c3c8-4329-9260-7e474307872b_h_ELM.jpg",
        "cityKey": "new-orleans-la",
        "cityLabel": "New Orleans, LA",
        "date": "2025-03-14 00:00:00",
        "location": "VALID"
      }
    },
    {
      "type": "Feature",
      "geometry": {
        "type": "Point",
        "coordinates": [
          -90.05605,
          29.96835
        ]
      },
      "properties": {
        "id": 87855,
        "obstruction": "Private Owner Vehicle",
        "imageUrl": "https://feed.bikelaneuprising.com/nc/uploads/photos/22be7978-fe81-4dd0-aa0f-c552ebcc3e50_g8ijO.jpg",
        "cityKey": "new-orleans-la",
        "cityLabel": "New Orleans, LA",
        "date": "2025-03-15 00:00:00",
        "location": "VALID"
      }
    },
    {
      "type": "Feature",
      "geometry": {
        "type": "Point",
        "coordinates": [
          -90.10228616666667,
          29.978416666666668
        ]
      },
      "properties": {
        "id": 88028,
        "obstruction": "Private Owner Vehicle",
        "imageUrl": "https://feed.bikelaneuprising.com/nc/uploads/photos/a4d78392-b20f-43a8-b73f-a34982e260d5_N0g8G.jpg",
        "cityKey": "new-orleans-la",
        "cityLabel": "New Orleans, LA",
        "date": "2025-03-16 00:00:00",
        "location": "VALID"
      }
    },
    {
      "type": "Feature",
      "geometry": {
        "type": "Point",
        "coordinates": [
          -90.07526383333334,
          29.944111666666668
        ]
      },
      "properties": {
        "id": 88029,
        "obstruction": "Private Owner Vehicle",
        "imageUrl": "https://feed.bikelaneuprising.com/nc/uploads/photos/d63db0be-f0e2-4f33-9029-667d54061097_e3kpU.jpg",
        "cityKey": "new-orleans-la",
        "cityLabel": "New Orleans, LA",
        "date": "2025-03-16 00:00:00",
        "location": "VALID"
      }
    },
    {
      "type": "Feature",
      "geometry": {
        "type": "Point",
        "coordinates": [
          -90.0724555,
          29.95217
        ]
      },
      "properties": {
        "id": 88030,
        "obstruction": "Private Owner Vehicle",
        "imageUrl": "https://feed.bikelaneuprising.com/nc/uploads/photos/56061917-f5d7-4c19-af99-5938d110c7ea_tdmIf.jpg",
        "cityKey": "new-orleans-la",
        "cityLabel": "New Orleans, LA",
        "date": "2025-03-16 00:00:00",
        "location": "VALID"
      }
    },
    {
      "type": "Feature",
      "geometry": {
        "type": "Point",
        "coordinates": [
          -90.09195833333334,
          29.92798
        ]
      },
      "properties": {
        "id": 88031,
        "obstruction": "Construction",
        "imageUrl": "https://feed.bikelaneuprising.com/nc/uploads/photos/32de5d59-b89d-47c1-88df-540519116dc2_-7e6h.jpg",
        "cityKey": "new-orleans-la",
        "cityLabel": "New Orleans, LA",
        "date": "2025-03-16 00:00:00",
        "location": "VALID"
      }
    },
    {
      "type": "Feature",
      "geometry": {
        "type": "Point",
        "coordinates": [
          -90.056625,
          29.964721666666666
        ]
      },
      "properties": {
        "id": 88050,
        "obstruction": "Private Owner Vehicle",
        "imageUrl": "https://feed.bikelaneuprising.com/nc/uploads/photos/5af2a9bd-45ac-4c88-8876-4af1819c29da_ud5rN.jpg",
        "cityKey": "new-orleans-la",
        "cityLabel": "New Orleans, LA",
        "date": "2025-03-16 00:00:00",
        "location": "VALID"
      }
    },
    {
      "type": "Feature",
      "geometry": {
        "type": "Point",
        "coordinates": [
          -90.06558001041412,
          29.963783334626353
        ]
      },
      "properties": {
        "id": 88051,
        "obstruction": "Company Vehicle",
        "imageUrl": "https://feed.bikelaneuprising.com/nc/uploads/photos/1557ec91-a147-4ef7-b552-f302e9e3f486_H_l4w.jpg",
        "cityKey": "new-orleans-la",
        "cityLabel": "New Orleans, LA",
        "date": "2025-03-16 00:00:00",
        "location": "VALID"
      }
    },
    {
      "type": "Feature",
      "geometry": {
        "type": "Point",
        "coordinates": [
          -90.056825,
          29.96553
        ]
      },
      "properties": {
        "id": 88052,
        "obstruction": "Private Owner Vehicle",
        "imageUrl": "https://feed.bikelaneuprising.com/nc/uploads/photos/553c7b21-0f2a-4373-ad24-0e41aca3b62a_YQk6o.jpg",
        "cityKey": "new-orleans-la",
        "cityLabel": "New Orleans, LA",
        "date": "2025-03-16 00:00:00",
        "location": "VALID"
      }
    },
    {
      "type": "Feature",
      "geometry": {
        "type": "Point",
        "coordinates": [
          -90.07253333333334,
          29.952116666666665
        ]
      },
      "properties": {
        "id": 88053,
        "obstruction": "Private Owner Vehicle",
        "imageUrl": "https://feed.bikelaneuprising.com/nc/uploads/photos/50fa543d-288d-414b-aff6-3222ec92aa78_Znh0_.jpg",
        "cityKey": "new-orleans-la",
        "cityLabel": "New Orleans, LA",
        "date": "2025-03-15 00:00:00",
        "location": "VALID"
      }
    },
    {
      "type": "Feature",
      "geometry": {
        "type": "Point",
        "coordinates": [
          -90.07250283333333,
          29.952161666666665
        ]
      },
      "properties": {
        "id": 88054,
        "obstruction": "Private Owner Vehicle",
        "imageUrl": "https://feed.bikelaneuprising.com/nc/uploads/photos/cfb9e713-fa4e-467c-947d-14b10d140e4e_HTTFl.jpg",
        "cityKey": "new-orleans-la",
        "cityLabel": "New Orleans, LA",
        "date": "2025-03-15 00:00:00",
        "location": "VALID"
      }
    },
    {
      "type": "Feature",
      "geometry": {
        "type": "Point",
        "coordinates": [
          -90.07246383333333,
          29.952255
        ]
      },
      "properties": {
        "id": 88055,
        "obstruction": "Private Owner Vehicle",
        "imageUrl": "https://feed.bikelaneuprising.com/nc/uploads/photos/d3a2f484-0028-4fba-ac19-98142962ec69_mE3Au.jpg",
        "cityKey": "new-orleans-la",
        "cityLabel": "New Orleans, LA",
        "date": "2025-03-15 00:00:00",
        "location": "VALID"
      }
    },
    {
      "type": "Feature",
      "geometry": {
        "type": "Point",
        "coordinates": [
          -90.07243333333334,
          29.953296666666667
        ]
      },
      "properties": {
        "id": 88057,
        "obstruction": "Private Owner Vehicle",
        "imageUrl": "https://feed.bikelaneuprising.com/nc/uploads/photos/11f53eaa-11e1-4dd0-b090-b3f287ed7b5e_ds9Fn.jpg",
        "cityKey": "new-orleans-la",
        "cityLabel": "New Orleans, LA",
        "date": "2025-03-15 00:00:00",
        "location": "VALID"
      }
    },
    {
      "type": "Feature",
      "geometry": {
        "type": "Point",
        "coordinates": [
          -90.07166383333333,
          29.953003333333335
        ]
      },
      "properties": {
        "id": 88058,
        "obstruction": "Taxi / Uber / Livery / Lyft",
        "imageUrl": "https://feed.bikelaneuprising.com/nc/uploads/photos/c148d40e-e66d-4cf8-937c-18b5fa3d29f1_dQHMx.jpg",
        "cityKey": "new-orleans-la",
        "cityLabel": "New Orleans, LA",
        "date": "2025-03-15 00:00:00",
        "location": "VALID"
      }
    },
    {
      "type": "Feature",
      "geometry": {
        "type": "Point",
        "coordinates": [
          -90.06195,
          29.96791
        ]
      },
      "properties": {
        "id": 88182,
        "obstruction": "Company Vehicle",
        "imageUrl": "https://feed.bikelaneuprising.com/nc/uploads/photos/7eafe9c1-8add-43cf-bdf0-b9d67e23bd12_6_s43.jpg",
        "cityKey": "new-orleans-la",
        "cityLabel": "New Orleans, LA",
        "date": "2025-03-17 00:00:00",
        "location": "VALID"
      }
    },
    {
      "type": "Feature",
      "geometry": {
        "type": "Point",
        "coordinates": [
          -90.09861116666667,
          29.975936666666666
        ]
      },
      "properties": {
        "id": 88183,
        "obstruction": "Company Vehicle",
        "imageUrl": "https://feed.bikelaneuprising.com/nc/uploads/photos/e4320606-cb6a-41ed-af8a-51ffb9d43a32_pPdqU.jpg",
        "cityKey": "new-orleans-la",
        "cityLabel": "New Orleans, LA",
        "date": "2025-03-12 00:00:00",
        "location": "VALID"
      }
    },
    {
      "type": "Feature",
      "geometry": {
        "type": "Point",
        "coordinates": [
          -90.0757445,
          30.0210945
        ]
      },
      "properties": {
        "id": 88184,
        "obstruction": "Private Owner Vehicle",
        "imageUrl": "https://feed.bikelaneuprising.com/nc/uploads/photos/142cae2d-207f-456f-96cf-2f0b0f4b7cf5_4J-XJ.jpg",
        "cityKey": "new-orleans-la",
        "cityLabel": "New Orleans, LA",
        "date": "2025-03-12 00:00:00",
        "location": "VALID"
      }
    },
    {
      "type": "Feature",
      "geometry": {
        "type": "Point",
        "coordinates": [
          -90.056825,
          29.965908333333335
        ]
      },
      "properties": {
        "id": 88293,
        "obstruction": "Private Owner Vehicle",
        "imageUrl": "https://feed.bikelaneuprising.com/nc/uploads/photos/d4a53fca-c5a5-4bd7-95e6-eb6c395f305a_jL_eT.jpg",
        "cityKey": "new-orleans-la",
        "cityLabel": "New Orleans, LA",
        "date": "2025-03-17 00:00:00",
        "location": "VALID"
      }
    },
    {
      "type": "Feature",
      "geometry": {
        "type": "Point",
        "coordinates": [
          -90.05673883333333,
          29.965755
        ]
      },
      "properties": {
        "id": 88294,
        "obstruction": "Private Owner Vehicle",
        "imageUrl": "https://feed.bikelaneuprising.com/nc/uploads/photos/e0994e3b-bf70-4f30-bc04-c8258a6ff309_8Fmub.jpg",
        "cityKey": "new-orleans-la",
        "cityLabel": "New Orleans, LA",
        "date": "2025-03-17 00:00:00",
        "location": "VALID"
      }
    },
    {
      "type": "Feature",
      "geometry": {
        "type": "Point",
        "coordinates": [
          -90.0563195,
          29.964213333333333
        ]
      },
      "properties": {
        "id": 88295,
        "obstruction": "Private Owner Vehicle",
        "imageUrl": "https://feed.bikelaneuprising.com/nc/uploads/photos/98fa4c70-9121-44f0-87b3-eb8b452a1e6a_E9gkc.jpg",
        "cityKey": "new-orleans-la",
        "cityLabel": "New Orleans, LA",
        "date": "2025-02-17 00:00:00",
        "location": "VALID"
      }
    },
    {
      "type": "Feature",
      "geometry": {
        "type": "Point",
        "coordinates": [
          -90.05635466754345,
          29.96445051271888
        ]
      },
      "properties": {
        "id": 88296,
        "obstruction": "Private Owner Vehicle",
        "imageUrl": "https://feed.bikelaneuprising.com/nc/uploads/photos/dfe4829b-1771-4d1d-9e5d-514b0707f901_cS1hF.jpg",
        "cityKey": "new-orleans-la",
        "cityLabel": "New Orleans, LA",
        "date": "2025-02-14 00:00:00",
        "location": "VALID"
      }
    },
    {
      "type": "Feature",
      "geometry": {
        "type": "Point",
        "coordinates": [
          -90.07353333333333,
          29.948505
        ]
      },
      "properties": {
        "id": 88297,
        "obstruction": "Taxi / Uber / Livery / Lyft",
        "imageUrl": "https://feed.bikelaneuprising.com/nc/uploads/photos/3b57b657-b315-413c-bd9e-b3c2d65eab9e_RPoHU.jpg",
        "cityKey": "new-orleans-la",
        "cityLabel": "New Orleans, LA",
        "date": "2025-01-02 00:00:00",
        "location": "VALID"
      }
    },
    {
      "type": "Feature",
      "geometry": {
        "type": "Point",
        "coordinates": [
          -90.05176,
          29.9687
        ]
      },
      "properties": {
        "id": 88359,
        "obstruction": "Company Vehicle",
        "imageUrl": "https://feed.bikelaneuprising.com/nc/uploads/photos/3b55d298-40b9-4d72-aa43-08e387d25a7e_LOIEq.jpg",
        "cityKey": "new-orleans-la",
        "cityLabel": "New Orleans, LA",
        "date": "2025-03-18 00:00:00",
        "location": "VALID"
      }
    },
    {
      "type": "Feature",
      "geometry": {
        "type": "Point",
        "coordinates": [
          -90.05378,
          29.96822
        ]
      },
      "properties": {
        "id": 88360,
        "obstruction": "Company Vehicle",
        "imageUrl": "https://feed.bikelaneuprising.com/nc/uploads/photos/51cf2615-f936-46f1-ac4a-1c8f5cdc56c6_Z6o-2.jpg",
        "cityKey": "new-orleans-la",
        "cityLabel": "New Orleans, LA",
        "date": "2025-03-18 00:00:00",
        "location": "VALID"
      }
    },
    {
      "type": "Feature",
      "geometry": {
        "type": "Point",
        "coordinates": [
          -90.05605,
          29.96835
        ]
      },
      "properties": {
        "id": 88365,
        "obstruction": "Company Vehicle",
        "imageUrl": "https://feed.bikelaneuprising.com/nc/uploads/photos/97b0a0f0-e995-4ae3-b6d1-7a60e8c62bec_8Nft7.jpg",
        "cityKey": "new-orleans-la",
        "cityLabel": "New Orleans, LA",
        "date": "2025-03-18 00:00:00",
        "location": "VALID"
      }
    },
    {
      "type": "Feature",
      "geometry": {
        "type": "Point",
        "coordinates": [
          -90.10117216666667,
          29.977563333333332
        ]
      },
      "properties": {
        "id": 88386,
        "obstruction": "Company Vehicle",
        "imageUrl": "https://feed.bikelaneuprising.com/nc/uploads/photos/7d72ce20-781c-4812-ab1f-ff453cdbae97_VD5af.jpg",
        "cityKey": "new-orleans-la",
        "cityLabel": "New Orleans, LA",
        "date": "2025-03-18 00:00:00",
        "location": "VALID"
      }
    },
    {
      "type": "Feature",
      "geometry": {
        "type": "Point",
        "coordinates": [
          -90.07632,
          29.95057
        ]
      },
      "properties": {
        "id": 88824,
        "obstruction": "Company Vehicle",
        "imageUrl": "https://feed.bikelaneuprising.com/nc/uploads/photos/70026bcb-b89a-45ca-bf81-2ee35383f5e2_Gmxkg.jpg",
        "cityKey": "new-orleans-la",
        "cityLabel": "New Orleans, LA",
        "date": "2025-03-21 00:00:00",
        "location": "VALID"
      }
    },
    {
      "type": "Feature",
      "geometry": {
        "type": "Point",
        "coordinates": [
          -90.06964724510908,
          29.958917660616766
        ]
      },
      "properties": {
        "id": 88843,
        "obstruction": "Municipal (city) Vehicle - includes USPS",
        "imageUrl": "https://feed.bikelaneuprising.com/nc/uploads/photos/4c8ac670-9861-49e6-96dd-0fd5ff90dacf_ikvV7.jpg",
        "cityKey": "new-orleans-la",
        "cityLabel": "New Orleans, LA",
        "date": "2025-03-21 00:00:00",
        "location": "VALID"
      }
    },
    {
      "type": "Feature",
      "geometry": {
        "type": "Point",
        "coordinates": [
          -90.07863616666667,
          30.021041666666665
        ]
      },
      "properties": {
        "id": 88876,
        "obstruction": "Company Vehicle",
        "imageUrl": "https://feed.bikelaneuprising.com/nc/uploads/photos/0e533fdf-b4b1-4c62-b2b9-c8a3286c731f_wv8P8.jpg",
        "cityKey": "new-orleans-la",
        "cityLabel": "New Orleans, LA",
        "date": "2025-03-21 00:00:00",
        "location": "VALID"
      }
    },
    {
      "type": "Feature",
      "geometry": {
        "type": "Point",
        "coordinates": [
          -90.0749195,
          30.021083333333333
        ]
      },
      "properties": {
        "id": 88877,
        "obstruction": "Company Vehicle",
        "imageUrl": "https://feed.bikelaneuprising.com/nc/uploads/photos/6c0a5cf8-4532-494d-a33d-496c62a30c0d_22y0o.jpg",
        "cityKey": "new-orleans-la",
        "cityLabel": "New Orleans, LA",
        "date": "2025-03-21 00:00:00",
        "location": "VALID"
      }
    },
    {
      "type": "Feature",
      "geometry": {
        "type": "Point",
        "coordinates": [
          -90.05383,
          29.97876
        ]
      },
      "properties": {
        "id": 88970,
        "obstruction": "Company Vehicle",
        "imageUrl": "https://feed.bikelaneuprising.com/nc/uploads/photos/9fc2bc20-7e1e-4b5e-b205-f4777e0520d2_TRKap.jpg",
        "cityKey": "new-orleans-la",
        "cityLabel": "New Orleans, LA",
        "date": "2025-03-22 00:00:00",
        "location": "VALID"
      }
    },
    {
      "type": "Feature",
      "geometry": {
        "type": "Point",
        "coordinates": [
          -90.06936963647604,
          29.959671157092878
        ]
      },
      "properties": {
        "id": 89016,
        "obstruction": "Company Vehicle",
        "imageUrl": "https://feed.bikelaneuprising.com/nc/uploads/photos/fa0aa2b9-b054-4327-893a-775cae616a21_1GTbx.jpg",
        "cityKey": "new-orleans-la",
        "cityLabel": "New Orleans, LA",
        "date": "2025-03-23 00:00:00",
        "location": "VALID"
      }
    },
    {
      "type": "Feature",
      "geometry": {
        "type": "Point",
        "coordinates": [
          -90.07130451500416,
          29.95742895090476
        ]
      },
      "properties": {
        "id": 89017,
        "obstruction": "Private Owner Vehicle",
        "imageUrl": "https://feed.bikelaneuprising.com/nc/uploads/photos/fcd4859e-57e1-4906-bdf9-71a25d905924_3vYKR.jpg",
        "cityKey": "new-orleans-la",
        "cityLabel": "New Orleans, LA",
        "date": "2025-03-23 00:00:00",
        "location": "VALID"
      }
    },
    {
      "type": "Feature",
      "geometry": null,
      "properties": {
        "id": 89018,
        "obstruction": "Company Vehicle",
        "imageUrl": "https://feed.bikelaneuprising.com/nc/uploads/photos/9869cdc5-a6c3-4677-8591-aa7cfe44d024_2iY7r.jpg",
        "cityKey": "new-orleans-la",
        "cityLabel": "New Orleans, LA",
        "date": "2025-03-22 00:00:00",
        "location": "INVALID"
      }
    },
    {
      "type": "Feature",
      "geometry": null,
      "properties": {
        "id": 89019,
        "obstruction": "Company Vehicle",
        "imageUrl": "https://feed.bikelaneuprising.com/nc/uploads/photos/b6ee83f3-bbd4-4686-be69-24203c67825d_8NsV0.jpg",
        "cityKey": "new-orleans-la",
        "cityLabel": "New Orleans, LA",
        "date": "2025-03-21 00:00:00",
        "location": "INVALID"
      }
    },
    {
      "type": "Feature",
      "geometry": {
        "type": "Point",
        "coordinates": [
          -90.06291,
          29.95642
        ]
      },
      "properties": {
        "id": 89118,
        "obstruction": "Company Vehicle",
        "imageUrl": "https://feed.bikelaneuprising.com/nc/uploads/photos/bb41b416-91bd-4bbc-9a93-19dd15f6715e_SYXe1.jpg",
        "cityKey": "new-orleans-la",
        "cityLabel": "New Orleans, LA",
        "date": "2025-03-24 00:00:00",
        "location": "VALID"
      }
    },
    {
      "type": "Feature",
      "geometry": {
        "type": "Point",
        "coordinates": [
          -90.06682,
          29.95003
        ]
      },
      "properties": {
        "id": 89120,
        "obstruction": "Private Owner Vehicle",
        "imageUrl": "https://feed.bikelaneuprising.com/nc/uploads/photos/1393511f-cd16-46dd-be8a-a49f1644759b_ZobBu.jpg",
        "cityKey": "new-orleans-la",
        "cityLabel": "New Orleans, LA",
        "date": "2025-03-24 00:00:00",
        "location": "VALID"
      }
    },
    {
      "type": "Feature",
      "geometry": {
        "type": "Point",
        "coordinates": [
          -90.10221116666666,
          29.978353333333335
        ]
      },
      "properties": {
        "id": 89292,
        "obstruction": "Private Owner Vehicle",
        "imageUrl": "https://feed.bikelaneuprising.com/nc/uploads/photos/7b87b0d7-1c58-4e9f-ad05-fcc8eab68438_IezNg.jpg",
        "cityKey": "new-orleans-la",
        "cityLabel": "New Orleans, LA",
        "date": "2025-03-26 00:00:00",
        "location": "VALID"
      }
    },
    {
      "type": "Feature",
      "geometry": {
        "type": "Point",
        "coordinates": [
          -90.07547783333334,
          30.021166666666666
        ]
      },
      "properties": {
        "id": 89603,
        "obstruction": "Company Vehicle",
        "imageUrl": "https://feed.bikelaneuprising.com/nc/uploads/photos/a0406004-3610-434e-b583-7722b19b8146_1L5SX.jpg",
        "cityKey": "new-orleans-la",
        "cityLabel": "New Orleans, LA",
        "date": "2025-03-26 00:00:00",
        "location": "VALID"
      }
    },
    {
      "type": "Feature",
      "geometry": {
        "type": "Point",
        "coordinates": [
          -90.06867,
          29.96141
        ]
      },
      "properties": {
        "id": 89782,
        "obstruction": "Company Vehicle",
        "imageUrl": "https://feed.bikelaneuprising.com/nc/uploads/photos/77be24e4-ebae-4021-bc25-0614c9600938_0Bbfu.jpg",
        "cityKey": "new-orleans-la",
        "cityLabel": "New Orleans, LA",
        "date": "2025-03-30 00:00:00",
        "location": "VALID"
      }
    },
    {
      "type": "Feature",
      "geometry": {
        "type": "Point",
        "coordinates": [
          -90.06232850253582,
          29.95725117568902
        ]
      },
      "properties": {
        "id": 89800,
        "obstruction": "Company Vehicle",
        "imageUrl": "https://feed.bikelaneuprising.com/nc/uploads/photos/15c91cb9-64cc-49d8-924f-b6f2f92e3959_9yrdD.jpg",
        "cityKey": "new-orleans-la",
        "cityLabel": "New Orleans, LA",
        "date": "2025-03-30 00:00:00",
        "location": "VALID"
      }
    },
    {
      "type": "Feature",
      "geometry": {
        "type": "Point",
        "coordinates": [
          -90.0776055,
          30.02105
        ]
      },
      "properties": {
        "id": 89861,
        "obstruction": "Private Owner Vehicle",
        "imageUrl": "https://feed.bikelaneuprising.com/nc/uploads/photos/a216d9d0-9c26-40c5-a225-aafe1c63feb3_paZQL.jpg",
        "cityKey": "new-orleans-la",
        "cityLabel": "New Orleans, LA",
        "date": "2025-03-31 00:00:00",
        "location": "VALID"
      }
    },
    {
      "type": "Feature",
      "geometry": {
        "type": "Point",
        "coordinates": [
          -90.05071252584457,
          29.96901560725732
        ]
      },
      "properties": {
        "id": 89959,
        "obstruction": "Company Vehicle",
        "imageUrl": "https://feed.bikelaneuprising.com/nc/uploads/photos/8ecdf642-254b-4299-abf1-53f5fcc495fb_Bbru5.jpg",
        "cityKey": "new-orleans-la",
        "cityLabel": "New Orleans, LA",
        "date": "2025-04-01 00:00:00",
        "location": "VALID"
      }
    },
    {
      "type": "Feature",
      "geometry": {
        "type": "Point",
        "coordinates": [
          -90.07993333333333,
          30.020963833333333
        ]
      },
      "properties": {
        "id": 90042,
        "obstruction": "Company Vehicle",
        "imageUrl": "https://feed.bikelaneuprising.com/nc/uploads/photos/b3dff8e1-29e3-4f12-8b48-3bc93efef746_wTXfC.jpg",
        "cityKey": "new-orleans-la",
        "cityLabel": "New Orleans, LA",
        "date": "2025-04-02 00:00:00",
        "location": "VALID"
      }
    },
    {
      "type": "Feature",
      "geometry": {
        "type": "Point",
        "coordinates": [
          -90.07094208151102,
          29.95269601308187
        ]
      },
      "properties": {
        "id": 90276,
        "obstruction": "Private Owner Vehicle",
        "imageUrl": "https://feed.bikelaneuprising.com/nc/uploads/photos/dcd755d6-7f98-4d81-837a-6aad5ffdbcf2_9kHL8.jpg",
        "cityKey": "new-orleans-la",
        "cityLabel": "New Orleans, LA",
        "date": "2025-04-04 00:00:00",
        "location": "VALID"
      }
    },
    {
      "type": "Feature",
      "geometry": {
        "type": "Point",
        "coordinates": [
          -90.08364999999999,
          29.960194444444443
        ]
      },
      "properties": {
        "id": 90554,
        "obstruction": "Private Owner Vehicle",
        "imageUrl": "https://feed.bikelaneuprising.com/nc/uploads/photos/62137568-3a78-4f08-bf6d-444a340816b8_xDa1A.jpg",
        "cityKey": "new-orleans-la",
        "cityLabel": "New Orleans, LA",
        "date": "2025-04-07 00:00:00",
        "location": "VALID"
      }
    },
    {
      "type": "Feature",
      "geometry": {
        "type": "Point",
        "coordinates": [
          -90.1022945,
          29.978353333333335
        ]
      },
      "properties": {
        "id": 90789,
        "obstruction": "Company Vehicle",
        "imageUrl": "https://feed.bikelaneuprising.com/nc/uploads/photos/c2f00d85-b4f1-435e-a280-262f3cce43b7_KG6Ej.jpg",
        "cityKey": "new-orleans-la",
        "cityLabel": "New Orleans, LA",
        "date": "2025-04-08 00:00:00",
        "location": "VALID"
      }
    },
    {
      "type": "Feature",
      "geometry": {
        "type": "Point",
        "coordinates": [
          -90.07833883333333,
          30.021077833333333
        ]
      },
      "properties": {
        "id": 90790,
        "obstruction": "Company Vehicle",
        "imageUrl": "https://feed.bikelaneuprising.com/nc/uploads/photos/78e5d410-084b-4456-8ade-1c2e82f56c97_GtWOB.jpg",
        "cityKey": "new-orleans-la",
        "cityLabel": "New Orleans, LA",
        "date": "2025-04-10 00:00:00",
        "location": "VALID"
      }
    },
    {
      "type": "Feature",
      "geometry": {
        "type": "Point",
        "coordinates": [
          -90.07632,
          29.95057
        ]
      },
      "properties": {
        "id": 90791,
        "obstruction": "Taxi / Uber / Livery / Lyft",
        "imageUrl": "",
        "cityKey": "new-orleans-la",
        "cityLabel": "New Orleans, LA",
        "date": "2025-04-11 00:00:00",
        "location": "VALID"
      }
    },
    {
      "type": "Feature",
      "geometry": {
        "type": "Point",
        "coordinates": [
          -90.05218,
          29.96944
        ]
      },
      "properties": {
        "id": 90890,
        "obstruction": "Private Owner Vehicle",
        "imageUrl": "https://feed.bikelaneuprising.com/nc/uploads/photos/e430a0e2-a4fc-4eb8-acca-75a9bf72ba21_Be_as.jpg",
        "cityKey": "new-orleans-la",
        "cityLabel": "New Orleans, LA",
        "date": "2025-04-13 00:00:00",
        "location": "VALID"
      }
    },
    {
      "type": "Feature",
      "geometry": {
        "type": "Point",
        "coordinates": [
          -90.10125833333333,
          29.97768
        ]
      },
      "properties": {
        "id": 91023,
        "obstruction": "Company Vehicle",
        "imageUrl": "https://feed.bikelaneuprising.com/nc/uploads/photos/df2fbdde-1e22-4033-8646-854e16fb23c8_GwqVM.jpg",
        "cityKey": "new-orleans-la",
        "cityLabel": "New Orleans, LA",
        "date": "2025-04-14 00:00:00",
        "location": "VALID"
      }
    },
    {
      "type": "Feature",
      "geometry": {
        "type": "Point",
        "coordinates": [
          -90.1022195,
          29.978286666666666
        ]
      },
      "properties": {
        "id": 91024,
        "obstruction": "Company Vehicle",
        "imageUrl": "https://feed.bikelaneuprising.com/nc/uploads/photos/6c65438e-620c-4285-93e3-22e4be5e1af6_W_X5m.jpg",
        "cityKey": "new-orleans-la",
        "cityLabel": "New Orleans, LA",
        "date": "2025-04-14 00:00:00",
        "location": "VALID"
      }
    },
    {
      "type": "Feature",
      "geometry": {
        "type": "Point",
        "coordinates": [
          -90.05301,
          29.96869
        ]
      },
      "properties": {
        "id": 91046,
        "obstruction": "Company Vehicle",
        "imageUrl": "https://feed.bikelaneuprising.com/nc/uploads/photos/bd29aa79-2072-43c8-87ff-5dfc3fc96b81_O1ZAS.jpg",
        "cityKey": "new-orleans-la",
        "cityLabel": "New Orleans, LA",
        "date": "2025-04-15 00:00:00",
        "location": "VALID"
      }
    },
    {
      "type": "Feature",
      "geometry": {
        "type": "Point",
        "coordinates": [
          -90.05301,
          29.96869
        ]
      },
      "properties": {
        "id": 91047,
        "obstruction": "Company Vehicle",
        "imageUrl": "https://feed.bikelaneuprising.com/nc/uploads/photos/bd29aa79-2072-43c8-87ff-5dfc3fc96b81_awoJE.jpg",
        "cityKey": "new-orleans-la",
        "cityLabel": "New Orleans, LA",
        "date": "2025-04-15 00:00:00",
        "location": "VALID"
      }
    },
    {
      "type": "Feature",
      "geometry": {
        "type": "Point",
        "coordinates": [
          -90.0992055,
          29.926786666666665
        ]
      },
      "properties": {
        "id": 91085,
        "obstruction": "Private Owner Vehicle",
        "imageUrl": "https://feed.bikelaneuprising.com/nc/uploads/photos/2f34255b-c8b3-438d-9a39-a4e15023f153_5enTc.jpg",
        "cityKey": "new-orleans-la",
        "cityLabel": "New Orleans, LA",
        "date": "2025-04-15 00:00:00",
        "location": "VALID"
      }
    },
    {
      "type": "Feature",
      "geometry": {
        "type": "Point",
        "coordinates": [
          -90.07418883333334,
          29.96303
        ]
      },
      "properties": {
        "id": 91086,
        "obstruction": "Company Vehicle",
        "imageUrl": "https://feed.bikelaneuprising.com/nc/uploads/photos/c3dcafc7-6119-4b78-8d52-4679b448812a_QYXGD.jpg",
        "cityKey": "new-orleans-la",
        "cityLabel": "New Orleans, LA",
        "date": "2025-04-15 00:00:00",
        "location": "VALID"
      }
    },
    {
      "type": "Feature",
      "geometry": {
        "type": "Point",
        "coordinates": [
          -90.07483,
          29.95383
        ]
      },
      "properties": {
        "id": 91121,
        "obstruction": "Company Vehicle",
        "imageUrl": "https://feed.bikelaneuprising.com/nc/uploads/photos/14d0119b-853a-4888-9f3c-95394c326209_iFO-M.jpg",
        "cityKey": "new-orleans-la",
        "cityLabel": "New Orleans, LA",
        "date": "2025-04-16 00:00:00",
        "location": "VALID"
      }
    },
    {
      "type": "Feature",
      "geometry": {
        "type": "Point",
        "coordinates": [
          -90.08596666666666,
          30.011075
        ]
      },
      "properties": {
        "id": 91181,
        "obstruction": "Private Owner Vehicle",
        "imageUrl": "https://feed.bikelaneuprising.com/nc/uploads/photos/b27b04a2-2d2b-4eb1-905a-16a4164cedf5_KVd03.jpg",
        "cityKey": "new-orleans-la",
        "cityLabel": "New Orleans, LA",
        "date": "2025-04-17 00:00:00",
        "location": "VALID"
      }
    },
    {
      "type": "Feature",
      "geometry": {
        "type": "Point",
        "coordinates": [
          -90.05605,
          29.96835
        ]
      },
      "properties": {
        "id": 91502,
        "obstruction": "Private Owner Vehicle",
        "imageUrl": "https://feed.bikelaneuprising.com/nc/uploads/photos/2e185f08-a1ff-43b4-b3ea-6f8b8b1fad9d_Oj-EV.jpg",
        "cityKey": "new-orleans-la",
        "cityLabel": "New Orleans, LA",
        "date": "2025-04-21 00:00:00",
        "location": "VALID"
      }
    },
    {
      "type": "Feature",
      "geometry": {
        "type": "Point",
        "coordinates": [
          -90.05605,
          29.96835
        ]
      },
      "properties": {
        "id": 91504,
        "obstruction": "Municipal (city) Vehicle - includes USPS",
        "imageUrl": "https://feed.bikelaneuprising.com/nc/uploads/photos/48c5c2cf-6bba-4fe7-a86d-e6991eee79ab_9wE_2.jpg",
        "cityKey": "new-orleans-la",
        "cityLabel": "New Orleans, LA",
        "date": "2025-04-21 00:00:00",
        "location": "VALID"
      }
    },
    {
      "type": "Feature",
      "geometry": {
        "type": "Point",
        "coordinates": [
          -90.07475283333333,
          30.021211166666667
        ]
      },
      "properties": {
        "id": 91575,
        "obstruction": "Municipal (city) Vehicle - includes USPS",
        "imageUrl": "https://feed.bikelaneuprising.com/nc/uploads/photos/35ec70b9-6ede-4772-a566-1c6f41320ce0_SvqjS.jpg",
        "cityKey": "new-orleans-la",
        "cityLabel": "New Orleans, LA",
        "date": "2025-04-21 00:00:00",
        "location": "VALID"
      }
    },
    {
      "type": "Feature",
      "geometry": {
        "type": "Point",
        "coordinates": [
          -90.0753945,
          30.021127833333335
        ]
      },
      "properties": {
        "id": 91576,
        "obstruction": "Company Vehicle",
        "imageUrl": "https://feed.bikelaneuprising.com/nc/uploads/photos/4f308c12-784a-4abf-a3ee-414db9f2a228_VJZxy.jpg",
        "cityKey": "new-orleans-la",
        "cityLabel": "New Orleans, LA",
        "date": "2025-04-21 00:00:00",
        "location": "VALID"
      }
    },
    {
      "type": "Feature",
      "geometry": {
        "type": "Point",
        "coordinates": [
          -90.1007695,
          29.977296666666668
        ]
      },
      "properties": {
        "id": 91637,
        "obstruction": "Private Owner Vehicle",
        "imageUrl": "https://feed.bikelaneuprising.com/nc/uploads/photos/b0827e16-5ceb-4ba8-971e-ac364a9fbe71_f1NB9.jpg",
        "cityKey": "new-orleans-la",
        "cityLabel": "New Orleans, LA",
        "date": "2025-04-22 00:00:00",
        "location": "VALID"
      }
    },
    {
      "type": "Feature",
      "geometry": {
        "type": "Point",
        "coordinates": [
          -90.08628883333333,
          29.98162
        ]
      },
      "properties": {
        "id": 92133,
        "obstruction": "Private Owner Vehicle",
        "imageUrl": "https://feed.bikelaneuprising.com/nc/uploads/photos/6de5f4c7-0bd5-421f-ac75-ce6b99c13753_btHAP.jpg",
        "cityKey": "new-orleans-la",
        "cityLabel": "New Orleans, LA",
        "date": "2025-04-26 00:00:00",
        "location": "VALID"
      }
    },
    {
      "type": "Feature",
      "geometry": {
        "type": "Point",
        "coordinates": [
          -90.08606666666667,
          29.981461666666668
        ]
      },
      "properties": {
        "id": 92134,
        "obstruction": "Private Owner Vehicle",
        "imageUrl": "https://feed.bikelaneuprising.com/nc/uploads/photos/cf9d318c-8dcd-4dcc-a20a-837b8485b693_nDJy9.jpg",
        "cityKey": "new-orleans-la",
        "cityLabel": "New Orleans, LA",
        "date": "2025-04-26 00:00:00",
        "location": "VALID"
      }
    },
    {
      "type": "Feature",
      "geometry": {
        "type": "Point",
        "coordinates": [
          -90.07523333333333,
          29.944278333333333
        ]
      },
      "properties": {
        "id": 92136,
        "obstruction": "Private Owner Vehicle",
        "imageUrl": "https://feed.bikelaneuprising.com/nc/uploads/photos/267306d3-380c-44bc-8c88-a6c37970d6ea_uICQu.jpg",
        "cityKey": "new-orleans-la",
        "cityLabel": "New Orleans, LA",
        "date": "2025-04-26 00:00:00",
        "location": "VALID"
      }
    },
    {
      "type": "Feature",
      "geometry": {
        "type": "Point",
        "coordinates": [
          -90.05622216666667,
          29.962696666666666
        ]
      },
      "properties": {
        "id": 92304,
        "obstruction": "Taxi / Uber / Livery / Lyft",
        "imageUrl": "https://feed.bikelaneuprising.com/nc/uploads/photos/406993d5-9076-452c-bbd3-e38599ac9ce7_bhZQI.jpg",
        "cityKey": "new-orleans-la",
        "cityLabel": "New Orleans, LA",
        "date": "2025-04-28 00:00:00",
        "location": "VALID"
      }
    },
    {
      "type": "Feature",
      "geometry": {
        "type": "Point",
        "coordinates": [
          -90.0565555,
          29.962558333333334
        ]
      },
      "properties": {
        "id": 92305,
        "obstruction": "Private Owner Vehicle",
        "imageUrl": "https://feed.bikelaneuprising.com/nc/uploads/photos/3b8ec95e-bac5-42fc-9dc6-89cf323c4d68_8uIAl.jpg",
        "cityKey": "new-orleans-la",
        "cityLabel": "New Orleans, LA",
        "date": "2025-04-28 00:00:00",
        "location": "VALID"
      }
    },
    {
      "type": "Feature",
      "geometry": {
        "type": "Point",
        "coordinates": [
          -90.0752195,
          29.944171666666666
        ]
      },
      "properties": {
        "id": 92408,
        "obstruction": "Private Owner Vehicle",
        "imageUrl": "https://feed.bikelaneuprising.com/nc/uploads/photos/e0ec54e2-9f7d-4130-9aea-c03df96bb5e2_QT_JP.jpg",
        "cityKey": "new-orleans-la",
        "cityLabel": "New Orleans, LA",
        "date": "2025-04-29 00:00:00",
        "location": "VALID"
      }
    },
    {
      "type": "Feature",
      "geometry": {
        "type": "Point",
        "coordinates": [
          -90.12148333333333,
          29.933603333333334
        ]
      },
      "properties": {
        "id": 92409,
        "obstruction": "Private Owner Vehicle",
        "imageUrl": "https://feed.bikelaneuprising.com/nc/uploads/photos/a788e54a-9448-409f-9b09-296a9fc98c52_B1J8a.jpg",
        "cityKey": "new-orleans-la",
        "cityLabel": "New Orleans, LA",
        "date": "2025-04-29 00:00:00",
        "location": "VALID"
      }
    },
    {
      "type": "Feature",
      "geometry": {
        "type": "Point",
        "coordinates": [
          -90.07632,
          29.95057
        ]
      },
      "properties": {
        "id": 92502,
        "obstruction": "Company Vehicle",
        "imageUrl": "https://feed.bikelaneuprising.com/nc/uploads/photos/ab047bba-b772-4636-ba1f-88b39aec3a1b_PffzH.jpg",
        "cityKey": "new-orleans-la",
        "cityLabel": "New Orleans, LA",
        "date": "2025-04-30 00:00:00",
        "location": "VALID"
      }
    },
    {
      "type": "Feature",
      "geometry": {
        "type": "Point",
        "coordinates": [
          -90.05605,
          29.96835
        ]
      },
      "properties": {
        "id": 92508,
        "obstruction": "Private Owner Vehicle",
        "imageUrl": "https://feed.bikelaneuprising.com/nc/uploads/photos/b356f274-6558-4e59-ac26-e4df22c73cc5_4s4Lg.jpg",
        "cityKey": "new-orleans-la",
        "cityLabel": "New Orleans, LA",
        "date": "2025-04-30 00:00:00",
        "location": "VALID"
      }
    },
    {
      "type": "Feature",
      "geometry": {
        "type": "Point",
        "coordinates": [
          -90.05602,
          29.97869
        ]
      },
      "properties": {
        "id": 92790,
        "obstruction": "Private Owner Vehicle",
        "imageUrl": "https://feed.bikelaneuprising.com/nc/uploads/photos/d387342d-19ca-40f8-aa6e-aeb2c4352524_uxkeE.jpg",
        "cityKey": "new-orleans-la",
        "cityLabel": "New Orleans, LA",
        "date": "2025-05-02 00:00:00",
        "location": "VALID"
      }
    },
    {
      "type": "Feature",
      "geometry": {
        "type": "Point",
        "coordinates": [
          -90.10276666666667,
          29.97202
        ]
      },
      "properties": {
        "id": 93026,
        "obstruction": "Company Vehicle",
        "imageUrl": "https://feed.bikelaneuprising.com/nc/uploads/photos/41f68623-12de-4c05-9e4b-0908896d18d0_lxysF.jpg",
        "cityKey": "new-orleans-la",
        "cityLabel": "New Orleans, LA",
        "date": "2025-05-04 00:00:00",
        "location": "VALID"
      }
    },
    {
      "type": "Feature",
      "geometry": {
        "type": "Point",
        "coordinates": [
          -90.07641,
          29.98624
        ]
      },
      "properties": {
        "id": 93375,
        "obstruction": "Private Owner Vehicle",
        "imageUrl": "https://feed.bikelaneuprising.com/nc/uploads/photos/5d3be7b9-f363-4cfa-b83f-b472f2935673_mzqRr.jpg",
        "cityKey": "new-orleans-la",
        "cityLabel": "New Orleans, LA",
        "date": "2025-05-09 00:00:00",
        "location": "VALID"
      }
    },
    {
      "type": "Feature",
      "geometry": {
        "type": "Point",
        "coordinates": [
          -90.07641,
          29.98624
        ]
      },
      "properties": {
        "id": 93400,
        "obstruction": "Private Owner Vehicle",
        "imageUrl": "https://feed.bikelaneuprising.com/nc/uploads/photos/c36b38af-1b0d-469e-9d80-d49e466d091d_741_M.jpg",
        "cityKey": "new-orleans-la",
        "cityLabel": "New Orleans, LA",
        "date": "2025-05-09 00:00:00",
        "location": "VALID"
      }
    },
    {
      "type": "Feature",
      "geometry": {
        "type": "Point",
        "coordinates": [
          -90.05244,
          29.96869
        ]
      },
      "properties": {
        "id": 93602,
        "obstruction": "Private Owner Vehicle",
        "imageUrl": "https://feed.bikelaneuprising.com/nc/uploads/photos/7b81af26-4ad1-4f96-a54f-78f9612091c5_yAzRQ.jpg",
        "cityKey": "new-orleans-la",
        "cityLabel": "New Orleans, LA",
        "date": "2025-05-11 00:00:00",
        "location": "VALID"
      }
    },
    {
      "type": "Feature",
      "geometry": {
        "type": "Point",
        "coordinates": [
          -90.05638,
          29.96847
        ]
      },
      "properties": {
        "id": 93665,
        "obstruction": "Private Owner Vehicle",
        "imageUrl": "https://feed.bikelaneuprising.com/nc/uploads/photos/f9fa6a46-8adb-4081-8eb1-e9d3a1c498c2_2cPUP.jpg",
        "cityKey": "new-orleans-la",
        "cityLabel": "New Orleans, LA",
        "date": "2025-05-12 00:00:00",
        "location": "VALID"
      }
    },
    {
      "type": "Feature",
      "geometry": {
        "type": "Point",
        "coordinates": [
          -90.07694166666667,
          29.98287
        ]
      },
      "properties": {
        "id": 93773,
        "obstruction": "Private Owner Vehicle",
        "imageUrl": "https://feed.bikelaneuprising.com/nc/uploads/photos/53503622-0cee-48cc-9a51-f9368712ae97_Wkkro.jpg",
        "cityKey": "new-orleans-la",
        "cityLabel": "New Orleans, LA",
        "date": "2025-05-12 00:00:00",
        "location": "VALID"
      }
    },
    {
      "type": "Feature",
      "geometry": {
        "type": "Point",
        "coordinates": [
          -90.07538616666666,
          29.987653333333334
        ]
      },
      "properties": {
        "id": 93774,
        "obstruction": "Private Owner Vehicle",
        "imageUrl": "https://feed.bikelaneuprising.com/nc/uploads/photos/1230d0a1-de27-4345-b384-c9ed8118b245_s1jpr.jpg",
        "cityKey": "new-orleans-la",
        "cityLabel": "New Orleans, LA",
        "date": "2025-05-12 00:00:00",
        "location": "VALID"
      }
    },
    {
      "type": "Feature",
      "geometry": {
        "type": "Point",
        "coordinates": [
          -90.07621116666667,
          29.986138333333333
        ]
      },
      "properties": {
        "id": 93775,
        "obstruction": "Construction",
        "imageUrl": "https://feed.bikelaneuprising.com/nc/uploads/photos/91f99a81-a1a7-412e-96c1-f0e30d9ad141_NEcet.jpg",
        "cityKey": "new-orleans-la",
        "cityLabel": "New Orleans, LA",
        "date": "2025-05-12 00:00:00",
        "location": "VALID"
      }
    },
    {
      "type": "Feature",
      "geometry": {
        "type": "Point",
        "coordinates": [
          -90.07633,
          29.95013
        ]
      },
      "properties": {
        "id": 93966,
        "obstruction": "Company Vehicle",
        "imageUrl": "https://feed.bikelaneuprising.com/nc/uploads/photos/10c69a87-f3d3-4a1f-86c6-7dcc79db2615_Lzgu5.jpg",
        "cityKey": "new-orleans-la",
        "cityLabel": "New Orleans, LA",
        "date": "2025-05-14 00:00:00",
        "location": "VALID"
      }
    },
    {
      "type": "Feature",
      "geometry": {
        "type": "Point",
        "coordinates": [
          -90.05605,
          29.96835
        ]
      },
      "properties": {
        "id": 94369,
        "obstruction": "Private Owner Vehicle",
        "imageUrl": "https://feed.bikelaneuprising.com/nc/uploads/photos/9804f00a-4342-4e56-a7f9-2e8d4333c755_xCNbv.jpg",
        "cityKey": "new-orleans-la",
        "cityLabel": "New Orleans, LA",
        "date": "2025-05-18 00:00:00",
        "location": "VALID"
      }
    },
    {
      "type": "Feature",
      "geometry": {
        "type": "Point",
        "coordinates": [
          -90.05378,
          29.96822
        ]
      },
      "properties": {
        "id": 94486,
        "obstruction": "Private Owner Vehicle",
        "imageUrl": "https://feed.bikelaneuprising.com/nc/uploads/photos/f6bf5a84-357b-4a6b-a66b-30eb3a20eb2e_WT16y.jpg",
        "cityKey": "new-orleans-la",
        "cityLabel": "New Orleans, LA",
        "date": "2025-05-20 00:00:00",
        "location": "VALID"
      }
    },
    {
      "type": "Feature",
      "geometry": {
        "type": "Point",
        "coordinates": [
          -90.05501,
          29.96857
        ]
      },
      "properties": {
        "id": 94657,
        "obstruction": "Company Vehicle",
        "imageUrl": "https://feed.bikelaneuprising.com/nc/uploads/photos/ef1856ad-fed0-4406-818d-da923a350413_0V6ez.jpg",
        "cityKey": "new-orleans-la",
        "cityLabel": "New Orleans, LA",
        "date": "2025-05-21 00:00:00",
        "location": "VALID"
      }
    },
    {
      "type": "Feature",
      "geometry": {
        "type": "Point",
        "coordinates": [
          -90.05622783333334,
          29.963436666666666
        ]
      },
      "properties": {
        "id": 94920,
        "obstruction": "Private Owner Vehicle",
        "imageUrl": "https://feed.bikelaneuprising.com/nc/uploads/photos/36add5d7-5773-4aca-9448-1186f7a60183_0Et4f.jpg",
        "cityKey": "new-orleans-la",
        "cityLabel": "New Orleans, LA",
        "date": "2025-05-24 00:00:00",
        "location": "VALID"
      }
    },
    {
      "type": "Feature",
      "geometry": null,
      "properties": {
        "id": 94947,
        "obstruction": "Company Vehicle",
        "imageUrl": "https://feed.bikelaneuprising.com/nc/uploads/photos/e555bd89-2ee8-47f1-991c-c5aa78becfb6_IwUXd.jpg",
        "cityKey": "new-orleans-la",
        "cityLabel": "New Orleans, LA",
        "date": "2025-05-24 00:00:00",
        "location": "INVALID"
      }
    },
    {
      "type": "Feature",
      "geometry": {
        "type": "Point",
        "coordinates": [
          -90.06852783333333,
          29.977895
        ]
      },
      "properties": {
        "id": 95046,
        "obstruction": "Private Owner Vehicle",
        "imageUrl": "https://feed.bikelaneuprising.com/nc/uploads/photos/09f122f8-b2bb-4299-a8bb-06131af56152_5mpGl.jpg",
        "cityKey": "new-orleans-la",
        "cityLabel": "New Orleans, LA",
        "date": "2025-05-25 00:00:00",
        "location": "VALID"
      }
    },
    {
      "type": "Feature",
      "geometry": {
        "type": "Point",
        "coordinates": [
          -90.06545283333334,
          29.972521666666665
        ]
      },
      "properties": {
        "id": 95091,
        "obstruction": "Municipal (city) Vehicle - includes USPS",
        "imageUrl": "https://feed.bikelaneuprising.com/nc/uploads/photos/424bafef-4bb9-44ce-8c84-f43c8080447f_TB4-1.jpg",
        "cityKey": "new-orleans-la",
        "cityLabel": "New Orleans, LA",
        "date": "2025-05-26 00:00:00",
        "location": "VALID"
      }
    },
    {
      "type": "Feature",
      "geometry": {
        "type": "Point",
        "coordinates": [
          -90.07558,
          29.97396
        ]
      },
      "properties": {
        "id": 95145,
        "obstruction": "Private Owner Vehicle",
        "imageUrl": "https://feed.bikelaneuprising.com/nc/uploads/photos/9876e8c9-3d95-4143-997a-fedac7410704_O1nt_.jpg",
        "cityKey": "new-orleans-la",
        "cityLabel": "New Orleans, LA",
        "date": "2025-05-27 00:00:00",
        "location": "VALID"
      }
    },
    {
      "type": "Feature",
      "geometry": {
        "type": "Point",
        "coordinates": [
          -90.07519166666667,
          29.947277777777778
        ]
      },
      "properties": {
        "id": 95162,
        "obstruction": "Company Vehicle",
        "imageUrl": "https://feed.bikelaneuprising.com/nc/uploads/photos/dd13be63-ae37-451c-9142-add25fd979d6_LHqAc.jpg",
        "cityKey": "new-orleans-la",
        "cityLabel": "New Orleans, LA",
        "date": "2025-05-27 00:00:00",
        "location": "VALID"
      }
    },
    {
      "type": "Feature",
      "geometry": {
        "type": "Point",
        "coordinates": [
          -90.0745,
          29.945786666666667
        ]
      },
      "properties": {
        "id": 95348,
        "obstruction": "Private Owner Vehicle",
        "imageUrl": "https://feed.bikelaneuprising.com/nc/uploads/photos/42f040cd-51e0-4260-9466-37e6e8eb4777_r59Vs.jpg",
        "cityKey": "new-orleans-la",
        "cityLabel": "New Orleans, LA",
        "date": "2025-05-29 00:00:00",
        "location": "VALID"
      }
    },
    {
      "type": "Feature",
      "geometry": {
        "type": "Point",
        "coordinates": [
          -90.05605,
          29.96835
        ]
      },
      "properties": {
        "id": 95529,
        "obstruction": "Company Vehicle",
        "imageUrl": "https://feed.bikelaneuprising.com/nc/uploads/photos/37aa70a2-d3bf-4b8e-93d5-f0dd486b3662_TCtR6.jpg",
        "cityKey": "new-orleans-la",
        "cityLabel": "New Orleans, LA",
        "date": "2025-05-31 00:00:00",
        "location": "VALID"
      }
    },
    {
      "type": "Feature",
      "geometry": {
        "type": "Point",
        "coordinates": [
          -90.05577,
          29.96851
        ]
      },
      "properties": {
        "id": 95530,
        "obstruction": "Company Vehicle",
        "imageUrl": "https://feed.bikelaneuprising.com/nc/uploads/photos/76ec0159-e879-4572-9d4a-bc407ef3647a_sJ6oG.jpg",
        "cityKey": "new-orleans-la",
        "cityLabel": "New Orleans, LA",
        "date": "2025-05-31 00:00:00",
        "location": "VALID"
      }
    },
    {
      "type": "Feature",
      "geometry": {
        "type": "Point",
        "coordinates": [
          -90.06629,
          29.96302
        ]
      },
      "properties": {
        "id": 95610,
        "obstruction": "Company Vehicle",
        "imageUrl": "https://feed.bikelaneuprising.com/nc/uploads/photos/5ec50094-c665-42c7-87aa-676fb33f5193_4MZrk.jpg",
        "cityKey": "new-orleans-la",
        "cityLabel": "New Orleans, LA",
        "date": "2025-05-31 00:00:00",
        "location": "VALID"
      }
    },
    {
      "type": "Feature",
      "geometry": {
        "type": "Point",
        "coordinates": [
          -90.06629,
          29.96302
        ]
      },
      "properties": {
        "id": 95611,
        "obstruction": "Company Vehicle",
        "imageUrl": "https://feed.bikelaneuprising.com/nc/uploads/photos/580b3c70-6a45-418c-98f2-e41e61213fbd_hDo-I.jpg",
        "cityKey": "new-orleans-la",
        "cityLabel": "New Orleans, LA",
        "date": "2025-05-31 00:00:00",
        "location": "VALID"
      }
    },
    {
      "type": "Feature",
      "geometry": {
        "type": "Point",
        "coordinates": [
          -90.05654103252077,
          29.961424466332673
        ]
      },
      "properties": {
        "id": 95970,
        "obstruction": "Company Vehicle",
        "imageUrl": "",
        "cityKey": "new-orleans-la",
        "cityLabel": "New Orleans, LA",
        "date": "2025-06-03 00:00:00",
        "location": "VALID"
      }
    },
    {
      "type": "Feature",
      "geometry": {
        "type": "Point",
        "coordinates": [
          -90.056725,
          29.961361666666665
        ]
      },
      "properties": {
        "id": 95971,
        "obstruction": "Company Vehicle",
        "imageUrl": "https://feed.bikelaneuprising.com/nc/uploads/photos/23abc8af-3874-4417-9675-bf2d3b152c47_4bcvF.jpg",
        "cityKey": "new-orleans-la",
        "cityLabel": "New Orleans, LA",
        "date": "2025-06-03 00:00:00",
        "location": "VALID"
      }
    },
    {
      "type": "Feature",
      "geometry": {
        "type": "Point",
        "coordinates": [
          -90.10229718763908,
          29.96003683269632
        ]
      },
      "properties": {
        "id": 95984,
        "obstruction": "Municipal (city) Vehicle - includes USPS",
        "imageUrl": "https://feed.bikelaneuprising.com/nc/uploads/photos/c438befb-e635-424e-b655-249805842a13_5FcJm.jpg",
        "cityKey": "new-orleans-la",
        "cityLabel": "New Orleans, LA",
        "date": "2025-06-04 00:00:00",
        "location": "VALID"
      }
    },
    {
      "type": "Feature",
      "geometry": {
        "type": "Point",
        "coordinates": [
          -90.07632,
          29.95057
        ]
      },
      "properties": {
        "id": 96203,
        "obstruction": "Taxi / Uber / Livery / Lyft",
        "imageUrl": "https://feed.bikelaneuprising.com/nc/uploads/photos/9b1552bf-b8c7-4c2d-9704-803812062aae_18kGK.jpg",
        "cityKey": "new-orleans-la",
        "cityLabel": "New Orleans, LA",
        "date": "2025-06-06 00:00:00",
        "location": "VALID"
      }
    },
    {
      "type": "Feature",
      "geometry": {
        "type": "Point",
        "coordinates": [
          -90.07632,
          29.95057
        ]
      },
      "properties": {
        "id": 96204,
        "obstruction": "Taxi / Uber / Livery / Lyft",
        "imageUrl": "https://feed.bikelaneuprising.com/nc/uploads/photos/94946291-c6c3-43ba-b732-23ebd12eaf89_KMIMi.jpg",
        "cityKey": "new-orleans-la",
        "cityLabel": "New Orleans, LA",
        "date": "2025-06-06 00:00:00",
        "location": "VALID"
      }
    },
    {
      "type": "Feature",
      "geometry": {
        "type": "Point",
        "coordinates": [
          -90.05605,
          29.96835
        ]
      },
      "properties": {
        "id": 96213,
        "obstruction": "Private Owner Vehicle",
        "imageUrl": "https://feed.bikelaneuprising.com/nc/uploads/photos/449da40f-d840-4d0e-a993-a9de6ea11437_ixvYU.jpg",
        "cityKey": "new-orleans-la",
        "cityLabel": "New Orleans, LA",
        "date": "2025-06-06 00:00:00",
        "location": "VALID"
      }
    },
    {
      "type": "Feature",
      "geometry": {
        "type": "Point",
        "coordinates": [
          -90.07633,
          29.95013
        ]
      },
      "properties": {
        "id": 96554,
        "obstruction": "Taxi / Uber / Livery / Lyft",
        "imageUrl": "https://feed.bikelaneuprising.com/nc/uploads/photos/676e1b3a-0e62-4739-a810-b37c998c536b_LaOiz.jpg",
        "cityKey": "new-orleans-la",
        "cityLabel": "New Orleans, LA",
        "date": "2025-06-11 00:00:00",
        "location": "VALID"
      }
    },
    {
      "type": "Feature",
      "geometry": {
        "type": "Point",
        "coordinates": [
          -90.0731195,
          29.950345
        ]
      },
      "properties": {
        "id": 97179,
        "obstruction": "Private Owner Vehicle",
        "imageUrl": "https://feed.bikelaneuprising.com/nc/uploads/photos/17681e18-49ad-4871-ae87-33624677f81e_aVkAG.jpg",
        "cityKey": "new-orleans-la",
        "cityLabel": "New Orleans, LA",
        "date": "2025-06-19 00:00:00",
        "location": "VALID"
      }
    },
    {
      "type": "Feature",
      "geometry": {
        "type": "Point",
        "coordinates": [
          -90.07506111111111,
          29.947736111111112
        ]
      },
      "properties": {
        "id": 97268,
        "obstruction": "Company Vehicle",
        "imageUrl": "https://feed.bikelaneuprising.com/nc/uploads/photos/159f7384-8fa4-469d-8150-56021041a556__R7ra.jpg",
        "cityKey": "new-orleans-la",
        "cityLabel": "New Orleans, LA",
        "date": "2025-06-19 00:00:00",
        "location": "VALID"
      }
    },
    {
      "type": "Feature",
      "geometry": null,
      "properties": {
        "id": 98292,
        "obstruction": "Private Owner Vehicle",
        "imageUrl": "https://feed.bikelaneuprising.com/nc/uploads/photos/23351292-17fd-4299-ac25-4da07c1b3140_B8Ftp.jpg",
        "cityKey": "new-orleans-la",
        "cityLabel": "New Orleans, LA",
        "date": "2025-07-07 00:00:00",
        "location": "INVALID"
      }
    },
    {
      "type": "Feature",
      "geometry": {
        "type": "Point",
        "coordinates": [
          -90.07456881334889,
          29.945526932512465
        ]
      },
      "properties": {
        "id": 98293,
        "obstruction": "Municipal (city) Vehicle - includes USPS",
        "imageUrl": "",
        "cityKey": "new-orleans-la",
        "cityLabel": "New Orleans, LA",
        "date": "2025-07-07 00:00:00",
        "location": "VALID"
      }
    },
    {
      "type": "Feature",
      "geometry": {
        "type": "Point",
        "coordinates": [
          -90.06708204746246,
          29.98056780541285
        ]
      },
      "properties": {
        "id": 99262,
        "obstruction": "Private Owner Vehicle",
        "imageUrl": "https://feed.bikelaneuprising.com/nc/uploads/photos/de85abaa-456d-44cf-abc6-b7e254ec45aa_ukO2_.jpg",
        "cityKey": "new-orleans-la",
        "cityLabel": "New Orleans, LA",
        "date": "2025-07-18 00:00:00",
        "location": "VALID"
      }
    },
    {
      "type": "Feature",
      "geometry": {
        "type": "Point",
        "coordinates": [
          -90.05267,
          29.96869
        ]
      },
      "properties": {
        "id": 99471,
        "obstruction": "Company Vehicle",
        "imageUrl": "https://feed.bikelaneuprising.com/nc/uploads/photos/1b2cd6d8-c824-424d-b93d-bb7f6415221a_k--Pn.jpg",
        "cityKey": "new-orleans-la",
        "cityLabel": "New Orleans, LA",
        "date": "2025-07-22 00:00:00",
        "location": "VALID"
      }
    },
    {
      "type": "Feature",
      "geometry": {
        "type": "Point",
        "coordinates": [
          -90.06195,
          29.96791
        ]
      },
      "properties": {
        "id": 99472,
        "obstruction": "Private Owner Vehicle",
        "imageUrl": "https://feed.bikelaneuprising.com/nc/uploads/photos/794cd4fd-1369-4740-9b43-64d1f41175e3_CSttF.jpg",
        "cityKey": "new-orleans-la",
        "cityLabel": "New Orleans, LA",
        "date": "2025-07-22 00:00:00",
        "location": "VALID"
      }
    },
    {
      "type": "Feature",
      "geometry": {
        "type": "Point",
        "coordinates": [
          -90.07632,
          29.95057
        ]
      },
      "properties": {
        "id": 99476,
        "obstruction": "Taxi / Uber / Livery / Lyft",
        "imageUrl": "https://feed.bikelaneuprising.com/nc/uploads/photos/83e2fdbb-347a-4be0-a3ef-b69d3cc108a9_BCfWP.jpg",
        "cityKey": "new-orleans-la",
        "cityLabel": "New Orleans, LA",
        "date": "2025-07-22 00:00:00",
        "location": "VALID"
      }
    },
    {
      "type": "Feature",
      "geometry": {
        "type": "Point",
        "coordinates": [
          -90.05605,
          29.96835
        ]
      },
      "properties": {
        "id": 99518,
        "obstruction": "Taxi / Uber / Livery / Lyft",
        "imageUrl": "https://feed.bikelaneuprising.com/nc/uploads/photos/37662816-92ed-4245-a52e-9a283edd2f7e_MMD3Q.jpg",
        "cityKey": "new-orleans-la",
        "cityLabel": "New Orleans, LA",
        "date": "2025-07-23 00:00:00",
        "location": "VALID"
      }
    },
    {
      "type": "Feature",
      "geometry": {
        "type": "Point",
        "coordinates": [
          -90.07922777777777,
          29.941347222222223
        ]
      },
      "properties": {
        "id": 99722,
        "obstruction": "Company Vehicle",
        "imageUrl": "https://feed.bikelaneuprising.com/nc/uploads/photos/3b7cebf6-b9cd-476d-bf48-4c226ccf69ff_WOzZY.jpg",
        "cityKey": "new-orleans-la",
        "cityLabel": "New Orleans, LA",
        "date": "2025-07-24 00:00:00",
        "location": "VALID"
      }
    },
    {
      "type": "Feature",
      "geometry": {
        "type": "Point",
        "coordinates": [
          -90.07560277777777,
          29.946141666666666
        ]
      },
      "properties": {
        "id": 99723,
        "obstruction": "Company Vehicle",
        "imageUrl": "https://feed.bikelaneuprising.com/nc/uploads/photos/0c6a0d69-1970-490a-97a5-5d7332557af0_T_bx9.jpg",
        "cityKey": "new-orleans-la",
        "cityLabel": "New Orleans, LA",
        "date": "2025-07-24 00:00:00",
        "location": "VALID"
      }
    },
    {
      "type": "Feature",
      "geometry": {
        "type": "Point",
        "coordinates": [
          -90.07536666666667,
          29.94677777777778
        ]
      },
      "properties": {
        "id": 99724,
        "obstruction": "Company Vehicle",
        "imageUrl": "https://feed.bikelaneuprising.com/nc/uploads/photos/2e207d06-15d8-4f13-9665-78a3838a8351_9VShq.jpg",
        "cityKey": "new-orleans-la",
        "cityLabel": "New Orleans, LA",
        "date": "2025-07-24 00:00:00",
        "location": "VALID"
      }
    },
    {
      "type": "Feature",
      "geometry": {
        "type": "Point",
        "coordinates": [
          -90.07615629583597,
          29.950087325249584
        ]
      },
      "properties": {
        "id": 100174,
        "obstruction": "Private Owner Vehicle",
        "imageUrl": "https://feed.bikelaneuprising.com/nc/uploads/photos/da527021-3495-4dd4-a392-f1a458e58f0c_32ypp.jpg",
        "cityKey": "new-orleans-la",
        "cityLabel": "New Orleans, LA",
        "date": "2025-07-30 00:00:00",
        "location": "VALID"
      }
    },
    {
      "type": "Feature",
      "geometry": {
        "type": "Point",
        "coordinates": [
          -90.07364716666666,
          29.948055
        ]
      },
      "properties": {
        "id": 100255,
        "obstruction": "Private Owner Vehicle",
        "imageUrl": "https://feed.bikelaneuprising.com/nc/uploads/photos/4bfba1ad-ad7c-45ac-9d1f-33df0fe02ef0_hBq2U.jpg",
        "cityKey": "new-orleans-la",
        "cityLabel": "New Orleans, LA",
        "date": "2025-07-31 00:00:00",
        "location": "VALID"
      }
    },
    {
      "type": "Feature",
      "geometry": {
        "type": "Point",
        "coordinates": [
          -90.05398,
          29.96901
        ]
      },
      "properties": {
        "id": 100413,
        "obstruction": "Company Vehicle",
        "imageUrl": "https://feed.bikelaneuprising.com/nc/uploads/photos/b2bb5a4e-71ce-4732-b7a0-e994e62d8b50_QLCvn.jpg",
        "cityKey": "new-orleans-la",
        "cityLabel": "New Orleans, LA",
        "date": "2025-08-02 00:00:00",
        "location": "VALID"
      }
    },
    {
      "type": "Feature",
      "geometry": {
        "type": "Point",
        "coordinates": [
          -90.05605,
          29.96835
        ]
      },
      "properties": {
        "id": 100414,
        "obstruction": "Company Vehicle",
        "imageUrl": "https://feed.bikelaneuprising.com/nc/uploads/photos/80bf09fe-d050-4338-848f-5b624b849523_lerHQ.jpg",
        "cityKey": "new-orleans-la",
        "cityLabel": "New Orleans, LA",
        "date": "2025-08-02 00:00:00",
        "location": "VALID"
      }
    },
    {
      "type": "Feature",
      "geometry": {
        "type": "Point",
        "coordinates": [
          -90.05605,
          29.96835
        ]
      },
      "properties": {
        "id": 100419,
        "obstruction": "Private Owner Vehicle",
        "imageUrl": "https://feed.bikelaneuprising.com/nc/uploads/photos/0113d3b6-f5cc-439a-b093-5e35f6ba11d2_XsREH.jpg",
        "cityKey": "new-orleans-la",
        "cityLabel": "New Orleans, LA",
        "date": "2025-08-02 00:00:00",
        "location": "VALID"
      }
    },
    {
      "type": "Feature",
      "geometry": {
        "type": "Point",
        "coordinates": [
          -90.05398,
          29.96901
        ]
      },
      "properties": {
        "id": 100543,
        "obstruction": "Private Owner Vehicle",
        "imageUrl": "https://feed.bikelaneuprising.com/nc/uploads/photos/0e404b67-3fc3-4e9d-98d0-bc11ae85bc4b_gMl_3.jpg",
        "cityKey": "new-orleans-la",
        "cityLabel": "New Orleans, LA",
        "date": "2025-08-05 00:00:00",
        "location": "VALID"
      }
    },
    {
      "type": "Feature",
      "geometry": {
        "type": "Point",
        "coordinates": [
          -90.05605,
          29.96835
        ]
      },
      "properties": {
        "id": 100914,
        "obstruction": "Private Owner Vehicle",
        "imageUrl": "https://feed.bikelaneuprising.com/nc/uploads/photos/37593f84-5ce9-4d94-954d-0f40e190cecc_do6o5.jpg",
        "cityKey": "new-orleans-la",
        "cityLabel": "New Orleans, LA",
        "date": "2025-08-10 00:00:00",
        "location": "VALID"
      }
    },
    {
      "type": "Feature",
      "geometry": {
        "type": "Point",
        "coordinates": [
          -90.07724716666667,
          29.975353333333334
        ]
      },
      "properties": {
        "id": 100945,
        "obstruction": "Construction",
        "imageUrl": "https://feed.bikelaneuprising.com/nc/uploads/photos/a7d8bdb0-4856-42ca-8c27-783dda2696bf_xr93f.jpg",
        "cityKey": "new-orleans-la",
        "cityLabel": "New Orleans, LA",
        "date": "2025-08-10 00:00:00",
        "location": "VALID"
      }
    },
    {
      "type": "Feature",
      "geometry": {
        "type": "Point",
        "coordinates": [
          -90.05691,
          29.96583
        ]
      },
      "properties": {
        "id": 100976,
        "obstruction": "Private Owner Vehicle",
        "imageUrl": "https://feed.bikelaneuprising.com/nc/uploads/photos/a7b4c3f9-a6ce-408a-89b4-164809caeb3c_8ex3p.jpg",
        "cityKey": "new-orleans-la",
        "cityLabel": "New Orleans, LA",
        "date": "2025-08-11 00:00:00",
        "location": "VALID"
      }
    },
    {
      "type": "Feature",
      "geometry": {
        "type": "Point",
        "coordinates": [
          -90.05244,
          29.96869
        ]
      },
      "properties": {
        "id": 101040,
        "obstruction": "Company Vehicle",
        "imageUrl": "https://feed.bikelaneuprising.com/nc/uploads/photos/e249a879-895d-48e9-85b2-e3abf6961926_MNEl6.jpg",
        "cityKey": "new-orleans-la",
        "cityLabel": "New Orleans, LA",
        "date": "2025-08-12 00:00:00",
        "location": "VALID"
      }
    },
    {
      "type": "Feature",
      "geometry": {
        "type": "Point",
        "coordinates": [
          -90.06195,
          29.96791
        ]
      },
      "properties": {
        "id": 101165,
        "obstruction": "Private Owner Vehicle",
        "imageUrl": "https://feed.bikelaneuprising.com/nc/uploads/photos/a4755a4c-bb24-4c07-9a8c-3fe1a683ce05_o2oce.jpg",
        "cityKey": "new-orleans-la",
        "cityLabel": "New Orleans, LA",
        "date": "2025-08-13 00:00:00",
        "location": "VALID"
      }
    },
    {
      "type": "Feature",
      "geometry": {
        "type": "Point",
        "coordinates": [
          -90.05605,
          29.96835
        ]
      },
      "properties": {
        "id": 101330,
        "obstruction": "Taxi / Uber / Livery / Lyft",
        "imageUrl": "https://feed.bikelaneuprising.com/nc/uploads/photos/dd2d8b90-3090-41dd-a80a-574b25516cdf_0wAih.jpg",
        "cityKey": "new-orleans-la",
        "cityLabel": "New Orleans, LA",
        "date": "2025-08-16 00:00:00",
        "location": "VALID"
      }
    },
    {
      "type": "Feature",
      "geometry": {
        "type": "Point",
        "coordinates": [
          -90.07986666666666,
          29.94009722222222
        ]
      },
      "properties": {
        "id": 101369,
        "obstruction": "Private Owner Vehicle",
        "imageUrl": "https://feed.bikelaneuprising.com/nc/uploads/photos/38b89938-1463-44eb-b57a-cd19e95cc48e_LyAoG.jpg",
        "cityKey": "new-orleans-la",
        "cityLabel": "New Orleans, LA",
        "date": "2025-08-13 00:00:00",
        "location": "VALID"
      }
    },
    {
      "type": "Feature",
      "geometry": {
        "type": "Point",
        "coordinates": [
          -90.07829444444444,
          29.95606111111111
        ]
      },
      "properties": {
        "id": 101370,
        "obstruction": "Company Vehicle",
        "imageUrl": "https://feed.bikelaneuprising.com/nc/uploads/photos/da8082aa-fc75-41e5-96ca-63bd09d695eb_qKBul.jpg",
        "cityKey": "new-orleans-la",
        "cityLabel": "New Orleans, LA",
        "date": "2025-08-06 00:00:00",
        "location": "VALID"
      }
    },
    {
      "type": "Feature",
      "geometry": {
        "type": "Point",
        "coordinates": [
          -90.0761611111111,
          29.951716666666666
        ]
      },
      "properties": {
        "id": 101526,
        "obstruction": "Private Owner Vehicle",
        "imageUrl": "",
        "cityKey": "new-orleans-la",
        "cityLabel": "New Orleans, LA",
        "date": "2025-08-18 00:00:00",
        "location": "VALID"
      }
    },
    {
      "type": "Feature",
      "geometry": {
        "type": "Point",
        "coordinates": [
          -90.07588883333334,
          30.021227833333334
        ]
      },
      "properties": {
        "id": 101623,
        "obstruction": "Company Vehicle",
        "imageUrl": "https://feed.bikelaneuprising.com/nc/uploads/photos/8e7df2fe-d02e-4e05-b3b6-edf1f8e4dc7e_cxOcy.jpg",
        "cityKey": "new-orleans-la",
        "cityLabel": "New Orleans, LA",
        "date": "2025-08-19 00:00:00",
        "location": "VALID"
      }
    },
    {
      "type": "Feature",
      "geometry": {
        "type": "Point",
        "coordinates": [
          -90.10553616666667,
          29.973708333333335
        ]
      },
      "properties": {
        "id": 101677,
        "obstruction": "Company Vehicle",
        "imageUrl": "https://feed.bikelaneuprising.com/nc/uploads/photos/1ece54e0-7093-4dac-90d6-1f749bb5a89a_qZnsp.jpg",
        "cityKey": "new-orleans-la",
        "cityLabel": "New Orleans, LA",
        "date": "2025-08-20 00:00:00",
        "location": "VALID"
      }
    },
    {
      "type": "Feature",
      "geometry": {
        "type": "Point",
        "coordinates": [
          -90.09916666666666,
          29.969391666666667
        ]
      },
      "properties": {
        "id": 101678,
        "obstruction": "Company Vehicle",
        "imageUrl": "https://feed.bikelaneuprising.com/nc/uploads/photos/742accf5-6ce4-4a3d-bcd9-d44ef7e2fef9_IbRSr.jpg",
        "cityKey": "new-orleans-la",
        "cityLabel": "New Orleans, LA",
        "date": "2025-08-20 00:00:00",
        "location": "VALID"
      }
    },
    {
      "type": "Feature",
      "geometry": {
        "type": "Point",
        "coordinates": [
          -90.05244,
          29.96869
        ]
      },
      "properties": {
        "id": 102079,
        "obstruction": "Company Vehicle",
        "imageUrl": "",
        "cityKey": "new-orleans-la",
        "cityLabel": "New Orleans, LA",
        "date": "2025-08-23 00:00:00",
        "location": "VALID"
      }
    },
    {
      "type": "Feature",
      "geometry": {
        "type": "Point",
        "coordinates": [
          -90.1066805,
          29.974508333333333
        ]
      },
      "properties": {
        "id": 102114,
        "obstruction": "Company Vehicle",
        "imageUrl": "https://feed.bikelaneuprising.com/nc/uploads/photos/cee41683-6e61-4354-9a1e-0253dbd5cad3_j-AHd.jpg",
        "cityKey": "new-orleans-la",
        "cityLabel": "New Orleans, LA",
        "date": "2025-08-23 00:00:00",
        "location": "VALID"
      }
    },
    {
      "type": "Feature",
      "geometry": {
        "type": "Point",
        "coordinates": [
          -90.09655,
          29.927013333333335
        ]
      },
      "properties": {
        "id": 102115,
        "obstruction": "Private Owner Vehicle",
        "imageUrl": "https://feed.bikelaneuprising.com/nc/uploads/photos/073839e0-4772-4eaa-a584-ed6089d11422_M6GCZ.jpg",
        "cityKey": "new-orleans-la",
        "cityLabel": "New Orleans, LA",
        "date": "2025-08-23 00:00:00",
        "location": "VALID"
      }
    },
    {
      "type": "Feature",
      "geometry": {
        "type": "Point",
        "coordinates": [
          -90.07325833333333,
          29.949436666666667
        ]
      },
      "properties": {
        "id": 102116,
        "obstruction": "Private Owner Vehicle",
        "imageUrl": "https://feed.bikelaneuprising.com/nc/uploads/photos/0d6f41d2-6e8f-42d9-a6c3-6084300feb1a_2pIK0.jpg",
        "cityKey": "new-orleans-la",
        "cityLabel": "New Orleans, LA",
        "date": "2025-08-23 00:00:00",
        "location": "VALID"
      }
    },
    {
      "type": "Feature",
      "geometry": {
        "type": "Point",
        "coordinates": [
          -90.07246383333333,
          29.952163333333335
        ]
      },
      "properties": {
        "id": 102117,
        "obstruction": "Private Owner Vehicle",
        "imageUrl": "https://feed.bikelaneuprising.com/nc/uploads/photos/0e197ea5-0ec4-4505-a67a-67b3f481c2d4_jj1ZI.jpg",
        "cityKey": "new-orleans-la",
        "cityLabel": "New Orleans, LA",
        "date": "2025-08-23 00:00:00",
        "location": "VALID"
      }
    },
    {
      "type": "Feature",
      "geometry": {
        "type": "Point",
        "coordinates": [
          -90.07523333333333,
          30.021088833333334
        ]
      },
      "properties": {
        "id": 103051,
        "obstruction": "Company Vehicle",
        "imageUrl": "https://feed.bikelaneuprising.com/nc/uploads/photos/0c3acff9-a593-47a9-9fb3-ebe01aec473a_duGqH.jpg",
        "cityKey": "new-orleans-la",
        "cityLabel": "New Orleans, LA",
        "date": "2025-09-02 00:00:00",
        "location": "VALID"
      }
    },
    {
      "type": "Feature",
      "geometry": {
        "type": "Point",
        "coordinates": [
          -90.12320445131311,
          29.953484942627917
        ]
      },
      "properties": {
        "id": 103604,
        "obstruction": "Other  (damaged lane / snow / debris / pedestrian / etc.)",
        "imageUrl": "",
        "cityKey": "new-orleans-la",
        "cityLabel": "New Orleans, LA",
        "date": "2025-09-10 00:00:00",
        "location": "VALID"
      }
    },
    {
      "type": "Feature",
      "geometry": {
        "type": "Point",
        "coordinates": [
          -90.08530555555555,
          29.959391666666665
        ]
      },
      "properties": {
        "id": 103828,
        "obstruction": "Municipal (city) Vehicle - includes USPS",
        "imageUrl": "https://feed.bikelaneuprising.com/nc/uploads/photos/270897c4-9fbd-4868-8123-f5558a0c47b1_nTcd8.jpg",
        "cityKey": "new-orleans-la",
        "cityLabel": "New Orleans, LA",
        "date": "2025-09-08 00:00:00",
        "location": "VALID"
      }
    },
    {
      "type": "Feature",
      "geometry": {
        "type": "Point",
        "coordinates": [
          -90.08415555555555,
          29.960052777777776
        ]
      },
      "properties": {
        "id": 103829,
        "obstruction": "Private Owner Vehicle",
        "imageUrl": "https://feed.bikelaneuprising.com/nc/uploads/photos/0980e6dd-d25e-4914-a3b3-121fd8b4d3bc_GjLe_.jpg",
        "cityKey": "new-orleans-la",
        "cityLabel": "New Orleans, LA",
        "date": "2025-09-08 00:00:00",
        "location": "VALID"
      }
    },
    {
      "type": "Feature",
      "geometry": {
        "type": "Point",
        "coordinates": [
          -90.07507777777778,
          29.947655555555556
        ]
      },
      "properties": {
        "id": 103830,
        "obstruction": "Company Vehicle",
        "imageUrl": "https://feed.bikelaneuprising.com/nc/uploads/photos/6324cb9e-1fda-4fad-af35-1e706928457c_fYMe9.jpg",
        "cityKey": "new-orleans-la",
        "cityLabel": "New Orleans, LA",
        "date": "2025-09-09 00:00:00",
        "location": "VALID"
      }
    },
    {
      "type": "Feature",
      "geometry": {
        "type": "Point",
        "coordinates": [
          -90.08358055555556,
          29.959980555555553
        ]
      },
      "properties": {
        "id": 103831,
        "obstruction": "Municipal (city) Vehicle - includes USPS",
        "imageUrl": "https://feed.bikelaneuprising.com/nc/uploads/photos/0987f5cc-f25e-4945-897b-33c98255f349_qdUnq.jpg",
        "cityKey": "new-orleans-la",
        "cityLabel": "New Orleans, LA",
        "date": "2025-09-11 00:00:00",
        "location": "VALID"
      }
    },
    {
      "type": "Feature",
      "geometry": {
        "type": "Point",
        "coordinates": [
          -90.08400277777777,
          29.960630555555554
        ]
      },
      "properties": {
        "id": 103832,
        "obstruction": "Municipal (city) Vehicle - includes USPS",
        "imageUrl": "https://feed.bikelaneuprising.com/nc/uploads/photos/e634ecb0-eb9f-4343-96f5-6b4c0c06a00d_qIbZM.jpg",
        "cityKey": "new-orleans-la",
        "cityLabel": "New Orleans, LA",
        "date": "2025-09-12 00:00:00",
        "location": "VALID"
      }
    },
    {
      "type": "Feature",
      "geometry": {
        "type": "Point",
        "coordinates": [
          -90.0769945,
          30.020991666666667
        ]
      },
      "properties": {
        "id": 104220,
        "obstruction": "Company Vehicle",
        "imageUrl": "https://feed.bikelaneuprising.com/nc/uploads/photos/0f4c3638-3c95-48ab-b26b-b8284020b388_ORILZ.jpg",
        "cityKey": "new-orleans-la",
        "cityLabel": "New Orleans, LA",
        "date": "2025-09-17 00:00:00",
        "location": "VALID"
      }
    },
    {
      "type": "Feature",
      "geometry": {
        "type": "Point",
        "coordinates": [
          -90.0774305,
          30.0209555
        ]
      },
      "properties": {
        "id": 104269,
        "obstruction": "Company Vehicle",
        "imageUrl": "https://feed.bikelaneuprising.com/nc/uploads/photos/b2efe7fe-c4cf-4699-a8e3-43a17de31602_axxoQ.jpg",
        "cityKey": "new-orleans-la",
        "cityLabel": "New Orleans, LA",
        "date": "2025-09-18 00:00:00",
        "location": "VALID"
      }
    },
    {
      "type": "Feature",
      "geometry": {
        "type": "Point",
        "coordinates": [
          -90.1024555,
          29.978486666666665
        ]
      },
      "properties": {
        "id": 104394,
        "obstruction": "Company Vehicle",
        "imageUrl": "https://feed.bikelaneuprising.com/nc/uploads/photos/c458f21b-fac9-4070-801e-7fc76a4f585b_XIJiL.jpg",
        "cityKey": "new-orleans-la",
        "cityLabel": "New Orleans, LA",
        "date": "2025-09-19 00:00:00",
        "location": "VALID"
      }
    },
    {
      "type": "Feature",
      "geometry": {
        "type": "Point",
        "coordinates": [
          -90.05507,
          29.96856
        ]
      },
      "properties": {
        "id": 104640,
        "obstruction": "Company Vehicle",
        "imageUrl": "https://feed.bikelaneuprising.com/nc/uploads/photos/848e9045-c1a3-4b42-9e6b-69a1cd5459db_y_XTK.jpg",
        "cityKey": "new-orleans-la",
        "cityLabel": "New Orleans, LA",
        "date": "2025-09-23 00:00:00",
        "location": "VALID"
      }
    },
    {
      "type": "Feature",
      "geometry": {
        "type": "Point",
        "coordinates": [
          -90.05605,
          29.96835
        ]
      },
      "properties": {
        "id": 104699,
        "obstruction": "Private Owner Vehicle",
        "imageUrl": "https://feed.bikelaneuprising.com/nc/uploads/photos/6cddb5d1-a555-420e-8b38-e517d4e3d34a_ap6ex.jpg",
        "cityKey": "new-orleans-la",
        "cityLabel": "New Orleans, LA",
        "date": "2025-09-24 00:00:00",
        "location": "VALID"
      }
    },
    {
      "type": "Feature",
      "geometry": {
        "type": "Point",
        "coordinates": [
          -90.05293,
          29.96869
        ]
      },
      "properties": {
        "id": 104867,
        "obstruction": "Company Vehicle",
        "imageUrl": "https://feed.bikelaneuprising.com/nc/uploads/photos/447366a5-13ed-4188-bd21-20984a1f3da3_JiMsf.jpg",
        "cityKey": "new-orleans-la",
        "cityLabel": "New Orleans, LA",
        "date": "2025-09-26 00:00:00",
        "location": "VALID"
      }
    },
    {
      "type": "Feature",
      "geometry": {
        "type": "Point",
        "coordinates": [
          -90.10026666666667,
          29.976978333333335
        ]
      },
      "properties": {
        "id": 105202,
        "obstruction": "Private Owner Vehicle",
        "imageUrl": "https://feed.bikelaneuprising.com/nc/uploads/photos/786f7677-d485-4963-ace9-1651f7037b35_u3cS1.jpg",
        "cityKey": "new-orleans-la",
        "cityLabel": "New Orleans, LA",
        "date": "2025-09-30 00:00:00",
        "location": "VALID"
      }
    },
    {
      "type": "Feature",
      "geometry": {
        "type": "Point",
        "coordinates": [
          -90.05605,
          29.96835
        ]
      },
      "properties": {
        "id": 105268,
        "obstruction": "Private Owner Vehicle",
        "imageUrl": "https://feed.bikelaneuprising.com/nc/uploads/photos/dfcc89b3-53df-4e6b-a6fb-d15bfdb13ac7_lqpll.jpg",
        "cityKey": "new-orleans-la",
        "cityLabel": "New Orleans, LA",
        "date": "2025-10-02 00:00:00",
        "location": "VALID"
      }
    },
    {
      "type": "Feature",
      "geometry": {
        "type": "Point",
        "coordinates": [
          -90.10468333333333,
          29.949172222222224
        ]
      },
      "properties": {
        "id": 105269,
        "obstruction": "Private Owner Vehicle",
        "imageUrl": "https://feed.bikelaneuprising.com/nc/uploads/photos/ade38553-22a1-4a6b-a047-f98cf3fbdba0_v5csm.jpg",
        "cityKey": "new-orleans-la",
        "cityLabel": "New Orleans, LA",
        "date": "2025-09-25 00:00:00",
        "location": "VALID"
      }
    },
    {
      "type": "Feature",
      "geometry": {
        "type": "Point",
        "coordinates": [
          -90.08556666666667,
          29.959325
        ]
      },
      "properties": {
        "id": 105270,
        "obstruction": "Municipal (city) Vehicle - includes USPS",
        "imageUrl": "https://feed.bikelaneuprising.com/nc/uploads/photos/e6a5cf9c-f785-488d-845e-f36fab2eba44_HY09X.jpg",
        "cityKey": "new-orleans-la",
        "cityLabel": "New Orleans, LA",
        "date": "2025-09-30 00:00:00",
        "location": "VALID"
      }
    },
    {
      "type": "Feature",
      "geometry": {
        "type": "Point",
        "coordinates": [
          -90.07838055555555,
          29.956041666666668
        ]
      },
      "properties": {
        "id": 105271,
        "obstruction": "Private Owner Vehicle",
        "imageUrl": "https://feed.bikelaneuprising.com/nc/uploads/photos/b7eef3ce-e471-4fd7-a25d-406850c8fbb3_0KcQU.jpg",
        "cityKey": "new-orleans-la",
        "cityLabel": "New Orleans, LA",
        "date": "2025-10-01 00:00:00",
        "location": "VALID"
      }
    },
    {
      "type": "Feature",
      "geometry": {
        "type": "Point",
        "coordinates": [
          -90.07894166666667,
          29.94168888888889
        ]
      },
      "properties": {
        "id": 105272,
        "obstruction": "Private Owner Vehicle",
        "imageUrl": "https://feed.bikelaneuprising.com/nc/uploads/photos/7cccdab0-6332-4169-892b-348cbd4ca6b7_sOCW_.jpg",
        "cityKey": "new-orleans-la",
        "cityLabel": "New Orleans, LA",
        "date": "2025-10-01 00:00:00",
        "location": "VALID"
      }
    },
    {
      "type": "Feature",
      "geometry": {
        "type": "Point",
        "coordinates": [
          -90.0584,
          29.97848
        ]
      },
      "properties": {
        "id": 105363,
        "obstruction": "Private Owner Vehicle",
        "imageUrl": "https://feed.bikelaneuprising.com/nc/uploads/photos/236a3f58-15f5-41d2-8582-9f7e557ecb69_nvJ6o.jpg",
        "cityKey": "new-orleans-la",
        "cityLabel": "New Orleans, LA",
        "date": "2025-10-03 00:00:00",
        "location": "VALID"
      }
    },
    {
      "type": "Feature",
      "geometry": {
        "type": "Point",
        "coordinates": [
          -90.05597,
          29.97869
        ]
      },
      "properties": {
        "id": 105364,
        "obstruction": "Private Owner Vehicle",
        "imageUrl": "https://feed.bikelaneuprising.com/nc/uploads/photos/3484f66e-23fb-4e3a-8816-f4da110c05e4_9DGCQ.jpg",
        "cityKey": "new-orleans-la",
        "cityLabel": "New Orleans, LA",
        "date": "2025-10-03 00:00:00",
        "location": "VALID"
      }
    },
    {
      "type": "Feature",
      "geometry": {
        "type": "Point",
        "coordinates": [
          -90.07076,
          29.9631
        ]
      },
      "properties": {
        "id": 105865,
        "obstruction": "Private Owner Vehicle",
        "imageUrl": "https://feed.bikelaneuprising.com/nc/uploads/photos/b466e0bf-3223-4a86-8480-9fc8aaf23d06_sN5r9.jpg",
        "cityKey": "new-orleans-la",
        "cityLabel": "New Orleans, LA",
        "date": "2025-10-10 00:00:00",
        "location": "VALID"
      }
    },
    {
      "type": "Feature",
      "geometry": {
        "type": "Point",
        "coordinates": [
          -90.05378,
          29.96822
        ]
      },
      "properties": {
        "id": 106110,
        "obstruction": "Private Owner Vehicle",
        "imageUrl": "https://feed.bikelaneuprising.com/nc/uploads/photos/25f43494-a93d-4f54-8f75-baf5c099f728_GTa9z.jpg",
        "cityKey": "new-orleans-la",
        "cityLabel": "New Orleans, LA",
        "date": "2025-10-15 00:00:00",
        "location": "VALID"
      }
    },
    {
      "type": "Feature",
      "geometry": {
        "type": "Point",
        "coordinates": [
          -90.05501,
          29.96857
        ]
      },
      "properties": {
        "id": 106111,
        "obstruction": "Company Vehicle",
        "imageUrl": "https://feed.bikelaneuprising.com/nc/uploads/photos/3872fdf9-7248-4f85-beeb-f69d27c22d94_M1xfU.jpg",
        "cityKey": "new-orleans-la",
        "cityLabel": "New Orleans, LA",
        "date": "2025-10-15 00:00:00",
        "location": "VALID"
      }
    },
    {
      "type": "Feature",
      "geometry": {
        "type": "Point",
        "coordinates": [
          -90.09918883333333,
          29.976263333333332
        ]
      },
      "properties": {
        "id": 106258,
        "obstruction": "Company Vehicle",
        "imageUrl": "https://feed.bikelaneuprising.com/nc/uploads/photos/afcb6faf-b473-47ce-8985-4ada0fb306e5_VQKzd.jpg",
        "cityKey": "new-orleans-la",
        "cityLabel": "New Orleans, LA",
        "date": "2025-10-17 00:00:00",
        "location": "VALID"
      }
    },
    {
      "type": "Feature",
      "geometry": {
        "type": "Point",
        "coordinates": [
          -90.09114853557091,
          29.97570624883796
        ]
      },
      "properties": {
        "id": 106260,
        "obstruction": "Taxi / Uber / Livery / Lyft",
        "imageUrl": "https://feed.bikelaneuprising.com/nc/uploads/photos/f48a0d8e-4ddb-4a0b-83c7-ce7994d3c533_LQdEb.jpg",
        "cityKey": "new-orleans-la",
        "cityLabel": "New Orleans, LA",
        "date": "",
        "location": "VALID"
      }
    },
    {
      "type": "Feature",
      "geometry": {
        "type": "Point",
        "coordinates": [
          -90.09145295778693,
          29.97549944883492
        ]
      },
      "properties": {
        "id": 106261,
        "obstruction": "Private Owner Vehicle",
        "imageUrl": "https://feed.bikelaneuprising.com/nc/uploads/photos/1a5b5d9c-6592-49c5-8a4b-ce98ea4dd023_TP2i-.jpg",
        "cityKey": "new-orleans-la",
        "cityLabel": "New Orleans, LA",
        "date": "2025-10-17 00:00:00",
        "location": "VALID"
      }
    },
    {
      "type": "Feature",
      "geometry": {
        "type": "Point",
        "coordinates": [
          -90.09144411719215,
          29.975330963773946
        ]
      },
      "properties": {
        "id": 106262,
        "obstruction": "Private Owner Vehicle",
        "imageUrl": "https://feed.bikelaneuprising.com/nc/uploads/photos/fee1e0e4-0b81-4338-9233-fe1435143edc_-di9d.jpg",
        "cityKey": "new-orleans-la",
        "cityLabel": "New Orleans, LA",
        "date": "2025-10-17 00:00:00",
        "location": "VALID"
      }
    },
    {
      "type": "Feature",
      "geometry": {
        "type": "Point",
        "coordinates": [
          -90.09144353701022,
          29.97541751932205
        ]
      },
      "properties": {
        "id": 106263,
        "obstruction": "Taxi / Uber / Livery / Lyft",
        "imageUrl": "https://feed.bikelaneuprising.com/nc/uploads/photos/c65629fb-94cb-4777-ba9d-4107c4f8ba80_Kho0s.jpg",
        "cityKey": "new-orleans-la",
        "cityLabel": "New Orleans, LA",
        "date": "2025-10-17 00:00:00",
        "location": "VALID"
      }
    },
    {
      "type": "Feature",
      "geometry": {
        "type": "Point",
        "coordinates": [
          -90.09129414057708,
          29.975417497620946
        ]
      },
      "properties": {
        "id": 106265,
        "obstruction": "Taxi / Uber / Livery / Lyft",
        "imageUrl": "https://feed.bikelaneuprising.com/nc/uploads/photos/6fa87f11-c284-4e88-ab4f-fe24ad03b65c_BUXeC.jpg",
        "cityKey": "new-orleans-la",
        "cityLabel": "New Orleans, LA",
        "date": "2025-10-17 00:00:00",
        "location": "VALID"
      }
    },
    {
      "type": "Feature",
      "geometry": {
        "type": "Point",
        "coordinates": [
          -90.09158565324897,
          29.975109379686494
        ]
      },
      "properties": {
        "id": 106269,
        "obstruction": "Municipal (city) Vehicle - includes USPS",
        "imageUrl": "https://feed.bikelaneuprising.com/nc/uploads/photos/2b1d1ca4-ae4a-4acc-ab33-113fa16519f9_V4CE6.jpg",
        "cityKey": "new-orleans-la",
        "cityLabel": "New Orleans, LA",
        "date": "2025-10-17 00:00:00",
        "location": "VALID"
      }
    },
    {
      "type": "Feature",
      "geometry": {
        "type": "Point",
        "coordinates": [
          -90.1066445,
          29.974496666666667
        ]
      },
      "properties": {
        "id": 106408,
        "obstruction": "Company Vehicle",
        "imageUrl": "https://feed.bikelaneuprising.com/nc/uploads/photos/f75d0c6f-eb10-49f7-9fbf-ce1ffffb2580_9R_tH.jpg",
        "cityKey": "new-orleans-la",
        "cityLabel": "New Orleans, LA",
        "date": "2025-10-18 00:00:00",
        "location": "VALID"
      }
    },
    {
      "type": "Feature",
      "geometry": {
        "type": "Point",
        "coordinates": [
          -90.13068333333334,
          29.946245
        ]
      },
      "properties": {
        "id": 106409,
        "obstruction": "Taxi / Uber / Livery / Lyft",
        "imageUrl": "https://feed.bikelaneuprising.com/nc/uploads/photos/21248f90-dc05-4917-9e05-fa6bf77ce4e5_-fnHy.jpg",
        "cityKey": "new-orleans-la",
        "cityLabel": "New Orleans, LA",
        "date": "2025-10-18 00:00:00",
        "location": "VALID"
      }
    },
    {
      "type": "Feature",
      "geometry": {
        "type": "Point",
        "coordinates": [
          -90.130325,
          29.946578333333335
        ]
      },
      "properties": {
        "id": 106410,
        "obstruction": "Construction",
        "imageUrl": "https://feed.bikelaneuprising.com/nc/uploads/photos/b6dca642-2318-4851-ae60-2bd7ccc40f5f_GCKcq.jpg",
        "cityKey": "new-orleans-la",
        "cityLabel": "New Orleans, LA",
        "date": "2025-10-18 00:00:00",
        "location": "VALID"
      }
    },
    {
      "type": "Feature",
      "geometry": {
        "type": "Point",
        "coordinates": [
          -90.05605,
          29.96835
        ]
      },
      "properties": {
        "id": 106990,
        "obstruction": "Private Owner Vehicle",
        "imageUrl": "https://feed.bikelaneuprising.com/nc/uploads/photos/365378b4-ccdb-4f99-994a-c2893127e4d0_caPmf.jpg",
        "cityKey": "new-orleans-la",
        "cityLabel": "New Orleans, LA",
        "date": "2025-10-25 00:00:00",
        "location": "VALID"
      }
    },
    {
      "type": "Feature",
      "geometry": {
        "type": "Point",
        "coordinates": [
          -90.05605,
          29.96835
        ]
      },
      "properties": {
        "id": 106991,
        "obstruction": "Private Owner Vehicle",
        "imageUrl": "https://feed.bikelaneuprising.com/nc/uploads/photos/365378b4-ccdb-4f99-994a-c2893127e4d0_aPG_7.jpg",
        "cityKey": "new-orleans-la",
        "cityLabel": "New Orleans, LA",
        "date": "2025-10-25 00:00:00",
        "location": "VALID"
      }
    },
    {
      "type": "Feature",
      "geometry": {
        "type": "Point",
        "coordinates": [
          -90.05605,
          29.96835
        ]
      },
      "properties": {
        "id": 106992,
        "obstruction": "Private Owner Vehicle",
        "imageUrl": "https://feed.bikelaneuprising.com/nc/uploads/photos/365378b4-ccdb-4f99-994a-c2893127e4d0_lxEBs.jpg",
        "cityKey": "new-orleans-la",
        "cityLabel": "New Orleans, LA",
        "date": "2025-10-25 00:00:00",
        "location": "VALID"
      }
    },
    {
      "type": "Feature",
      "geometry": {
        "type": "Point",
        "coordinates": [
          -90.07481383333334,
          30.021172166666666
        ]
      },
      "properties": {
        "id": 107376,
        "obstruction": "Private Owner Vehicle",
        "imageUrl": "https://feed.bikelaneuprising.com/nc/uploads/photos/1b287863-d5b1-4f95-afa8-2ad9a650a3bb_jdLg7.jpg",
        "cityKey": "new-orleans-la",
        "cityLabel": "New Orleans, LA",
        "date": "2025-10-30 00:00:00",
        "location": "VALID"
      }
    },
    {
      "type": "Feature",
      "geometry": {
        "type": "Point",
        "coordinates": [
          -90.06144,
          29.96818
        ]
      },
      "properties": {
        "id": 107435,
        "obstruction": "Private Owner Vehicle",
        "imageUrl": "https://feed.bikelaneuprising.com/nc/uploads/photos/26067758-8c94-4028-bd59-5249647e58d8_PHX35.jpg",
        "cityKey": "new-orleans-la",
        "cityLabel": "New Orleans, LA",
        "date": "2025-10-31 00:00:00",
        "location": "VALID"
      }
    },
    {
      "type": "Feature",
      "geometry": {
        "type": "Point",
        "coordinates": [
          -90.10079166666667,
          29.977353333333333
        ]
      },
      "properties": {
        "id": 107759,
        "obstruction": "Company Vehicle",
        "imageUrl": "https://feed.bikelaneuprising.com/nc/uploads/photos/6824c912-8e18-4608-a41e-a6abec2a4f1a_fT-bO.jpg",
        "cityKey": "new-orleans-la",
        "cityLabel": "New Orleans, LA",
        "date": "2025-11-04 00:00:00",
        "location": "VALID"
      }
    },
    {
      "type": "Feature",
      "geometry": {
        "type": "Point",
        "coordinates": [
          -90.06628333333333,
          29.973628333333334
        ]
      },
      "properties": {
        "id": 107835,
        "obstruction": "Private Owner Vehicle",
        "imageUrl": "https://feed.bikelaneuprising.com/nc/uploads/photos/1c8c4787-4858-4c40-b43f-4021ebe08f1d_fJPIi.jpg",
        "cityKey": "new-orleans-la",
        "cityLabel": "New Orleans, LA",
        "date": "2025-11-05 00:00:00",
        "location": "VALID"
      }
    },
    {
      "type": "Feature",
      "geometry": {
        "type": "Point",
        "coordinates": [
          -90.07478333333333,
          30.021186166666666
        ]
      },
      "properties": {
        "id": 107982,
        "obstruction": "Municipal (city) Vehicle - includes USPS",
        "imageUrl": "https://feed.bikelaneuprising.com/nc/uploads/photos/1df2afd0-bb29-4d78-892e-3ef45c6e6f1b_QIe8v.jpg",
        "cityKey": "new-orleans-la",
        "cityLabel": "New Orleans, LA",
        "date": "2025-11-06 00:00:00",
        "location": "VALID"
      }
    },
    {
      "type": "Feature",
      "geometry": {
        "type": "Point",
        "coordinates": [
          -90.0788195,
          29.932088333333333
        ]
      },
      "properties": {
        "id": 108424,
        "obstruction": "Company Vehicle",
        "imageUrl": "https://feed.bikelaneuprising.com/nc/uploads/photos/29c82537-393d-46b2-a215-1a8ebddbb8b3_8RuXu.jpg",
        "cityKey": "new-orleans-la",
        "cityLabel": "New Orleans, LA",
        "date": "2025-11-12 00:00:00",
        "location": "VALID"
      }
    },
    {
      "type": "Feature",
      "geometry": {
        "type": "Point",
        "coordinates": [
          -90.0785305,
          29.931753333333333
        ]
      },
      "properties": {
        "id": 108425,
        "obstruction": "Taxi / Uber / Livery / Lyft",
        "imageUrl": "https://feed.bikelaneuprising.com/nc/uploads/photos/a5c88933-694f-4d3c-851a-5655645fda82_wL9O9.jpg",
        "cityKey": "new-orleans-la",
        "cityLabel": "New Orleans, LA",
        "date": "2025-11-12 00:00:00",
        "location": "VALID"
      }
    },
    {
      "type": "Feature",
      "geometry": {
        "type": "Point",
        "coordinates": [
          -90.05614,
          29.96426
        ]
      },
      "properties": {
        "id": 108734,
        "obstruction": "Taxi / Uber / Livery / Lyft",
        "imageUrl": "https://feed.bikelaneuprising.com/nc/uploads/photos/d2416e69-9207-4060-bb01-7a023b13f46a_iiMRC.jpg",
        "cityKey": "new-orleans-la",
        "cityLabel": "New Orleans, LA",
        "date": "2025-11-16 00:00:00",
        "location": "VALID"
      }
    },
    {
      "type": "Feature",
      "geometry": {
        "type": "Point",
        "coordinates": [
          -90.079475,
          30.021002833333334
        ]
      },
      "properties": {
        "id": 108823,
        "obstruction": "Company Vehicle",
        "imageUrl": "https://feed.bikelaneuprising.com/nc/uploads/photos/6934c87e-fff5-4acf-be65-fafd695dcd89_QFrHC.jpg",
        "cityKey": "new-orleans-la",
        "cityLabel": "New Orleans, LA",
        "date": "2025-11-14 00:00:00",
        "location": "VALID"
      }
    },
    {
      "type": "Feature",
      "geometry": {
        "type": "Point",
        "coordinates": [
          -90.05605,
          29.96835
        ]
      },
      "properties": {
        "id": 109106,
        "obstruction": "Private Owner Vehicle",
        "imageUrl": "https://feed.bikelaneuprising.com/nc/uploads/photos/8a6d0b18-ad45-4393-a6dd-9a4153dc5479_JVAUv.jpg",
        "cityKey": "new-orleans-la",
        "cityLabel": "New Orleans, LA",
        "date": "2025-11-20 00:00:00",
        "location": "VALID"
      }
    },
    {
      "type": "Feature",
      "geometry": {
        "type": "Point",
        "coordinates": [
          -90.07475283333333,
          30.021113833333334
        ]
      },
      "properties": {
        "id": 109424,
        "obstruction": "Company Vehicle",
        "imageUrl": "https://feed.bikelaneuprising.com/nc/uploads/photos/29b4714c-6146-42a6-9c5b-996aaeb2b351_fAtMO.jpg",
        "cityKey": "new-orleans-la",
        "cityLabel": "New Orleans, LA",
        "date": "2025-11-24 00:00:00",
        "location": "VALID"
      }
    },
    {
      "type": "Feature",
      "geometry": {
        "type": "Point",
        "coordinates": [
          -90.06313333333334,
          29.95628
        ]
      },
      "properties": {
        "id": 109548,
        "obstruction": "Taxi / Uber / Livery / Lyft",
        "imageUrl": "https://feed.bikelaneuprising.com/nc/uploads/photos/df1193f1-2fed-44ef-b09a-93bf06c64b5f_CzP_h.jpg",
        "cityKey": "new-orleans-la",
        "cityLabel": "New Orleans, LA",
        "date": "2025-11-26 00:00:00",
        "location": "VALID"
      }
    },
    {
      "type": "Feature",
      "geometry": {
        "type": "Point",
        "coordinates": [
          -90.07351666666666,
          29.948653333333333
        ]
      },
      "properties": {
        "id": 109549,
        "obstruction": "Company Vehicle",
        "imageUrl": "https://feed.bikelaneuprising.com/nc/uploads/photos/b34260ed-03d8-4b3c-8232-4ab2d0b0d2d3_xlAMZ.jpg",
        "cityKey": "new-orleans-la",
        "cityLabel": "New Orleans, LA",
        "date": "2025-11-26 00:00:00",
        "location": "VALID"
      }
    },
    {
      "type": "Feature",
      "geometry": {
        "type": "Point",
        "coordinates": [
          -90.07346383333334,
          29.94878
        ]
      },
      "properties": {
        "id": 109550,
        "obstruction": "Company Vehicle",
        "imageUrl": "https://feed.bikelaneuprising.com/nc/uploads/photos/e88bc3fb-5f74-4167-8577-8ce1b88c981f_aMMMI.jpg",
        "cityKey": "new-orleans-la",
        "cityLabel": "New Orleans, LA",
        "date": "2025-11-26 00:00:00",
        "location": "VALID"
      }
    },
    {
      "type": "Feature",
      "geometry": {
        "type": "Point",
        "coordinates": [
          -90.082216411829,
          29.942443301569647
        ]
      },
      "properties": {
        "id": 109568,
        "obstruction": "Private Owner Vehicle",
        "imageUrl": "",
        "cityKey": "new-orleans-la",
        "cityLabel": "New Orleans, LA",
        "date": "2025-11-27 00:00:00",
        "location": "VALID"
      }
    },
    {
      "type": "Feature",
      "geometry": {
        "type": "Point",
        "coordinates": [
          -90.05638,
          29.96847
        ]
      },
      "properties": {
        "id": 109618,
        "obstruction": "Private Owner Vehicle",
        "imageUrl": "https://feed.bikelaneuprising.com/nc/uploads/photos/bc19f44f-d15d-49b9-ab8b-a054ae6c6fe4_2JQBV.jpg",
        "cityKey": "new-orleans-la",
        "cityLabel": "New Orleans, LA",
        "date": "2025-11-27 00:00:00",
        "location": "VALID"
      }
    },
    {
      "type": "Feature",
      "geometry": {
        "type": "Point",
        "coordinates": [
          -90.05638,
          29.96847
        ]
      },
      "properties": {
        "id": 109619,
        "obstruction": "Private Owner Vehicle",
        "imageUrl": "https://feed.bikelaneuprising.com/nc/uploads/photos/6903385f-fa0d-4b48-b8f3-2d0db720fa6f_FFoLh.jpg",
        "cityKey": "new-orleans-la",
        "cityLabel": "New Orleans, LA",
        "date": "2025-11-16 00:00:00",
        "location": "VALID"
      }
    },
    {
      "type": "Feature",
      "geometry": {
        "type": "Point",
        "coordinates": [
          -90.05120739340782,
          29.979060833233845
        ]
      },
      "properties": {
        "id": 109655,
        "obstruction": "Private Owner Vehicle",
        "imageUrl": "https://feed.bikelaneuprising.com/nc/uploads/photos/14788a78-d3d5-4baa-b8c7-2ebe9a2a1dbe_Q3-Fl.jpg",
        "cityKey": "new-orleans-la",
        "cityLabel": "New Orleans, LA",
        "date": "2025-11-30 00:00:00",
        "location": "VALID"
      }
    },
    {
      "type": "Feature",
      "geometry": {
        "type": "Point",
        "coordinates": [
          -90.05145281553268,
          29.979046893126228
        ]
      },
      "properties": {
        "id": 109656,
        "obstruction": "Private Owner Vehicle",
        "imageUrl": "https://feed.bikelaneuprising.com/nc/uploads/photos/3f5c733d-6455-4220-a8ba-2fe46812d96c_kcMY8.jpg",
        "cityKey": "new-orleans-la",
        "cityLabel": "New Orleans, LA",
        "date": "2025-11-30 00:00:00",
        "location": "VALID"
      }
    },
    {
      "type": "Feature",
      "geometry": {
        "type": "Point",
        "coordinates": [
          -90.05595188587904,
          29.9787468899194
        ]
      },
      "properties": {
        "id": 109657,
        "obstruction": "Private Owner Vehicle",
        "imageUrl": "https://feed.bikelaneuprising.com/nc/uploads/photos/5106988b-5d85-43bf-9452-d5b24b1cbf1b_se9Ag.jpg",
        "cityKey": "new-orleans-la",
        "cityLabel": "New Orleans, LA",
        "date": "2025-11-30 00:00:00",
        "location": "VALID"
      }
    },
    {
      "type": "Feature",
      "geometry": {
        "type": "Point",
        "coordinates": [
          -90.07582806050777,
          29.928391605282197
        ]
      },
      "properties": {
        "id": 109984,
        "obstruction": "Private Owner Vehicle",
        "imageUrl": "",
        "cityKey": "new-orleans-la",
        "cityLabel": "New Orleans, LA",
        "date": "2025-12-07 00:00:00",
        "location": "VALID"
      }
    },
    {
      "type": "Feature",
      "geometry": {
        "type": "Point",
        "coordinates": [
          -90.0751805,
          30.021113833333334
        ]
      },
      "properties": {
        "id": 110230,
        "obstruction": "Municipal (city) Vehicle - includes USPS",
        "imageUrl": "https://feed.bikelaneuprising.com/nc/uploads/photos/6b25fdd7-23a9-4456-a0b9-1b90f36de002_Ovrka.jpg",
        "cityKey": "new-orleans-la",
        "cityLabel": "New Orleans, LA",
        "date": "2025-12-10 00:00:00",
        "location": "VALID"
      }
    },
    {
      "type": "Feature",
      "geometry": {
        "type": "Point",
        "coordinates": [
          -90.10175283333334,
          29.977961666666666
        ]
      },
      "properties": {
        "id": 110231,
        "obstruction": "Company Vehicle",
        "imageUrl": "https://feed.bikelaneuprising.com/nc/uploads/photos/27198bd7-1bb1-4e4a-9230-5a650740c296_W3dsh.jpg",
        "cityKey": "new-orleans-la",
        "cityLabel": "New Orleans, LA",
        "date": "2025-12-05 00:00:00",
        "location": "VALID"
      }
    },
    {
      "type": "Feature",
      "geometry": {
        "type": "Point",
        "coordinates": [
          -90.098275,
          29.975495
        ]
      },
      "properties": {
        "id": 110334,
        "obstruction": "Company Vehicle",
        "imageUrl": "https://feed.bikelaneuprising.com/nc/uploads/photos/49fe92e1-0081-4769-901a-7b5ea1751b7a_IHyOM.jpg",
        "cityKey": "new-orleans-la",
        "cityLabel": "New Orleans, LA",
        "date": "2025-12-12 00:00:00",
        "location": "VALID"
      }
    },
    {
      "type": "Feature",
      "geometry": {
        "type": "Point",
        "coordinates": [
          -90.08252788335085,
          29.94295549740926
        ]
      },
      "properties": {
        "id": 110357,
        "obstruction": "Private Owner Vehicle",
        "imageUrl": "",
        "cityKey": "new-orleans-la",
        "cityLabel": "New Orleans, LA",
        "date": "2025-12-12 00:00:00",
        "location": "VALID"
      }
    },
    {
      "type": "Feature",
      "geometry": {
        "type": "Point",
        "coordinates": [
          -90.10082216666666,
          29.926511666666666
        ]
      },
      "properties": {
        "id": 110381,
        "obstruction": "Company Vehicle",
        "imageUrl": "https://feed.bikelaneuprising.com/nc/uploads/photos/a5a09d01-aedb-4106-94b1-5bd435a4b6b4_ZAebq.jpg",
        "cityKey": "new-orleans-la",
        "cityLabel": "New Orleans, LA",
        "date": "2025-12-13 00:00:00",
        "location": "VALID"
      }
    },
    {
      "type": "Feature",
      "geometry": {
        "type": "Point",
        "coordinates": [
          -90.1176,
          29.930895
        ]
      },
      "properties": {
        "id": 110382,
        "obstruction": "Company Vehicle",
        "imageUrl": "https://feed.bikelaneuprising.com/nc/uploads/photos/f0f00384-279b-4475-8b4d-3e16f64681fd_8G0M-.jpg",
        "cityKey": "new-orleans-la",
        "cityLabel": "New Orleans, LA",
        "date": "2025-12-13 00:00:00",
        "location": "VALID"
      }
    },
    {
      "type": "Feature",
      "geometry": {
        "type": "Point",
        "coordinates": [
          -90.07344166666667,
          29.948858333333334
        ]
      },
      "properties": {
        "id": 110383,
        "obstruction": "Company Vehicle",
        "imageUrl": "https://feed.bikelaneuprising.com/nc/uploads/photos/a0c13bc2-9761-43aa-9087-e15ec805b901_29Ygf.jpg",
        "cityKey": "new-orleans-la",
        "cityLabel": "New Orleans, LA",
        "date": "2025-12-13 00:00:00",
        "location": "VALID"
      }
    },
    {
      "type": "Feature",
      "geometry": {
        "type": "Point",
        "coordinates": [
          -90.102225,
          29.97832
        ]
      },
      "properties": {
        "id": 110385,
        "obstruction": "Company Vehicle",
        "imageUrl": "https://feed.bikelaneuprising.com/nc/uploads/photos/c65dae00-ca38-47cf-a674-555bdb59f4e4_O-M5W.jpg",
        "cityKey": "new-orleans-la",
        "cityLabel": "New Orleans, LA",
        "date": "2025-12-13 00:00:00",
        "location": "VALID"
      }
    },
    {
      "type": "Feature",
      "geometry": {
        "type": "Point",
        "coordinates": [
          -90.06579716666667,
          29.948595
        ]
      },
      "properties": {
        "id": 110553,
        "obstruction": "Company Vehicle",
        "imageUrl": "https://feed.bikelaneuprising.com/nc/uploads/photos/e2c7bace-8dc1-45a8-80f7-e606ef786a45_YCLtt.jpg",
        "cityKey": "new-orleans-la",
        "cityLabel": "New Orleans, LA",
        "date": "2025-12-16 00:00:00",
        "location": "VALID"
      }
    },
    {
      "type": "Feature",
      "geometry": {
        "type": "Point",
        "coordinates": [
          -90.09913616666667,
          29.97623
        ]
      },
      "properties": {
        "id": 110656,
        "obstruction": "Company Vehicle",
        "imageUrl": "https://feed.bikelaneuprising.com/nc/uploads/photos/bbd544be-3b6f-4cac-bc08-0b1ec05fbb56_ZlFr_.jpg",
        "cityKey": "new-orleans-la",
        "cityLabel": "New Orleans, LA",
        "date": "2025-12-17 00:00:00",
        "location": "VALID"
      }
    },
    {
      "type": "Feature",
      "geometry": {
        "type": "Point",
        "coordinates": [
          -90.05197,
          29.97044
        ]
      },
      "properties": {
        "id": 110763,
        "obstruction": "Company Vehicle",
        "imageUrl": "https://feed.bikelaneuprising.com/nc/uploads/photos/f50b4f26-035f-406e-8a91-1a3cddc39813_mn282.jpg",
        "cityKey": "new-orleans-la",
        "cityLabel": "New Orleans, LA",
        "date": "2025-12-19 00:00:00",
        "location": "VALID"
      }
    },
    {
      "type": "Feature",
      "geometry": {
        "type": "Point",
        "coordinates": [
          -90.07244166666666,
          29.952278333333332
        ]
      },
      "properties": {
        "id": 110818,
        "obstruction": "Private Owner Vehicle",
        "imageUrl": "https://feed.bikelaneuprising.com/nc/uploads/photos/ff884d03-0270-4ef8-b8ed-aeceab1b575a_MXmEX.jpg",
        "cityKey": "new-orleans-la",
        "cityLabel": "New Orleans, LA",
        "date": "2025-12-20 00:00:00",
        "location": "VALID"
      }
    },
    {
      "type": "Feature",
      "geometry": {
        "type": "Point",
        "coordinates": [
          -90.07247216666667,
          29.952171666666665
        ]
      },
      "properties": {
        "id": 110819,
        "obstruction": "Private Owner Vehicle",
        "imageUrl": "https://feed.bikelaneuprising.com/nc/uploads/photos/6e123413-73e5-49d7-aaf6-8aca79d74878_lFUMp.jpg",
        "cityKey": "new-orleans-la",
        "cityLabel": "New Orleans, LA",
        "date": "2025-12-20 00:00:00",
        "location": "VALID"
      }
    },
    {
      "type": "Feature",
      "geometry": {
        "type": "Point",
        "coordinates": [
          -90.07301383333333,
          29.950328333333335
        ]
      },
      "properties": {
        "id": 110820,
        "obstruction": "Company Vehicle",
        "imageUrl": "https://feed.bikelaneuprising.com/nc/uploads/photos/15ab20ca-5855-425d-81aa-bef73dfe542a_X-o5l.jpg",
        "cityKey": "new-orleans-la",
        "cityLabel": "New Orleans, LA",
        "date": "2025-12-20 00:00:00",
        "location": "VALID"
      }
    },
    {
      "type": "Feature",
      "geometry": {
        "type": "Point",
        "coordinates": [
          -90.0741055,
          29.946638333333333
        ]
      },
      "properties": {
        "id": 110821,
        "obstruction": "Company Vehicle",
        "imageUrl": "https://feed.bikelaneuprising.com/nc/uploads/photos/9a41d033-bddf-4d3c-af6c-b2aea94c8c32_fldrP.jpg",
        "cityKey": "new-orleans-la",
        "cityLabel": "New Orleans, LA",
        "date": "2025-12-20 00:00:00",
        "location": "VALID"
      }
    },
    {
      "type": "Feature",
      "geometry": {
        "type": "Point",
        "coordinates": [
          -90.0743555,
          29.946063333333335
        ]
      },
      "properties": {
        "id": 110849,
        "obstruction": "Taxi / Uber / Livery / Lyft",
        "imageUrl": "https://feed.bikelaneuprising.com/nc/uploads/photos/edb553e3-601e-42ae-beea-183e438ed72b_2P4eM.jpg",
        "cityKey": "new-orleans-la",
        "cityLabel": "New Orleans, LA",
        "date": "2025-12-20 00:00:00",
        "location": "VALID"
      }
    },
    {
      "type": "Feature",
      "geometry": {
        "type": "Point",
        "coordinates": [
          -90.1017,
          29.926455
        ]
      },
      "properties": {
        "id": 110851,
        "obstruction": "Taxi / Uber / Livery / Lyft",
        "imageUrl": "https://feed.bikelaneuprising.com/nc/uploads/photos/f4b7f55b-3fa6-47da-9418-3cb0d0c0ad55_926E8.jpg",
        "cityKey": "new-orleans-la",
        "cityLabel": "New Orleans, LA",
        "date": "2025-12-20 00:00:00",
        "location": "VALID"
      }
    },
    {
      "type": "Feature",
      "geometry": {
        "type": "Point",
        "coordinates": [
          -90.1023945,
          29.97847
        ]
      },
      "properties": {
        "id": 110852,
        "obstruction": "Taxi / Uber / Livery / Lyft",
        "imageUrl": "https://feed.bikelaneuprising.com/nc/uploads/photos/5def83e1-2139-498f-8669-75b0ece34fca_OwFiO.jpg",
        "cityKey": "new-orleans-la",
        "cityLabel": "New Orleans, LA",
        "date": "2025-12-20 00:00:00",
        "location": "VALID"
      }
    },
    {
      "type": "Feature",
      "geometry": {
        "type": "Point",
        "coordinates": [
          -90.065675,
          29.948386666666668
        ]
      },
      "properties": {
        "id": 110992,
        "obstruction": "Company Vehicle",
        "imageUrl": "https://feed.bikelaneuprising.com/nc/uploads/photos/efb104e1-1b31-4cf8-b237-a21834844757_sZVHC.jpg",
        "cityKey": "new-orleans-la",
        "cityLabel": "New Orleans, LA",
        "date": "2025-12-18 00:00:00",
        "location": "VALID"
      }
    },
    {
      "type": "Feature",
      "geometry": {
        "type": "Point",
        "coordinates": [
          -90.0724555,
          29.949895
        ]
      },
      "properties": {
        "id": 110994,
        "obstruction": "Company Vehicle",
        "imageUrl": "https://feed.bikelaneuprising.com/nc/uploads/photos/dfc3ff62-475b-4975-a27b-132b473da32c_qIqKy.jpg",
        "cityKey": "new-orleans-la",
        "cityLabel": "New Orleans, LA",
        "date": "2025-12-18 00:00:00",
        "location": "VALID"
      }
    },
    {
      "type": "Feature",
      "geometry": {
        "type": "Point",
        "coordinates": [
          -90.075225,
          30.021127833333335
        ]
      },
      "properties": {
        "id": 112220,
        "obstruction": "Private Owner Vehicle",
        "imageUrl": "https://feed.bikelaneuprising.com/nc/uploads/photos/2b2eb349-204a-4f54-b826-b3b5158e1973_pFYOD.jpg",
        "cityKey": "new-orleans-la",
        "cityLabel": "New Orleans, LA",
        "date": "2026-01-12 00:00:00",
        "location": "VALID"
      }
    },
    {
      "type": "Feature",
      "geometry": {
        "type": "Point",
        "coordinates": [
          -90.07543883333334,
          30.021091666666667
        ]
      },
      "properties": {
        "id": 112646,
        "obstruction": "Company Vehicle",
        "imageUrl": "https://feed.bikelaneuprising.com/nc/uploads/photos/3a86461e-8195-4dcb-86e3-3cff183a3dd7_PupXo.jpg",
        "cityKey": "new-orleans-la",
        "cityLabel": "New Orleans, LA",
        "date": "2026-01-28 00:00:00",
        "location": "VALID"
      }
    },
    {
      "type": "Feature",
      "geometry": {
        "type": "Point",
        "coordinates": [
          -90.05223,
          29.96875
        ]
      },
      "properties": {
        "id": 112762,
        "obstruction": "Company Vehicle",
        "imageUrl": "https://feed.bikelaneuprising.com/nc/uploads/photos/44494151-8d7a-4b06-9159-974af88e974d_u_KWk.jpg",
        "cityKey": "new-orleans-la",
        "cityLabel": "New Orleans, LA",
        "date": "2026-02-02 00:00:00",
        "location": "VALID"
      }
    },
    {
      "type": "Feature",
      "geometry": {
        "type": "Point",
        "coordinates": [
          -90.07515833333333,
          30.021102833333334
        ]
      },
      "properties": {
        "id": 113115,
        "obstruction": "Construction",
        "imageUrl": "https://feed.bikelaneuprising.com/nc/uploads/photos/e868d0cb-92ce-42c7-814a-03b9e16aea59_h-ZX2.jpg",
        "cityKey": "new-orleans-la",
        "cityLabel": "New Orleans, LA",
        "date": "2026-02-04 00:00:00",
        "location": "VALID"
      }
    },
    {
      "type": "Feature",
      "geometry": {
        "type": "Point",
        "coordinates": [
          -90.07043333333333,
          30.023397166666665
        ]
      },
      "properties": {
        "id": 113116,
        "obstruction": "Other  (damaged lane / snow / debris / pedestrian / etc.)",
        "imageUrl": "https://feed.bikelaneuprising.com/nc/uploads/photos/50b607da-f37a-4c92-89b9-8de46b3990d5_44tCx.jpg",
        "cityKey": "new-orleans-la",
        "cityLabel": "New Orleans, LA",
        "date": "2026-02-04 00:00:00",
        "location": "VALID"
      }
    },
    {
      "type": "Feature",
      "geometry": {
        "type": "Point",
        "coordinates": [
          -118.18068836324929,
          33.79900500036105
        ]
      },
      "properties": {
        "id": 113206,
        "obstruction": "Other  (damaged lane / snow / debris / pedestrian / etc.)",
        "imageUrl": "https://feed.bikelaneuprising.com/nc/uploads/photos/0dce1d_cb17159fc21447589a6ea626c6e15b43_mv2_3Q_Qc.jpeg",
        "cityKey": "new-orleans-la",
        "cityLabel": "New Orleans, LA",
        "date": "2026-02-08 00:00:00",
        "location": "VALID"
      }
    },
    {
      "type": "Feature",
      "geometry": {
        "type": "Point",
        "coordinates": [
          -90.10241666666667,
          29.978578333333335
        ]
      },
      "properties": {
        "id": 113263,
        "obstruction": "Company Vehicle",
        "imageUrl": "https://feed.bikelaneuprising.com/nc/uploads/photos/eab4f06a-66f5-4547-bb8a-05bcaa08df10_-DH_X.jpg",
        "cityKey": "new-orleans-la",
        "cityLabel": "New Orleans, LA",
        "date": "2026-02-09 00:00:00",
        "location": "VALID"
      }
    },
    {
      "type": "Feature",
      "geometry": {
        "type": "Point",
        "coordinates": [
          -90.0731195,
          29.950353333333332
        ]
      },
      "properties": {
        "id": 113285,
        "obstruction": "Private Owner Vehicle",
        "imageUrl": "https://feed.bikelaneuprising.com/nc/uploads/photos/ad8646b9-b2bf-40b1-8bda-f7ab480d3f13_O7YXY.jpg",
        "cityKey": "new-orleans-la",
        "cityLabel": "New Orleans, LA",
        "date": "2026-02-09 00:00:00",
        "location": "VALID"
      }
    },
    {
      "type": "Feature",
      "geometry": {
        "type": "Point",
        "coordinates": [
          -90.05223,
          29.96875
        ]
      },
      "properties": {
        "id": 113670,
        "obstruction": "Private Owner Vehicle",
        "imageUrl": "https://feed.bikelaneuprising.com/nc/uploads/photos/76999115-c98c-4a66-bb82-080e3652bfc9_XGG_0.jpg",
        "cityKey": "new-orleans-la",
        "cityLabel": "New Orleans, LA",
        "date": "2026-02-14 00:00:00",
        "location": "VALID"
      }
    },
    {
      "type": "Feature",
      "geometry": {
        "type": "Point",
        "coordinates": [
          -90.07250283333333,
          29.952458333333333
        ]
      },
      "properties": {
        "id": 115551,
        "obstruction": "Private Owner Vehicle",
        "imageUrl": "https://feed.bikelaneuprising.com/nc/uploads/photos/fab87c18-caee-425c-981e-d67da6817062_ZlPW9.jpg",
        "cityKey": "new-orleans-la",
        "cityLabel": "New Orleans, LA",
        "date": "2026-03-06 00:00:00",
        "location": "VALID"
      }
    },
    {
      "type": "Feature",
      "geometry": {
        "type": "Point",
        "coordinates": [
          -90.102425,
          29.97842
        ]
      },
      "properties": {
        "id": 116365,
        "obstruction": "Company Vehicle",
        "imageUrl": "https://feed.bikelaneuprising.com/nc/uploads/photos/0ba6bb72-d8bc-4784-a549-cfee80308601_4pmar.jpg",
        "cityKey": "new-orleans-la",
        "cityLabel": "New Orleans, LA",
        "date": "2026-03-13 00:00:00",
        "location": "VALID"
      }
    },
    {
      "type": "Feature",
      "geometry": {
        "type": "Point",
        "coordinates": [
          -90.07402783333333,
          29.963388333333334
        ]
      },
      "properties": {
        "id": 116366,
        "obstruction": "Private Owner Vehicle",
        "imageUrl": "https://feed.bikelaneuprising.com/nc/uploads/photos/83467bed-0c1f-4e07-a80d-dc19f4b54b17_vsf2I.jpg",
        "cityKey": "new-orleans-la",
        "cityLabel": "New Orleans, LA",
        "date": "2026-03-13 00:00:00",
        "location": "VALID"
      }
    },
    {
      "type": "Feature",
      "geometry": {
        "type": "Point",
        "coordinates": [
          -90.07316666666667,
          29.949813333333335
        ]
      },
      "properties": {
        "id": 116367,
        "obstruction": "Company Vehicle",
        "imageUrl": "https://feed.bikelaneuprising.com/nc/uploads/photos/96a69ddc-f36d-4abb-8c01-0748fbb421b8_5Yy78.jpg",
        "cityKey": "new-orleans-la",
        "cityLabel": "New Orleans, LA",
        "date": "2026-03-13 00:00:00",
        "location": "VALID"
      }
    },
    {
      "type": "Feature",
      "geometry": {
        "type": "Point",
        "coordinates": [
          -90.07316666666667,
          29.949813333333335
        ]
      },
      "properties": {
        "id": 116368,
        "obstruction": "Company Vehicle",
        "imageUrl": "https://feed.bikelaneuprising.com/nc/uploads/photos/96a69ddc-f36d-4abb-8c01-0748fbb421b8_ORjRg.jpg",
        "cityKey": "new-orleans-la",
        "cityLabel": "New Orleans, LA",
        "date": "2026-03-13 00:00:00",
        "location": "VALID"
      }
    },
    {
      "type": "Feature",
      "geometry": {
        "type": "Point",
        "coordinates": [
          -90.10251666666667,
          29.978488333333335
        ]
      },
      "properties": {
        "id": 116917,
        "obstruction": "Company Vehicle",
        "imageUrl": "https://feed.bikelaneuprising.com/nc/uploads/photos/1075fee7-4f3f-4c25-990e-9ca664aac86b_lJUWT.jpg",
        "cityKey": "new-orleans-la",
        "cityLabel": "New Orleans, LA",
        "date": "2026-03-16 00:00:00",
        "location": "VALID"
      }
    },
    {
      "type": "Feature",
      "geometry": {
        "type": "Point",
        "coordinates": [
          -90.102425,
          29.97842
        ]
      },
      "properties": {
        "id": 116918,
        "obstruction": "Company Vehicle",
        "imageUrl": "https://feed.bikelaneuprising.com/nc/uploads/photos/ebb29e15-8955-4497-b8c2-b89fd646ce9b_Upc-v.jpg",
        "cityKey": "new-orleans-la",
        "cityLabel": "New Orleans, LA",
        "date": "2026-03-16 00:00:00",
        "location": "VALID"
      }
    },
    {
      "type": "Feature",
      "geometry": {
        "type": "Point",
        "coordinates": [
          -90.10227216666667,
          29.97832
        ]
      },
      "properties": {
        "id": 116919,
        "obstruction": "Company Vehicle",
        "imageUrl": "https://feed.bikelaneuprising.com/nc/uploads/photos/1ded19be-8e73-47ff-a6a2-6eca81f5b526_T3RPX.jpg",
        "cityKey": "new-orleans-la",
        "cityLabel": "New Orleans, LA",
        "date": "2026-03-16 00:00:00",
        "location": "VALID"
      }
    },
    {
      "type": "Feature",
      "geometry": {
        "type": "Point",
        "coordinates": [
          -90.07576116666667,
          30.021063833333333
        ]
      },
      "properties": {
        "id": 116920,
        "obstruction": "Construction",
        "imageUrl": "https://feed.bikelaneuprising.com/nc/uploads/photos/ca591aad-33c2-410a-8d12-44caff2dfe21_dKY10.jpg",
        "cityKey": "new-orleans-la",
        "cityLabel": "New Orleans, LA",
        "date": "2026-02-25 00:00:00",
        "location": "VALID"
      }
    },
    {
      "type": "Feature",
      "geometry": {
        "type": "Point",
        "coordinates": [
          -90.0990445,
          29.97617
        ]
      },
      "properties": {
        "id": 116921,
        "obstruction": "Company Vehicle",
        "imageUrl": "https://feed.bikelaneuprising.com/nc/uploads/photos/f35e9c12-6a3f-4bac-a082-eaed21a98e3f_SWeHV.jpg",
        "cityKey": "new-orleans-la",
        "cityLabel": "New Orleans, LA",
        "date": "2026-02-25 00:00:00",
        "location": "VALID"
      }
    },
    {
      "type": "Feature",
      "geometry": {
        "type": "Point",
        "coordinates": [
          -90.10592783333334,
          29.973938333333333
        ]
      },
      "properties": {
        "id": 117065,
        "obstruction": "Private Owner Vehicle",
        "imageUrl": "https://feed.bikelaneuprising.com/nc/uploads/photos/95501534-f715-4317-9216-b85b7ed9d929_eKLxz.jpg",
        "cityKey": "new-orleans-la",
        "cityLabel": "New Orleans, LA",
        "date": "2026-03-21 00:00:00",
        "location": "VALID"
      }
    },
    {
      "type": "Feature",
      "geometry": {
        "type": "Point",
        "coordinates": [
          -90.09899166666666,
          29.969263333333334
        ]
      },
      "properties": {
        "id": 117066,
        "obstruction": "Other  (damaged lane / snow / debris / pedestrian / etc.)",
        "imageUrl": "https://feed.bikelaneuprising.com/nc/uploads/photos/38ee19a8-7a5a-4ab1-8e46-12b9d4688988_geoea.jpg",
        "cityKey": "new-orleans-la",
        "cityLabel": "New Orleans, LA",
        "date": "2026-03-21 00:00:00",
        "location": "VALID"
      }
    },
    {
      "type": "Feature",
      "geometry": {
        "type": "Point",
        "coordinates": [
          -90.09159166666667,
          29.962305
        ]
      },
      "properties": {
        "id": 117067,
        "obstruction": "Company Vehicle",
        "imageUrl": "https://feed.bikelaneuprising.com/nc/uploads/photos/9e53d22e-ea1a-47a0-8cd4-2fdcda3dd801_Ap44u.jpg",
        "cityKey": "new-orleans-la",
        "cityLabel": "New Orleans, LA",
        "date": "2026-03-21 00:00:00",
        "location": "VALID"
      }
    },
    {
      "type": "Feature",
      "geometry": {
        "type": "Point",
        "coordinates": [
          -90.08950833333333,
          29.961236666666668
        ]
      },
      "properties": {
        "id": 117068,
        "obstruction": "Construction",
        "imageUrl": "https://feed.bikelaneuprising.com/nc/uploads/photos/be1c25dd-ed9e-4fea-b8f7-f0c3887cbd39_VdmTg.jpg",
        "cityKey": "new-orleans-la",
        "cityLabel": "New Orleans, LA",
        "date": "2026-03-21 00:00:00",
        "location": "VALID"
      }
    },
    {
      "type": "Feature",
      "geometry": {
        "type": "Point",
        "coordinates": [
          -90.10248616666667,
          29.978478333333335
        ]
      },
      "properties": {
        "id": 117268,
        "obstruction": "Company Vehicle",
        "imageUrl": "https://feed.bikelaneuprising.com/nc/uploads/photos/ae4052a6-752d-48a4-978c-586988ce2d45_aRQ8m.jpg",
        "cityKey": "new-orleans-la",
        "cityLabel": "New Orleans, LA",
        "date": "2026-03-23 00:00:00",
        "location": "VALID"
      }
    },
    {
      "type": "Feature",
      "geometry": {
        "type": "Point",
        "coordinates": [
          -90.10256116666666,
          29.978603333333332
        ]
      },
      "properties": {
        "id": 117269,
        "obstruction": "Private Owner Vehicle",
        "imageUrl": "https://feed.bikelaneuprising.com/nc/uploads/photos/a9559a6f-96ad-4213-907d-5ca30ebcebfb_nSsyc.jpg",
        "cityKey": "new-orleans-la",
        "cityLabel": "New Orleans, LA",
        "date": "2026-03-22 00:00:00",
        "location": "VALID"
      }
    },
    {
      "type": "Feature",
      "geometry": {
        "type": "Point",
        "coordinates": [
          -90.07675833333333,
          30.021172166666666
        ]
      },
      "properties": {
        "id": 117368,
        "obstruction": "Private Owner Vehicle",
        "imageUrl": "https://feed.bikelaneuprising.com/nc/uploads/photos/3382e4f3-56d2-47d3-92df-4655adf2ab77_tCRxB.jpg",
        "cityKey": "new-orleans-la",
        "cityLabel": "New Orleans, LA",
        "date": "2026-03-23 00:00:00",
        "location": "VALID"
      }
    },
    {
      "type": "Feature",
      "geometry": {
        "type": "Point",
        "coordinates": [
          -90.06973333333333,
          30.023477833333335
        ]
      },
      "properties": {
        "id": 117443,
        "obstruction": "Construction",
        "imageUrl": "https://feed.bikelaneuprising.com/nc/uploads/photos/cfb86280-3df8-43d4-ac11-669a35e721cf_dsDrL.jpg",
        "cityKey": "new-orleans-la",
        "cityLabel": "New Orleans, LA",
        "date": "2026-03-24 00:00:00",
        "location": "VALID"
      }
    },
    {
      "type": "Feature",
      "geometry": {
        "type": "Point",
        "coordinates": [
          -90.07067783333333,
          30.0234445
        ]
      },
      "properties": {
        "id": 117445,
        "obstruction": "Other  (damaged lane / snow / debris / pedestrian / etc.)",
        "imageUrl": "https://feed.bikelaneuprising.com/nc/uploads/photos/2384c2d2-e17d-4aab-abec-91f5e7b0ac62_IkxfT.jpg",
        "cityKey": "new-orleans-la",
        "cityLabel": "New Orleans, LA",
        "date": "2026-03-24 00:00:00",
        "location": "VALID"
      }
    },
    {
      "type": "Feature",
      "geometry": {
        "type": "Point",
        "coordinates": [
          -90.1062695,
          29.97420333333333
        ]
      },
      "properties": {
        "id": 117539,
        "obstruction": "Private Owner Vehicle",
        "imageUrl": "https://feed.bikelaneuprising.com/nc/uploads/photos/e9bb4a4e-3a60-46ca-bd8b-6c0ca117a753_o42mL.jpg",
        "cityKey": "new-orleans-la",
        "cityLabel": "New Orleans, LA",
        "date": "2026-03-25 00:00:00",
        "location": "VALID"
      }
    },
    {
      "type": "Feature",
      "geometry": {
        "type": "Point",
        "coordinates": [
          -90.1064305,
          29.974353333333333
        ]
      },
      "properties": {
        "id": 117540,
        "obstruction": "Private Owner Vehicle",
        "imageUrl": "https://feed.bikelaneuprising.com/nc/uploads/photos/959d2a8c-ff53-4783-84e2-398470cf70ea_s-dp8.jpg",
        "cityKey": "new-orleans-la",
        "cityLabel": "New Orleans, LA",
        "date": "2026-03-24 00:00:00",
        "location": "VALID"
      }
    },
    {
      "type": "Feature",
      "geometry": {
        "type": "Point",
        "coordinates": [
          -90.07633883333334,
          30.0204805
        ]
      },
      "properties": {
        "id": 117541,
        "obstruction": "Private Owner Vehicle",
        "imageUrl": "https://feed.bikelaneuprising.com/nc/uploads/photos/9b1ae344-f307-419f-b4b4-20a9d8b15c61_rrJlE.jpg",
        "cityKey": "new-orleans-la",
        "cityLabel": "New Orleans, LA",
        "date": "2026-03-24 00:00:00",
        "location": "VALID"
      }
    },
    {
      "type": "Feature",
      "geometry": {
        "type": "Point",
        "coordinates": [
          -90.0764,
          29.97436
        ]
      },
      "properties": {
        "id": 117649,
        "obstruction": "Private Owner Vehicle",
        "imageUrl": "",
        "cityKey": "new-orleans-la",
        "cityLabel": "New Orleans, LA",
        "date": "2026-03-25 00:00:00",
        "location": "VALID"
      }
    },
    {
      "type": "Feature",
      "geometry": {
        "type": "Point",
        "coordinates": [
          -90.10231116666667,
          29.978413333333332
        ]
      },
      "properties": {
        "id": 117853,
        "obstruction": "Company Vehicle",
        "imageUrl": "https://feed.bikelaneuprising.com/nc/uploads/photos/5a2e4785-3db9-4739-92c7-3419539416b0_eIaC7.jpg",
        "cityKey": "new-orleans-la",
        "cityLabel": "New Orleans, LA",
        "date": "2026-03-26 00:00:00",
        "location": "VALID"
      }
    },
    {
      "type": "Feature",
      "geometry": {
        "type": "Point",
        "coordinates": [
          -90.102425,
          29.978528333333333
        ]
      },
      "properties": {
        "id": 117854,
        "obstruction": "Company Vehicle",
        "imageUrl": "https://feed.bikelaneuprising.com/nc/uploads/photos/ba1b4721-8b4f-4529-b41b-f8cdf9414aa5_Hp6nq.jpg",
        "cityKey": "new-orleans-la",
        "cityLabel": "New Orleans, LA",
        "date": "2026-03-26 00:00:00",
        "location": "VALID"
      }
    },
    {
      "type": "Feature",
      "geometry": {
        "type": "Point",
        "coordinates": [
          -90.0740805,
          29.946703333333332
        ]
      },
      "properties": {
        "id": 117918,
        "obstruction": "Private Owner Vehicle",
        "imageUrl": "https://feed.bikelaneuprising.com/nc/uploads/photos/ae2cdd9b-5f42-4626-9f69-f82784ef2db8_NnQAZ.jpg",
        "cityKey": "new-orleans-la",
        "cityLabel": "New Orleans, LA",
        "date": "2026-03-26 00:00:00",
        "location": "VALID"
      }
    },
    {
      "type": "Feature",
      "geometry": {
        "type": "Point",
        "coordinates": [
          -90.074075,
          29.946713333333335
        ]
      },
      "properties": {
        "id": 117919,
        "obstruction": "Private Owner Vehicle",
        "imageUrl": "https://feed.bikelaneuprising.com/nc/uploads/photos/1b5124e5-bd5c-4d60-a10b-bac409974134_9OXGL.jpg",
        "cityKey": "new-orleans-la",
        "cityLabel": "New Orleans, LA",
        "date": "2026-03-26 00:00:00",
        "location": "VALID"
      }
    },
    {
      "type": "Feature",
      "geometry": {
        "type": "Point",
        "coordinates": [
          -90.09979166666666,
          29.969805
        ]
      },
      "properties": {
        "id": 118297,
        "obstruction": "Private Owner Vehicle",
        "imageUrl": "https://feed.bikelaneuprising.com/nc/uploads/photos/f94c1267-629d-44a8-b22c-826348a81f3c_ba30E.jpg",
        "cityKey": "new-orleans-la",
        "cityLabel": "New Orleans, LA",
        "date": "2026-03-26 00:00:00",
        "location": "VALID"
      }
    },
    {
      "type": "Feature",
      "geometry": {
        "type": "Point",
        "coordinates": [
          -90.1062,
          29.974138333333332
        ]
      },
      "properties": {
        "id": 118637,
        "obstruction": "Company Vehicle",
        "imageUrl": "https://feed.bikelaneuprising.com/nc/uploads/photos/d089d011-b284-41ab-b0bf-e5bf9869db45_bk07n.jpg",
        "cityKey": "new-orleans-la",
        "cityLabel": "New Orleans, LA",
        "date": "2026-03-28 00:00:00",
        "location": "VALID"
      }
    },
    {
      "type": "Feature",
      "geometry": {
        "type": "Point",
        "coordinates": [
          -90.10635283333333,
          29.974236666666666
        ]
      },
      "properties": {
        "id": 119268,
        "obstruction": "Taxi / Uber / Livery / Lyft",
        "imageUrl": "https://feed.bikelaneuprising.com/nc/uploads/photos/9bfa5109-f437-4a14-9a6e-a753df34bf63_rS701.jpg",
        "cityKey": "new-orleans-la",
        "cityLabel": "New Orleans, LA",
        "date": "2026-04-01 00:00:00",
        "location": "VALID"
      }
    },
    {
      "type": "Feature",
      "geometry": {
        "type": "Point",
        "coordinates": [
          -90.10540833333333,
          29.973595
        ]
      },
      "properties": {
        "id": 119269,
        "obstruction": "Private Owner Vehicle",
        "imageUrl": "https://feed.bikelaneuprising.com/nc/uploads/photos/cbcfbab0-8e7f-4d8e-970d-05e9cb35ab75_B5DXT.jpg",
        "cityKey": "new-orleans-la",
        "cityLabel": "New Orleans, LA",
        "date": "2026-04-01 00:00:00",
        "location": "VALID"
      }
    },
    {
      "type": "Feature",
      "geometry": {
        "type": "Point",
        "coordinates": [
          -90.1027305,
          29.934066666666666
        ]
      },
      "properties": {
        "id": 119270,
        "obstruction": "Company Vehicle",
        "imageUrl": "https://feed.bikelaneuprising.com/nc/uploads/photos/101eaf7a-d3bb-4fa3-81c1-ef5ad7333a34_WsGWg.jpg",
        "cityKey": "new-orleans-la",
        "cityLabel": "New Orleans, LA",
        "date": "2026-04-01 00:00:00",
        "location": "VALID"
      }
    },
    {
      "type": "Feature",
      "geometry": {
        "type": "Point",
        "coordinates": [
          -90.102775,
          29.978521666666666
        ]
      },
      "properties": {
        "id": 119271,
        "obstruction": "Company Vehicle",
        "imageUrl": "https://feed.bikelaneuprising.com/nc/uploads/photos/76e018aa-04bb-485a-ac8f-8c63a7220318_eFHMF.jpg",
        "cityKey": "new-orleans-la",
        "cityLabel": "New Orleans, LA",
        "date": "2026-04-01 00:00:00",
        "location": "VALID"
      }
    },
    {
      "type": "Feature",
      "geometry": {
        "type": "Point",
        "coordinates": [
          -90.06326325237751,
          29.995153091948524
        ]
      },
      "properties": {
        "id": 120264,
        "obstruction": "Private Owner Vehicle",
        "imageUrl": "https://feed.bikelaneuprising.com/nc/uploads/photos/35148b1f-58a6-4d3c-a85d-a913e1d8d761_SIzdc.jpg",
        "cityKey": "new-orleans-la",
        "cityLabel": "New Orleans, LA",
        "date": "2026-04-06 00:00:00",
        "location": "VALID"
      }
    },
    {
      "type": "Feature",
      "geometry": {
        "type": "Point",
        "coordinates": [
          -90.06308287382126,
          29.99525559314923
        ]
      },
      "properties": {
        "id": 120265,
        "obstruction": "Private Owner Vehicle",
        "imageUrl": "https://feed.bikelaneuprising.com/nc/uploads/photos/caebf408-2ac9-4c03-ae35-1843d23a8d14__TOxU.jpg",
        "cityKey": "new-orleans-la",
        "cityLabel": "New Orleans, LA",
        "date": "2026-04-06 00:00:00",
        "location": "VALID"
      }
    },
    {
      "type": "Feature",
      "geometry": {
        "type": "Point",
        "coordinates": [
          -90.06310734897852,
          29.995272434696176
        ]
      },
      "properties": {
        "id": 120272,
        "obstruction": "Private Owner Vehicle",
        "imageUrl": "https://feed.bikelaneuprising.com/nc/uploads/photos/1aa81c30-8196-44af-98fd-9e78e61dfc7c_8nhoY.jpg",
        "cityKey": "new-orleans-la",
        "cityLabel": "New Orleans, LA",
        "date": "2026-04-06 00:00:00",
        "location": "VALID"
      }
    },
    {
      "type": "Feature",
      "geometry": {
        "type": "Point",
        "coordinates": [
          -90.05105685442686,
          29.979050958991156
        ]
      },
      "properties": {
        "id": 120274,
        "obstruction": "Private Owner Vehicle",
        "imageUrl": "https://feed.bikelaneuprising.com/nc/uploads/photos/bed8690b-da2c-455a-aa23-5ba9fdbdf505_THWEK.jpg",
        "cityKey": "new-orleans-la",
        "cityLabel": "New Orleans, LA",
        "date": "2026-04-03 00:00:00",
        "location": "VALID"
      }
    },
    {
      "type": "Feature",
      "geometry": {
        "type": "Point",
        "coordinates": [
          -90.05386915057898,
          29.978910686555103
        ]
      },
      "properties": {
        "id": 120275,
        "obstruction": "Other  (damaged lane / snow / debris / pedestrian / etc.)",
        "imageUrl": "https://feed.bikelaneuprising.com/nc/uploads/photos/e1cc1ca1-d2a3-4f18-8e9d-55af872d01bc_lylvP.jpg",
        "cityKey": "new-orleans-la",
        "cityLabel": "New Orleans, LA",
        "date": "2026-04-03 00:00:00",
        "location": "VALID"
      }
    },
    {
      "type": "Feature",
      "geometry": {
        "type": "Point",
        "coordinates": [
          -90.06408501416445,
          29.978283669248217
        ]
      },
      "properties": {
        "id": 120276,
        "obstruction": "Other  (damaged lane / snow / debris / pedestrian / etc.)",
        "imageUrl": "https://feed.bikelaneuprising.com/nc/uploads/photos/47729280-b6c7-4cf0-8559-71d10866c4ba_JwGb0.jpg",
        "cityKey": "new-orleans-la",
        "cityLabel": "New Orleans, LA",
        "date": "2026-04-03 00:00:00",
        "location": "VALID"
      }
    },
    {
      "type": "Feature",
      "geometry": {
        "type": "Point",
        "coordinates": [
          -90.04914075136185,
          29.979195877925115
        ]
      },
      "properties": {
        "id": 120277,
        "obstruction": "Other  (damaged lane / snow / debris / pedestrian / etc.)",
        "imageUrl": "https://feed.bikelaneuprising.com/nc/uploads/photos/76c9cdcf-30bc-4eb5-9f65-d3a8026571fb_LF7nF.jpg",
        "cityKey": "new-orleans-la",
        "cityLabel": "New Orleans, LA",
        "date": "2026-04-02 00:00:00",
        "location": "VALID"
      }
    },
    {
      "type": "Feature",
      "geometry": {
        "type": "Point",
        "coordinates": [
          -90.05045235157013,
          29.97911427029491
        ]
      },
      "properties": {
        "id": 120278,
        "obstruction": "Private Owner Vehicle",
        "imageUrl": "https://feed.bikelaneuprising.com/nc/uploads/photos/189b3ca3-0d93-4cd6-ad05-74bd265caa1a_QnDQ4.jpg",
        "cityKey": "new-orleans-la",
        "cityLabel": "New Orleans, LA",
        "date": "2026-04-02 00:00:00",
        "location": "VALID"
      }
    },
    {
      "type": "Feature",
      "geometry": {
        "type": "Point",
        "coordinates": [
          -90.0515403226018,
          29.979048054801943
        ]
      },
      "properties": {
        "id": 120279,
        "obstruction": "Other  (damaged lane / snow / debris / pedestrian / etc.)",
        "imageUrl": "https://feed.bikelaneuprising.com/nc/uploads/photos/9cde6055-6984-4c14-acf1-e7021a3aa5ec_POK7m.jpg",
        "cityKey": "new-orleans-la",
        "cityLabel": "New Orleans, LA",
        "date": "2026-04-02 00:00:00",
        "location": "VALID"
      }
    },
    {
      "type": "Feature",
      "geometry": {
        "type": "Point",
        "coordinates": [
          -90.04184,
          29.96746
        ]
      },
      "properties": {
        "id": 120280,
        "obstruction": "Private Owner Vehicle",
        "imageUrl": "https://feed.bikelaneuprising.com/nc/uploads/photos/0e9c4326-58ce-4823-936a-40592b949b59_JFzqH.jpg",
        "cityKey": "new-orleans-la",
        "cityLabel": "New Orleans, LA",
        "date": "2026-04-02 00:00:00",
        "location": "VALID"
      }
    },
    {
      "type": "Feature",
      "geometry": {
        "type": "Point",
        "coordinates": [
          -90.05377694964409,
          29.978906330265076
        ]
      },
      "properties": {
        "id": 120281,
        "obstruction": "Private Owner Vehicle",
        "imageUrl": "https://feed.bikelaneuprising.com/nc/uploads/photos/bf5a6de9-b484-4f56-b5fe-2aab6b7027cd_13HMK.jpg",
        "cityKey": "new-orleans-la",
        "cityLabel": "New Orleans, LA",
        "date": "2026-04-01 00:00:00",
        "location": "VALID"
      }
    },
    {
      "type": "Feature",
      "geometry": {
        "type": "Point",
        "coordinates": [
          -90.07846388888889,
          29.956005555555556
        ]
      },
      "properties": {
        "id": 120363,
        "obstruction": "Private Owner Vehicle",
        "imageUrl": "https://feed.bikelaneuprising.com/nc/uploads/photos/342a965a-3a48-4bd6-9fc9-4a5a8c8f0122_wq2Oi.jpg",
        "cityKey": "new-orleans-la",
        "cityLabel": "New Orleans, LA",
        "date": "2026-04-07 00:00:00",
        "location": "VALID"
      }
    },
    {
      "type": "Feature",
      "geometry": {
        "type": "Point",
        "coordinates": [
          -90.08374444444443,
          29.960269444444442
        ]
      },
      "properties": {
        "id": 120365,
        "obstruction": "Municipal (city) Vehicle - includes USPS",
        "imageUrl": "https://feed.bikelaneuprising.com/nc/uploads/photos/b40f5dc8-40f6-4ad2-89cf-e213843286dd_L_i-n.jpg",
        "cityKey": "new-orleans-la",
        "cityLabel": "New Orleans, LA",
        "date": "2026-04-01 00:00:00",
        "location": "VALID"
      }
    },
    {
      "type": "Feature",
      "geometry": {
        "type": "Point",
        "coordinates": [
          -90.08014166666666,
          29.93972777777778
        ]
      },
      "properties": {
        "id": 120367,
        "obstruction": "Company Vehicle",
        "imageUrl": "https://feed.bikelaneuprising.com/nc/uploads/photos/8743fd26-e3aa-49ec-8394-731d228f5272_M-6xC.jpg",
        "cityKey": "new-orleans-la",
        "cityLabel": "New Orleans, LA",
        "date": "2026-03-31 00:00:00",
        "location": "VALID"
      }
    },
    {
      "type": "Feature",
      "geometry": {
        "type": "Point",
        "coordinates": [
          -90.07995555555556,
          29.940044444444446
        ]
      },
      "properties": {
        "id": 120368,
        "obstruction": "Company Vehicle",
        "imageUrl": "https://feed.bikelaneuprising.com/nc/uploads/photos/960d0d91-78c9-4744-b132-5c5dbf627f09_dLqXK.jpg",
        "cityKey": "new-orleans-la",
        "cityLabel": "New Orleans, LA",
        "date": "2026-03-30 00:00:00",
        "location": "VALID"
      }
    },
    {
      "type": "Feature",
      "geometry": {
        "type": "Point",
        "coordinates": [
          -90.085325,
          29.95794722222222
        ]
      },
      "properties": {
        "id": 120369,
        "obstruction": "Private Owner Vehicle",
        "imageUrl": "https://feed.bikelaneuprising.com/nc/uploads/photos/5f5a29da-4567-4f20-982f-93f9d7cb9e8f_Jf8Ay.jpg",
        "cityKey": "new-orleans-la",
        "cityLabel": "New Orleans, LA",
        "date": "2026-03-18 00:00:00",
        "location": "VALID"
      }
    },
    {
      "type": "Feature",
      "geometry": {
        "type": "Point",
        "coordinates": [
          -90.08620833333333,
          29.93438888888889
        ]
      },
      "properties": {
        "id": 120370,
        "obstruction": "Company Vehicle",
        "imageUrl": "https://feed.bikelaneuprising.com/nc/uploads/photos/6e3b2d70-5f0b-4d3f-871e-838033302a16_z2oJ6.jpg",
        "cityKey": "new-orleans-la",
        "cityLabel": "New Orleans, LA",
        "date": "2026-03-18 00:00:00",
        "location": "VALID"
      }
    },
    {
      "type": "Feature",
      "geometry": {
        "type": "Point",
        "coordinates": [
          -90.07846388888889,
          29.956191666666665
        ]
      },
      "properties": {
        "id": 120371,
        "obstruction": "Private Owner Vehicle",
        "imageUrl": "https://feed.bikelaneuprising.com/nc/uploads/photos/354812d7-9b65-4ee4-b044-ed1dfdcb4e62_bzeCn.jpg",
        "cityKey": "new-orleans-la",
        "cityLabel": "New Orleans, LA",
        "date": "2026-02-26 00:00:00",
        "location": "VALID"
      }
    },
    {
      "type": "Feature",
      "geometry": {
        "type": "Point",
        "coordinates": [
          -90.08378611111111,
          29.96
        ]
      },
      "properties": {
        "id": 120372,
        "obstruction": "Company Vehicle",
        "imageUrl": "https://feed.bikelaneuprising.com/nc/uploads/photos/cd1b5cb8-23c7-4bc5-9d01-3f64211bb3ad_IqcrL.jpg",
        "cityKey": "new-orleans-la",
        "cityLabel": "New Orleans, LA",
        "date": "2026-02-25 00:00:00",
        "location": "VALID"
      }
    },
    {
      "type": "Feature",
      "geometry": {
        "type": "Point",
        "coordinates": [
          -90.08279444444445,
          29.957938888888886
        ]
      },
      "properties": {
        "id": 120373,
        "obstruction": "Municipal (city) Vehicle - includes USPS",
        "imageUrl": "https://feed.bikelaneuprising.com/nc/uploads/photos/c6c7afb8-89d7-42da-9596-be27c738eb73_MVuXU.jpg",
        "cityKey": "new-orleans-la",
        "cityLabel": "New Orleans, LA",
        "date": "2026-02-24 00:00:00",
        "location": "VALID"
      }
    },
    {
      "type": "Feature",
      "geometry": {
        "type": "Point",
        "coordinates": [
          -90.07540555555555,
          29.951083333333333
        ]
      },
      "properties": {
        "id": 120374,
        "obstruction": "Company Vehicle",
        "imageUrl": "https://feed.bikelaneuprising.com/nc/uploads/photos/61ee7093-62fe-4be2-b084-b3ff6529be24_mI1Qt.jpg",
        "cityKey": "new-orleans-la",
        "cityLabel": "New Orleans, LA",
        "date": "2026-02-24 00:00:00",
        "location": "VALID"
      }
    },
    {
      "type": "Feature",
      "geometry": {
        "type": "Point",
        "coordinates": [
          -90.05125634372234,
          29.979075354177205
        ]
      },
      "properties": {
        "id": 120718,
        "obstruction": "Private Owner Vehicle",
        "imageUrl": "https://feed.bikelaneuprising.com/nc/uploads/photos/7c856d5c-a469-43a0-9ba6-6c66a785b091_HHOp7.jpg",
        "cityKey": "new-orleans-la",
        "cityLabel": "New Orleans, LA",
        "date": "2026-04-07 00:00:00",
        "location": "VALID"
      }
    },
    {
      "type": "Feature",
      "geometry": {
        "type": "Point",
        "coordinates": [
          -90.05238320678473,
          29.979012042848616
        ]
      },
      "properties": {
        "id": 120719,
        "obstruction": "Private Owner Vehicle",
        "imageUrl": "https://feed.bikelaneuprising.com/nc/uploads/photos/cfd80be0-0e43-4f71-a20c-0d8d93daae6a__zZpN.jpg",
        "cityKey": "new-orleans-la",
        "cityLabel": "New Orleans, LA",
        "date": "2026-04-07 00:00:00",
        "location": "VALID"
      }
    },
    {
      "type": "Feature",
      "geometry": {
        "type": "Point",
        "coordinates": [
          -90.05031019449234,
          29.979119497831967
        ]
      },
      "properties": {
        "id": 120720,
        "obstruction": "Private Owner Vehicle",
        "imageUrl": "https://feed.bikelaneuprising.com/nc/uploads/photos/7d151fa3-e978-402c-a5a6-5e073e4782bf_hizj7.jpg",
        "cityKey": "new-orleans-la",
        "cityLabel": "New Orleans, LA",
        "date": "2026-02-06 00:00:00",
        "location": "VALID"
      }
    },
    {
      "type": "Feature",
      "geometry": {
        "type": "Point",
        "coordinates": [
          -90.05149606615305,
          29.979060252396064
        ]
      },
      "properties": {
        "id": 120722,
        "obstruction": "Private Owner Vehicle",
        "imageUrl": "https://feed.bikelaneuprising.com/nc/uploads/photos/e359a340-0456-4430-9c57-8c410dff9f0e_3tM0I.jpg",
        "cityKey": "new-orleans-la",
        "cityLabel": "New Orleans, LA",
        "date": "2026-02-06 00:00:00",
        "location": "VALID"
      }
    },
    {
      "type": "Feature",
      "geometry": {
        "type": "Point",
        "coordinates": [
          -90.05153696984053,
          29.97908464757982
        ]
      },
      "properties": {
        "id": 120723,
        "obstruction": "Private Owner Vehicle",
        "imageUrl": "https://feed.bikelaneuprising.com/nc/uploads/photos/97e11cb8-611a-4508-bf6d-7ac4a470fd70_om5eJ.jpg",
        "cityKey": "new-orleans-la",
        "cityLabel": "New Orleans, LA",
        "date": "2026-02-06 00:00:00",
        "location": "VALID"
      }
    },
    {
      "type": "Feature",
      "geometry": {
        "type": "Point",
        "coordinates": [
          -90.07194,
          29.97331
        ]
      },
      "properties": {
        "id": 120724,
        "obstruction": "Private Owner Vehicle",
        "imageUrl": "https://feed.bikelaneuprising.com/nc/uploads/photos/1d46788e-ccd8-4388-8729-5a7e1ea629c7_h2lqQ.jpg",
        "cityKey": "new-orleans-la",
        "cityLabel": "New Orleans, LA",
        "date": "2026-02-06 00:00:00",
        "location": "VALID"
      }
    },
    {
      "type": "Feature",
      "geometry": {
        "type": "Point",
        "coordinates": [
          -90.07205,
          29.97332
        ]
      },
      "properties": {
        "id": 120725,
        "obstruction": "Private Owner Vehicle",
        "imageUrl": "https://feed.bikelaneuprising.com/nc/uploads/photos/adb194b9-2456-4605-9de3-40d31b956640_Y9zgP.jpg",
        "cityKey": "new-orleans-la",
        "cityLabel": "New Orleans, LA",
        "date": "2026-02-06 00:00:00",
        "location": "VALID"
      }
    },
    {
      "type": "Feature",
      "geometry": {
        "type": "Point",
        "coordinates": [
          -90.05387485027313,
          29.97891213865172
        ]
      },
      "properties": {
        "id": 120898,
        "obstruction": "Private Owner Vehicle",
        "imageUrl": "https://feed.bikelaneuprising.com/nc/uploads/photos/0dd00b89-fde2-47f0-972d-f8152391185c_BD3kJ.jpg",
        "cityKey": "new-orleans-la",
        "cityLabel": "New Orleans, LA",
        "date": "2026-04-12 00:00:00",
        "location": "VALID"
      }
    },
    {
      "type": "Feature",
      "geometry": {
        "type": "Point",
        "coordinates": [
          -90.05607,
          29.96819
        ]
      },
      "properties": {
        "id": 120899,
        "obstruction": "Private Owner Vehicle",
        "imageUrl": "https://feed.bikelaneuprising.com/nc/uploads/photos/37fffdf8-d1cf-40c9-8757-45445d20d51b_wxEeW.jpg",
        "cityKey": "new-orleans-la",
        "cityLabel": "New Orleans, LA",
        "date": "2026-01-15 00:00:00",
        "location": "VALID"
      }
    },
    {
      "type": "Feature",
      "geometry": {
        "type": "Point",
        "coordinates": [
          -90.05605,
          29.96835
        ]
      },
      "properties": {
        "id": 120900,
        "obstruction": "Private Owner Vehicle",
        "imageUrl": "https://feed.bikelaneuprising.com/nc/uploads/photos/620c8134-8262-4156-91a4-f0edfa5535f0_NFzqe.jpg",
        "cityKey": "new-orleans-la",
        "cityLabel": "New Orleans, LA",
        "date": "2026-01-13 00:00:00",
        "location": "VALID"
      }
    },
    {
      "type": "Feature",
      "geometry": {
        "type": "Point",
        "coordinates": [
          -90.05036551505327,
          29.979113108619984
        ]
      },
      "properties": {
        "id": 120901,
        "obstruction": "Private Owner Vehicle",
        "imageUrl": "https://feed.bikelaneuprising.com/nc/uploads/photos/ec32f244-b968-44e8-b776-512e19baf480_EvEVk.jpg",
        "cityKey": "new-orleans-la",
        "cityLabel": "New Orleans, LA",
        "date": "2026-01-01 00:00:00",
        "location": "VALID"
      }
    },
    {
      "type": "Feature",
      "geometry": {
        "type": "Point",
        "coordinates": [
          -90.05156,
          29.97893
        ]
      },
      "properties": {
        "id": 120902,
        "obstruction": "Private Owner Vehicle",
        "imageUrl": "https://feed.bikelaneuprising.com/nc/uploads/photos/04385c97-de6b-4474-9bad-6cecca5458a4_R39qu.jpg",
        "cityKey": "new-orleans-la",
        "cityLabel": "New Orleans, LA",
        "date": "2026-01-01 00:00:00",
        "location": "VALID"
      }
    },
    {
      "type": "Feature",
      "geometry": {
        "type": "Point",
        "coordinates": [
          -90.05156,
          29.97893
        ]
      },
      "properties": {
        "id": 120904,
        "obstruction": "Private Owner Vehicle",
        "imageUrl": "https://feed.bikelaneuprising.com/nc/uploads/photos/3531edf5-638e-477e-a9e1-2790ef49fcb8_GcM4R.jpg",
        "cityKey": "new-orleans-la",
        "cityLabel": "New Orleans, LA",
        "date": "2026-01-01 00:00:00",
        "location": "VALID"
      }
    },
    {
      "type": "Feature",
      "geometry": {
        "type": "Point",
        "coordinates": [
          -90.07053,
          29.97503
        ]
      },
      "properties": {
        "id": 120905,
        "obstruction": "Private Owner Vehicle",
        "imageUrl": "https://feed.bikelaneuprising.com/nc/uploads/photos/2cd85b5b-e479-48db-aa14-8d1a0897e315_slkOq.jpg",
        "cityKey": "new-orleans-la",
        "cityLabel": "New Orleans, LA",
        "date": "2026-01-01 00:00:00",
        "location": "VALID"
      }
    },
    {
      "type": "Feature",
      "geometry": {
        "type": "Point",
        "coordinates": [
          -90.05605,
          29.96835
        ]
      },
      "properties": {
        "id": 120906,
        "obstruction": "Municipal (city) Vehicle - includes USPS",
        "imageUrl": "https://feed.bikelaneuprising.com/nc/uploads/photos/bdf0ea1a-2c61-4430-a762-a5090da8ece0_78DZ2.jpg",
        "cityKey": "new-orleans-la",
        "cityLabel": "New Orleans, LA",
        "date": "2025-12-16 00:00:00",
        "location": "VALID"
      }
    },
    {
      "type": "Feature",
      "geometry": {
        "type": "Point",
        "coordinates": [
          -90.05605,
          29.96835
        ]
      },
      "properties": {
        "id": 120907,
        "obstruction": "Private Owner Vehicle",
        "imageUrl": "https://feed.bikelaneuprising.com/nc/uploads/photos/f8de2312-401a-46d3-b907-994cab416f25_OU6tH.jpg",
        "cityKey": "new-orleans-la",
        "cityLabel": "New Orleans, LA",
        "date": "2025-12-08 00:00:00",
        "location": "VALID"
      }
    },
    {
      "type": "Feature",
      "geometry": {
        "type": "Point",
        "coordinates": [
          -90.05605,
          29.96835
        ]
      },
      "properties": {
        "id": 120908,
        "obstruction": "Private Owner Vehicle",
        "imageUrl": "https://feed.bikelaneuprising.com/nc/uploads/photos/357e6e3d-4033-48f7-b1a0-6564ee02686c_5HbmB.jpg",
        "cityKey": "new-orleans-la",
        "cityLabel": "New Orleans, LA",
        "date": "2025-12-06 00:00:00",
        "location": "VALID"
      }
    },
    {
      "type": "Feature",
      "geometry": {
        "type": "Point",
        "coordinates": [
          -90.05605,
          29.96835
        ]
      },
      "properties": {
        "id": 120909,
        "obstruction": "Private Owner Vehicle",
        "imageUrl": "https://feed.bikelaneuprising.com/nc/uploads/photos/5dd10956-3d6b-4134-9080-ddaac2c9e075_-xuGM.jpg",
        "cityKey": "new-orleans-la",
        "cityLabel": "New Orleans, LA",
        "date": "2025-12-06 00:00:00",
        "location": "VALID"
      }
    },
    {
      "type": "Feature",
      "geometry": {
        "type": "Point",
        "coordinates": [
          -90.05605,
          29.96835
        ]
      },
      "properties": {
        "id": 120910,
        "obstruction": "Private Owner Vehicle",
        "imageUrl": "https://feed.bikelaneuprising.com/nc/uploads/photos/65df6ae5-3bc5-4b4d-9fdc-7bff57e6de27_wHNWF.jpg",
        "cityKey": "new-orleans-la",
        "cityLabel": "New Orleans, LA",
        "date": "2025-12-06 00:00:00",
        "location": "VALID"
      }
    },
    {
      "type": "Feature",
      "geometry": {
        "type": "Point",
        "coordinates": [
          -90.05102030932903,
          29.979090746374847
        ]
      },
      "properties": {
        "id": 120911,
        "obstruction": "Private Owner Vehicle",
        "imageUrl": "https://feed.bikelaneuprising.com/nc/uploads/photos/450f5a68-24be-4086-8f3c-73997e42db01_Q8X3_.jpg",
        "cityKey": "new-orleans-la",
        "cityLabel": "New Orleans, LA",
        "date": "2025-11-30 00:00:00",
        "location": "VALID"
      }
    },
    {
      "type": "Feature",
      "geometry": {
        "type": "Point",
        "coordinates": [
          -90.05161207169294,
          29.97902598296114
        ]
      },
      "properties": {
        "id": 120912,
        "obstruction": "Private Owner Vehicle",
        "imageUrl": "https://feed.bikelaneuprising.com/nc/uploads/photos/61d3c915-e1ca-4270-bc8a-c768310335ed_zPUEF.jpg",
        "cityKey": "new-orleans-la",
        "cityLabel": "New Orleans, LA",
        "date": "2025-11-30 00:00:00",
        "location": "VALID"
      }
    },
    {
      "type": "Feature",
      "geometry": {
        "type": "Point",
        "coordinates": [
          -90.05610980093479,
          29.978774189377432
        ]
      },
      "properties": {
        "id": 120913,
        "obstruction": "Private Owner Vehicle",
        "imageUrl": "https://feed.bikelaneuprising.com/nc/uploads/photos/371ad353-1019-4a94-be34-d70cf0085660_x8DwV.jpg",
        "cityKey": "new-orleans-la",
        "cityLabel": "New Orleans, LA",
        "date": "2025-11-30 00:00:00",
        "location": "VALID"
      }
    },
    {
      "type": "Feature",
      "geometry": {
        "type": "Point",
        "coordinates": [
          -90.05605,
          29.96835
        ]
      },
      "properties": {
        "id": 120914,
        "obstruction": "Private Owner Vehicle",
        "imageUrl": "https://feed.bikelaneuprising.com/nc/uploads/photos/5184c6a8-dbfc-4a0d-bc7c-1bff23ddb102_wnUQx.jpg",
        "cityKey": "new-orleans-la",
        "cityLabel": "New Orleans, LA",
        "date": "2025-11-27 00:00:00",
        "location": "VALID"
      }
    },
    {
      "type": "Feature",
      "geometry": {
        "type": "Point",
        "coordinates": [
          -90.05605,
          29.96835
        ]
      },
      "properties": {
        "id": 120915,
        "obstruction": "Private Owner Vehicle",
        "imageUrl": "https://feed.bikelaneuprising.com/nc/uploads/photos/f67aed1f-6ec2-4674-b13c-769d84631552_tPCB3.jpg",
        "cityKey": "new-orleans-la",
        "cityLabel": "New Orleans, LA",
        "date": "2025-11-16 00:00:00",
        "location": "VALID"
      }
    },
    {
      "type": "Feature",
      "geometry": {
        "type": "Point",
        "coordinates": [
          -90.06068,
          29.97861
        ]
      },
      "properties": {
        "id": 120916,
        "obstruction": "Private Owner Vehicle",
        "imageUrl": "https://feed.bikelaneuprising.com/nc/uploads/photos/fcbbe1a2-af34-4ba7-bd9e-383d15a93ef6_qdXQG.jpg",
        "cityKey": "new-orleans-la",
        "cityLabel": "New Orleans, LA",
        "date": "2025-09-24 00:00:00",
        "location": "VALID"
      }
    },
    {
      "type": "Feature",
      "geometry": {
        "type": "Point",
        "coordinates": [
          -90.07081,
          29.9745
        ]
      },
      "properties": {
        "id": 120917,
        "obstruction": "Private Owner Vehicle",
        "imageUrl": "https://feed.bikelaneuprising.com/nc/uploads/photos/3434a1c8-bee6-4eec-9340-5ee289e82908_RDb6P.jpg",
        "cityKey": "new-orleans-la",
        "cityLabel": "New Orleans, LA",
        "date": "2025-09-24 00:00:00",
        "location": "VALID"
      }
    },
    {
      "type": "Feature",
      "geometry": {
        "type": "Point",
        "coordinates": [
          -90.05688428878784,
          29.97871959045386
        ]
      },
      "properties": {
        "id": 120918,
        "obstruction": "Private Owner Vehicle",
        "imageUrl": "https://feed.bikelaneuprising.com/nc/uploads/photos/18637da5-d5d9-48d0-a6ef-3cb228d71526_szSmr.jpg",
        "cityKey": "new-orleans-la",
        "cityLabel": "New Orleans, LA",
        "date": "2025-09-04 00:00:00",
        "location": "VALID"
      }
    },
    {
      "type": "Feature",
      "geometry": {
        "type": "Point",
        "coordinates": [
          -90.07194,
          29.97331
        ]
      },
      "properties": {
        "id": 120919,
        "obstruction": "Private Owner Vehicle",
        "imageUrl": "https://feed.bikelaneuprising.com/nc/uploads/photos/ee58d75e-c508-4a06-8ebb-1badeed138c5_LCBRO.jpg",
        "cityKey": "new-orleans-la",
        "cityLabel": "New Orleans, LA",
        "date": "2025-09-03 00:00:00",
        "location": "VALID"
      }
    },
    {
      "type": "Feature",
      "geometry": {
        "type": "Point",
        "coordinates": [
          -90.07209911942482,
          29.97346110880969
        ]
      },
      "properties": {
        "id": 120920,
        "obstruction": "Private Owner Vehicle",
        "imageUrl": "https://feed.bikelaneuprising.com/nc/uploads/photos/d49c4f67-152f-4370-bd6d-e385c3fb8120_-Y4uQ.jpg",
        "cityKey": "new-orleans-la",
        "cityLabel": "New Orleans, LA",
        "date": "2025-09-03 00:00:00",
        "location": "VALID"
      }
    },
    {
      "type": "Feature",
      "geometry": {
        "type": "Point",
        "coordinates": [
          -90.05602,
          29.97869
        ]
      },
      "properties": {
        "id": 120921,
        "obstruction": "Private Owner Vehicle",
        "imageUrl": "https://feed.bikelaneuprising.com/nc/uploads/photos/02d0a9d1-3e84-483f-972d-05c70206ebac_muxYw.jpg",
        "cityKey": "new-orleans-la",
        "cityLabel": "New Orleans, LA",
        "date": "2025-08-30 00:00:00",
        "location": "VALID"
      }
    },
    {
      "type": "Feature",
      "geometry": {
        "type": "Point",
        "coordinates": [
          -90.05693,
          29.97863
        ]
      },
      "properties": {
        "id": 120922,
        "obstruction": "Private Owner Vehicle",
        "imageUrl": "https://feed.bikelaneuprising.com/nc/uploads/photos/de112bb4-efd8-4c39-90f8-98ed16c13ec3_-wyCS.jpg",
        "cityKey": "new-orleans-la",
        "cityLabel": "New Orleans, LA",
        "date": "2025-08-28 00:00:00",
        "location": "VALID"
      }
    },
    {
      "type": "Feature",
      "geometry": {
        "type": "Point",
        "coordinates": [
          -90.05693,
          29.97863
        ]
      },
      "properties": {
        "id": 120923,
        "obstruction": "Private Owner Vehicle",
        "imageUrl": "https://feed.bikelaneuprising.com/nc/uploads/photos/a278462a-ebf2-4fef-9088-504ceadf0c95_3h6YN.jpg",
        "cityKey": "new-orleans-la",
        "cityLabel": "New Orleans, LA",
        "date": "2025-08-28 00:00:00",
        "location": "VALID"
      }
    },
    {
      "type": "Feature",
      "geometry": {
        "type": "Point",
        "coordinates": [
          -90.05693,
          29.97863
        ]
      },
      "properties": {
        "id": 120924,
        "obstruction": "Private Owner Vehicle",
        "imageUrl": "https://feed.bikelaneuprising.com/nc/uploads/photos/dd9f003c-55d5-4c6d-866f-4866a1b9d530_pWowh.jpg",
        "cityKey": "new-orleans-la",
        "cityLabel": "New Orleans, LA",
        "date": "2025-08-28 00:00:00",
        "location": "VALID"
      }
    },
    {
      "type": "Feature",
      "geometry": {
        "type": "Point",
        "coordinates": [
          -90.05605,
          29.96835
        ]
      },
      "properties": {
        "id": 120925,
        "obstruction": "Private Owner Vehicle",
        "imageUrl": "https://feed.bikelaneuprising.com/nc/uploads/photos/79b1c6a8-5736-4be6-9705-a023234b916c_AmIns.jpg",
        "cityKey": "new-orleans-la",
        "cityLabel": "New Orleans, LA",
        "date": "2025-07-27 00:00:00",
        "location": "VALID"
      }
    },
    {
      "type": "Feature",
      "geometry": {
        "type": "Point",
        "coordinates": [
          -90.05605,
          29.96835
        ]
      },
      "properties": {
        "id": 120926,
        "obstruction": "Private Owner Vehicle",
        "imageUrl": "https://feed.bikelaneuprising.com/nc/uploads/photos/e19c962f-65ce-4969-a7dc-1987c983c215_vZdFC.jpg",
        "cityKey": "new-orleans-la",
        "cityLabel": "New Orleans, LA",
        "date": "2025-07-27 00:00:00",
        "location": "VALID"
      }
    },
    {
      "type": "Feature",
      "geometry": {
        "type": "Point",
        "coordinates": [
          -90.05605,
          29.96835
        ]
      },
      "properties": {
        "id": 120927,
        "obstruction": "Private Owner Vehicle",
        "imageUrl": "https://feed.bikelaneuprising.com/nc/uploads/photos/8ec43b02-ab47-49e6-9338-3a0d2368cebb_j3_UO.jpg",
        "cityKey": "new-orleans-la",
        "cityLabel": "New Orleans, LA",
        "date": "2025-07-27 00:00:00",
        "location": "VALID"
      }
    },
    {
      "type": "Feature",
      "geometry": {
        "type": "Point",
        "coordinates": [
          -90.04917595535517,
          29.979225500607026
        ]
      },
      "properties": {
        "id": 120928,
        "obstruction": "Private Owner Vehicle",
        "imageUrl": "https://feed.bikelaneuprising.com/nc/uploads/photos/9c162952-59ee-4ca0-98c2-9c236f92dc79__n5Xc.jpg",
        "cityKey": "new-orleans-la",
        "cityLabel": "New Orleans, LA",
        "date": "2025-07-25 00:00:00",
        "location": "VALID"
      }
    },
    {
      "type": "Feature",
      "geometry": {
        "type": "Point",
        "coordinates": [
          -90.06724935024977,
          29.977947651396903
        ]
      },
      "properties": {
        "id": 120929,
        "obstruction": "Private Owner Vehicle",
        "imageUrl": "https://feed.bikelaneuprising.com/nc/uploads/photos/f98fd2cf-ddba-49c9-aa32-62c122b43d10_K37tT.jpg",
        "cityKey": "new-orleans-la",
        "cityLabel": "New Orleans, LA",
        "date": "2025-07-25 00:00:00",
        "location": "VALID"
      }
    },
    {
      "type": "Feature",
      "geometry": {
        "type": "Point",
        "coordinates": [
          -90.07081,
          29.9745
        ]
      },
      "properties": {
        "id": 120930,
        "obstruction": "Private Owner Vehicle",
        "imageUrl": "https://feed.bikelaneuprising.com/nc/uploads/photos/8a8c6230-d8fc-44c7-8ddd-a6f554edcc6c_Zufha.jpg",
        "cityKey": "new-orleans-la",
        "cityLabel": "New Orleans, LA",
        "date": "2025-07-25 00:00:00",
        "location": "VALID"
      }
    },
    {
      "type": "Feature",
      "geometry": {
        "type": "Point",
        "coordinates": [
          -90.07081,
          29.9745
        ]
      },
      "properties": {
        "id": 120931,
        "obstruction": "Private Owner Vehicle",
        "imageUrl": "https://feed.bikelaneuprising.com/nc/uploads/photos/300a2619-cd0e-46cd-a65f-83947b0e0a7f_6V8mY.jpg",
        "cityKey": "new-orleans-la",
        "cityLabel": "New Orleans, LA",
        "date": "2025-07-25 00:00:00",
        "location": "VALID"
      }
    },
    {
      "type": "Feature",
      "geometry": {
        "type": "Point",
        "coordinates": [
          -90.10916116666667,
          29.951013333333332
        ]
      },
      "properties": {
        "id": 121131,
        "obstruction": "Private Owner Vehicle",
        "imageUrl": "https://feed.bikelaneuprising.com/nc/uploads/photos/37599c3f-41ff-4e1d-b23c-8f746a42bf66_rQV6s.jpg",
        "cityKey": "new-orleans-la",
        "cityLabel": "New Orleans, LA",
        "date": "2026-04-14 00:00:00",
        "location": "VALID"
      }
    },
    {
      "type": "Feature",
      "geometry": {
        "type": "Point",
        "coordinates": [
          -90.10491116666667,
          29.957541666666668
        ]
      },
      "properties": {
        "id": 121132,
        "obstruction": "Construction",
        "imageUrl": "https://feed.bikelaneuprising.com/nc/uploads/photos/63043ab8-c30e-4c18-a2ff-477df17f76c8_zbFcH.jpg",
        "cityKey": "new-orleans-la",
        "cityLabel": "New Orleans, LA",
        "date": "2026-04-14 00:00:00",
        "location": "VALID"
      }
    },
    {
      "type": "Feature",
      "geometry": {
        "type": "Point",
        "coordinates": [
          -90.07829166666667,
          30.0210695
        ]
      },
      "properties": {
        "id": 121159,
        "obstruction": "Private Owner Vehicle",
        "imageUrl": "https://feed.bikelaneuprising.com/nc/uploads/photos/3eda35c7-6a5a-4c1d-8a95-ab3e95f9b527_meSk3.jpg",
        "cityKey": "new-orleans-la",
        "cityLabel": "New Orleans, LA",
        "date": "2026-04-14 00:00:00",
        "location": "VALID"
      }
    },
    {
      "type": "Feature",
      "geometry": {
        "type": "Point",
        "coordinates": [
          -90.08073333333333,
          30.020752833333333
        ]
      },
      "properties": {
        "id": 121363,
        "obstruction": "Company Vehicle",
        "imageUrl": "https://feed.bikelaneuprising.com/nc/uploads/photos/6442cc51-eaf5-40fb-8117-77e885505fb4_YprZ_.jpg",
        "cityKey": "new-orleans-la",
        "cityLabel": "New Orleans, LA",
        "date": "2026-04-16 00:00:00",
        "location": "VALID"
      }
    },
    {
      "type": "Feature",
      "geometry": {
        "type": "Point",
        "coordinates": [
          -90.07171666666666,
          30.022908333333334
        ]
      },
      "properties": {
        "id": 121372,
        "obstruction": "Construction",
        "imageUrl": "https://feed.bikelaneuprising.com/nc/uploads/photos/468975b7-1015-40b3-9382-d14c23f2c641_ebPX9.jpg",
        "cityKey": "new-orleans-la",
        "cityLabel": "New Orleans, LA",
        "date": "2026-04-17 00:00:00",
        "location": "VALID"
      }
    },
    {
      "type": "Feature",
      "geometry": {
        "type": "Point",
        "coordinates": [
          -90.09771666666667,
          29.975296666666665
        ]
      },
      "properties": {
        "id": 121600,
        "obstruction": "Construction",
        "imageUrl": "https://feed.bikelaneuprising.com/nc/uploads/photos/f9d11ef8-8e33-4444-8e35-a3c6ad072e8a_2mHFT.jpg",
        "cityKey": "new-orleans-la",
        "cityLabel": "New Orleans, LA",
        "date": "2026-04-20 00:00:00",
        "location": "VALID"
      }
    },
    {
      "type": "Feature",
      "geometry": {
        "type": "Point",
        "coordinates": [
          -90.0797055,
          30.020963833333333
        ]
      },
      "properties": {
        "id": 121884,
        "obstruction": "Company Vehicle",
        "imageUrl": "https://feed.bikelaneuprising.com/nc/uploads/photos/12862f78-bb11-4ac9-8e3d-f427a2a17dc8_VSxT7.jpg",
        "cityKey": "new-orleans-la",
        "cityLabel": "New Orleans, LA",
        "date": "2026-04-21 00:00:00",
        "location": "VALID"
      }
    },
    {
      "type": "Feature",
      "geometry": {
        "type": "Point",
        "coordinates": [
          -90.07975,
          30.0208555
        ]
      },
      "properties": {
        "id": 121885,
        "obstruction": "Private Owner Vehicle",
        "imageUrl": "https://feed.bikelaneuprising.com/nc/uploads/photos/9b5ad9fc-4075-4163-abf7-03bd49946fca_qKY8q.jpg",
        "cityKey": "new-orleans-la",
        "cityLabel": "New Orleans, LA",
        "date": "2026-04-21 00:00:00",
        "location": "VALID"
      }
    },
    {
      "type": "Feature",
      "geometry": {
        "type": "Point",
        "coordinates": [
          -90.07369,
          29.94858
        ]
      },
      "properties": {
        "id": 121959,
        "obstruction": "Company Vehicle",
        "imageUrl": "https://feed.bikelaneuprising.com/nc/uploads/photos/1a83a186-4029-4042-bb08-17082c399457_djoVP.jpg",
        "cityKey": "new-orleans-la",
        "cityLabel": "New Orleans, LA",
        "date": "2026-04-23 00:00:00",
        "location": "VALID"
      }
    },
    {
      "type": "Feature",
      "geometry": {
        "type": "Point",
        "coordinates": [
          -90.07328,
          29.9499
        ]
      },
      "properties": {
        "id": 121960,
        "obstruction": "Company Vehicle",
        "imageUrl": "https://feed.bikelaneuprising.com/nc/uploads/photos/20f40e0e-6366-4a3d-9b7a-a6705a7a8850_JQ_bO.jpg",
        "cityKey": "new-orleans-la",
        "cityLabel": "New Orleans, LA",
        "date": "2026-04-23 00:00:00",
        "location": "VALID"
      }
    },
    {
      "type": "Feature",
      "geometry": {
        "type": "Point",
        "coordinates": [
          -90.05624,
          29.96433
        ]
      },
      "properties": {
        "id": 122137,
        "obstruction": "Private Owner Vehicle",
        "imageUrl": "https://feed.bikelaneuprising.com/nc/uploads/photos/590dddfc-b6cf-49f1-962a-191ba0448e31_nTsSf.jpg",
        "cityKey": "new-orleans-la",
        "cityLabel": "New Orleans, LA",
        "date": "2026-04-25 00:00:00",
        "location": "VALID"
      }
    },
    {
      "type": "Feature",
      "geometry": {
        "type": "Point",
        "coordinates": [
          -90.05689,
          29.96313
        ]
      },
      "properties": {
        "id": 122138,
        "obstruction": "Company Vehicle",
        "imageUrl": "https://feed.bikelaneuprising.com/nc/uploads/photos/81fede31-aa7d-40e2-a355-afbc8e94b483_-Uwhn.jpg",
        "cityKey": "new-orleans-la",
        "cityLabel": "New Orleans, LA",
        "date": "2026-04-24 00:00:00",
        "location": "VALID"
      }
    },
    {
      "type": "Feature",
      "geometry": {
        "type": "Point",
        "coordinates": [
          -90.11965283333333,
          29.932078333333333
        ]
      },
      "properties": {
        "id": 122309,
        "obstruction": "Company Vehicle",
        "imageUrl": "https://feed.bikelaneuprising.com/nc/uploads/photos/d63cc467-77db-4551-8376-65a12613165d_l46L_.jpg",
        "cityKey": "new-orleans-la",
        "cityLabel": "New Orleans, LA",
        "date": "2026-04-26 00:00:00",
        "location": "VALID"
      }
    },
    {
      "type": "Feature",
      "geometry": {
        "type": "Point",
        "coordinates": [
          -90.10250833333333,
          29.97167
        ]
      },
      "properties": {
        "id": 122310,
        "obstruction": "Company Vehicle",
        "imageUrl": "https://feed.bikelaneuprising.com/nc/uploads/photos/cfab4710-10e0-4efc-ad93-b471cec13c0d_SFmha.jpg",
        "cityKey": "new-orleans-la",
        "cityLabel": "New Orleans, LA",
        "date": "2026-04-26 00:00:00",
        "location": "VALID"
      }
    },
    {
      "type": "Feature",
      "geometry": {
        "type": "Point",
        "coordinates": [
          -90.09874716666667,
          29.975961666666667
        ]
      },
      "properties": {
        "id": 122343,
        "obstruction": "Company Vehicle",
        "imageUrl": "https://feed.bikelaneuprising.com/nc/uploads/photos/9ce805ac-3529-474b-a6b0-c6f2c0b0f580_hbYDd.jpg",
        "cityKey": "new-orleans-la",
        "cityLabel": "New Orleans, LA",
        "date": "2026-04-27 00:00:00",
        "location": "VALID"
      }
    },
    {
      "type": "Feature",
      "geometry": {
        "type": "Point",
        "coordinates": [
          -90.09874716666667,
          29.975961666666667
        ]
      },
      "properties": {
        "id": 122344,
        "obstruction": "Company Vehicle",
        "imageUrl": "https://feed.bikelaneuprising.com/nc/uploads/photos/c61fcec8-bdab-41d7-9bb5-f47dbd195baa_BYCBz.jpg",
        "cityKey": "new-orleans-la",
        "cityLabel": "New Orleans, LA",
        "date": "2026-04-27 00:00:00",
        "location": "VALID"
      }
    },
    {
      "type": "Feature",
      "geometry": {
        "type": "Point",
        "coordinates": [
          -90.09329166666667,
          29.96538
        ]
      },
      "properties": {
        "id": 122506,
        "obstruction": "Private Owner Vehicle",
        "imageUrl": "https://feed.bikelaneuprising.com/nc/uploads/photos/33c9bf6a-8b11-4ceb-981f-5d72b193e6b0_wwK8Y.jpg",
        "cityKey": "new-orleans-la",
        "cityLabel": "New Orleans, LA",
        "date": "2026-04-29 00:00:00",
        "location": "VALID"
      }
    },
    {
      "type": "Feature",
      "geometry": {
        "type": "Point",
        "coordinates": [
          -90.10721666666667,
          29.974705
        ]
      },
      "properties": {
        "id": 122507,
        "obstruction": "Private Owner Vehicle",
        "imageUrl": "https://feed.bikelaneuprising.com/nc/uploads/photos/85756988-197f-4770-a9cb-98d1cc092af0_B6Gu_.jpg",
        "cityKey": "new-orleans-la",
        "cityLabel": "New Orleans, LA",
        "date": "2026-04-29 00:00:00",
        "location": "VALID"
      }
    },
    {
      "type": "Feature",
      "geometry": {
        "type": "Point",
        "coordinates": [
          -90.07291383333333,
          29.990145
        ]
      },
      "properties": {
        "id": 122508,
        "obstruction": "Other  (damaged lane / snow / debris / pedestrian / etc.)",
        "imageUrl": "https://feed.bikelaneuprising.com/nc/uploads/photos/18648b7f-8b80-4947-ab4f-8b7a8a5283d6_TXqaT.jpg",
        "cityKey": "new-orleans-la",
        "cityLabel": "New Orleans, LA",
        "date": "2026-04-27 00:00:00",
        "location": "VALID"
      }
    },
    {
      "type": "Feature",
      "geometry": {
        "type": "Point",
        "coordinates": [
          -90.07485283333334,
          30.02113616666667
        ]
      },
      "properties": {
        "id": 122509,
        "obstruction": "Private Owner Vehicle",
        "imageUrl": "https://feed.bikelaneuprising.com/nc/uploads/photos/7c370394-2344-48d3-b5c6-6c71312ee26f_7Hdn5.jpg",
        "cityKey": "new-orleans-la",
        "cityLabel": "New Orleans, LA",
        "date": "2026-04-27 00:00:00",
        "location": "VALID"
      }
    },
    {
      "type": "Feature",
      "geometry": {
        "type": "Point",
        "coordinates": [
          -90.1023555,
          29.97842
        ]
      },
      "properties": {
        "id": 122815,
        "obstruction": "Company Vehicle",
        "imageUrl": "https://feed.bikelaneuprising.com/nc/uploads/photos/dbe137e8-eef5-4d9d-be0d-b80d4a09da2b_yjRz-.jpg",
        "cityKey": "new-orleans-la",
        "cityLabel": "New Orleans, LA",
        "date": "2026-04-30 00:00:00",
        "location": "VALID"
      }
    },
    {
      "type": "Feature",
      "geometry": {
        "type": "Point",
        "coordinates": [
          -90.0780945,
          30.0209195
        ]
      },
      "properties": {
        "id": 122816,
        "obstruction": "Private Owner Vehicle",
        "imageUrl": "https://feed.bikelaneuprising.com/nc/uploads/photos/f0b0917a-70db-4edf-941e-e52ed7f498dc_WUMxh.jpg",
        "cityKey": "new-orleans-la",
        "cityLabel": "New Orleans, LA",
        "date": "2026-04-30 00:00:00",
        "location": "VALID"
      }
    },
    {
      "type": "Feature",
      "geometry": {
        "type": "Point",
        "coordinates": [
          -90.06826116666667,
          29.977408333333333
        ]
      },
      "properties": {
        "id": 123011,
        "obstruction": "Private Owner Vehicle",
        "imageUrl": "https://feed.bikelaneuprising.com/nc/uploads/photos/ae681089-edcf-4f49-b614-a0c3ac0758af_I8eDz.jpg",
        "cityKey": "new-orleans-la",
        "cityLabel": "New Orleans, LA",
        "date": "2026-05-03 00:00:00",
        "location": "VALID"
      }
    },
    {
      "type": "Feature",
      "geometry": {
        "type": "Point",
        "coordinates": [
          -90.09906666666667,
          29.969313333333332
        ]
      },
      "properties": {
        "id": 123319,
        "obstruction": "Company Vehicle",
        "imageUrl": "https://feed.bikelaneuprising.com/nc/uploads/photos/90b3c5d9-1496-4699-857b-2a487a41f288_fCQss.jpg",
        "cityKey": "new-orleans-la",
        "cityLabel": "New Orleans, LA",
        "date": "2026-05-05 00:00:00",
        "location": "VALID"
      }
    },
    {
      "type": "Feature",
      "geometry": {
        "type": "Point",
        "coordinates": [
          -90.0962055,
          29.96428
        ]
      },
      "properties": {
        "id": 123320,
        "obstruction": "Construction",
        "imageUrl": "https://feed.bikelaneuprising.com/nc/uploads/photos/5f0951f3-3090-4015-8d96-4ceb45339d8e_kwSbV.jpg",
        "cityKey": "new-orleans-la",
        "cityLabel": "New Orleans, LA",
        "date": "2026-05-05 00:00:00",
        "location": "VALID"
      }
    },
    {
      "type": "Feature",
      "geometry": {
        "type": "Point",
        "coordinates": [
          -90.0935445,
          29.963105
        ]
      },
      "properties": {
        "id": 123321,
        "obstruction": "Construction",
        "imageUrl": "https://feed.bikelaneuprising.com/nc/uploads/photos/51c7c1cd-b32b-48c3-8be3-3215c66cf8a9_7qmis.jpg",
        "cityKey": "new-orleans-la",
        "cityLabel": "New Orleans, LA",
        "date": "2026-05-05 00:00:00",
        "location": "VALID"
      }
    },
    {
      "type": "Feature",
      "geometry": {
        "type": "Point",
        "coordinates": [
          -90.07556017488241,
          29.96961189573756
        ]
      },
      "properties": {
        "id": 123327,
        "obstruction": "Private Owner Vehicle",
        "imageUrl": "https://feed.bikelaneuprising.com/nc/uploads/photos/14705f89-becc-4c0b-8e10-92bff17fdaff_vx8NW.jpg",
        "cityKey": "new-orleans-la",
        "cityLabel": "New Orleans, LA",
        "date": "2026-04-30 00:00:00",
        "location": "VALID"
      }
    },
    {
      "type": "Feature",
      "geometry": {
        "type": "Point",
        "coordinates": [
          -90.07434716666667,
          29.945821666666667
        ]
      },
      "properties": {
        "id": 123863,
        "obstruction": "Private Owner Vehicle",
        "imageUrl": "https://feed.bikelaneuprising.com/nc/uploads/photos/cd989745-24be-4dee-9504-0f518766d062_MeAfa.jpg",
        "cityKey": "new-orleans-la",
        "cityLabel": "New Orleans, LA",
        "date": "2026-05-10 00:00:00",
        "location": "VALID"
      }
    },
    {
      "type": "Feature",
      "geometry": {
        "type": "Point",
        "coordinates": [
          -90.0929805,
          29.927796666666666
        ]
      },
      "properties": {
        "id": 123864,
        "obstruction": "Company Vehicle",
        "imageUrl": "https://feed.bikelaneuprising.com/nc/uploads/photos/c88f321a-1a04-4693-9ffc-35c78edad898_ZuXYo.jpg",
        "cityKey": "new-orleans-la",
        "cityLabel": "New Orleans, LA",
        "date": "2026-05-10 00:00:00",
        "location": "VALID"
      }
    },
    {
      "type": "Feature",
      "geometry": {
        "type": "Point",
        "coordinates": [
          -90.10031116666667,
          29.926736666666667
        ]
      },
      "properties": {
        "id": 123865,
        "obstruction": "Private Owner Vehicle",
        "imageUrl": "https://feed.bikelaneuprising.com/nc/uploads/photos/238cc4d1-f436-49c3-9372-5a4f69cd742d_9BtA4.jpg",
        "cityKey": "new-orleans-la",
        "cityLabel": "New Orleans, LA",
        "date": "2026-05-10 00:00:00",
        "location": "VALID"
      }
    },
    {
      "type": "Feature",
      "geometry": {
        "type": "Point",
        "coordinates": [
          -90.10031116666667,
          29.926736666666667
        ]
      },
      "properties": {
        "id": 123866,
        "obstruction": "Private Owner Vehicle",
        "imageUrl": "https://feed.bikelaneuprising.com/nc/uploads/photos/238cc4d1-f436-49c3-9372-5a4f69cd742d_PV1AN.jpg",
        "cityKey": "new-orleans-la",
        "cityLabel": "New Orleans, LA",
        "date": "2026-05-10 00:00:00",
        "location": "VALID"
      }
    },
    {
      "type": "Feature",
      "geometry": {
        "type": "Point",
        "coordinates": [
          -90.0946195,
          29.927108333333333
        ]
      },
      "properties": {
        "id": 123867,
        "obstruction": "Private Owner Vehicle",
        "imageUrl": "https://feed.bikelaneuprising.com/nc/uploads/photos/3c6db91a-cd7e-451b-b5ac-723776d4507d_NHhR-.jpg",
        "cityKey": "new-orleans-la",
        "cityLabel": "New Orleans, LA",
        "date": "2026-05-10 00:00:00",
        "location": "VALID"
      }
    },
    {
      "type": "Feature",
      "geometry": {
        "type": "Point",
        "coordinates": [
          -90.06616,
          29.94837
        ]
      },
      "properties": {
        "id": 124447,
        "obstruction": "Private Owner Vehicle",
        "imageUrl": "https://feed.bikelaneuprising.com/nc/uploads/photos/d63c9d8d-dc76-4ca9-bf59-4d6f8125f067_Kd2K4.jpg",
        "cityKey": "new-orleans-la",
        "cityLabel": "New Orleans, LA",
        "date": "2026-05-16 00:00:00",
        "location": "VALID"
      }
    },
    {
      "type": "Feature",
      "geometry": {
        "type": "Point",
        "coordinates": [
          -90.07865,
          29.95256
        ]
      },
      "properties": {
        "id": 124544,
        "obstruction": "Company Vehicle",
        "imageUrl": "https://feed.bikelaneuprising.com/nc/uploads/photos/a831797a-83ea-4639-a952-985dff331372_Oa1gU.jpg",
        "cityKey": "new-orleans-la",
        "cityLabel": "New Orleans, LA",
        "date": "2026-05-17 00:00:00",
        "location": "VALID"
      }
    },
    {
      "type": "Feature",
      "geometry": {
        "type": "Point",
        "coordinates": [
          -90.06992,
          29.94967
        ]
      },
      "properties": {
        "id": 124545,
        "obstruction": "Private Owner Vehicle",
        "imageUrl": "https://feed.bikelaneuprising.com/nc/uploads/photos/cf7557e5-bffd-4731-b363-cc5ce14eb041_ynhca.jpg",
        "cityKey": "new-orleans-la",
        "cityLabel": "New Orleans, LA",
        "date": "2026-05-17 00:00:00",
        "location": "VALID"
      }
    },
    {
      "type": "Feature",
      "geometry": {
        "type": "Point",
        "coordinates": [
          -90.06992,
          29.94967
        ]
      },
      "properties": {
        "id": 124546,
        "obstruction": "Private Owner Vehicle",
        "imageUrl": "https://feed.bikelaneuprising.com/nc/uploads/photos/32498850-567d-4e64-9f5c-71073bdfafa8_uIsLy.jpg",
        "cityKey": "new-orleans-la",
        "cityLabel": "New Orleans, LA",
        "date": "2026-05-17 00:00:00",
        "location": "VALID"
      }
    },
    {
      "type": "Feature",
      "geometry": {
        "type": "Point",
        "coordinates": [
          -90.06992,
          29.94967
        ]
      },
      "properties": {
        "id": 124547,
        "obstruction": "Private Owner Vehicle",
        "imageUrl": "https://feed.bikelaneuprising.com/nc/uploads/photos/b5dfdc6c-4356-4de7-9934-5168cf03a1cc_QMVB8.jpg",
        "cityKey": "new-orleans-la",
        "cityLabel": "New Orleans, LA",
        "date": "2026-05-17 00:00:00",
        "location": "VALID"
      }
    },
    {
      "type": "Feature",
      "geometry": {
        "type": "Point",
        "coordinates": [
          -90.12874716666667,
          29.93057
        ]
      },
      "properties": {
        "id": 124611,
        "obstruction": "Company Vehicle",
        "imageUrl": "https://feed.bikelaneuprising.com/nc/uploads/photos/6fa5a0b9-4af5-454d-afcf-150d847961ed_9_PUV.jpg",
        "cityKey": "new-orleans-la",
        "cityLabel": "New Orleans, LA",
        "date": "2026-05-17 00:00:00",
        "location": "VALID"
      }
    },
    {
      "type": "Feature",
      "geometry": {
        "type": "Point",
        "coordinates": [
          -90.100425,
          29.926721666666666
        ]
      },
      "properties": {
        "id": 124612,
        "obstruction": "Private Owner Vehicle",
        "imageUrl": "https://feed.bikelaneuprising.com/nc/uploads/photos/8bf4100f-8c08-49b0-bee7-8db65cdf886a_o-_le.jpg",
        "cityKey": "new-orleans-la",
        "cityLabel": "New Orleans, LA",
        "date": "2026-05-17 00:00:00",
        "location": "VALID"
      }
    },
    {
      "type": "Feature",
      "geometry": {
        "type": "Point",
        "coordinates": [
          -90.10013616666667,
          29.926746666666666
        ]
      },
      "properties": {
        "id": 124613,
        "obstruction": "Private Owner Vehicle",
        "imageUrl": "https://feed.bikelaneuprising.com/nc/uploads/photos/f08c0c71-91d2-44f1-8ee8-256fb1ae1a46_f9a3a.jpg",
        "cityKey": "new-orleans-la",
        "cityLabel": "New Orleans, LA",
        "date": "2026-05-17 00:00:00",
        "location": "VALID"
      }
    },
    {
      "type": "Feature",
      "geometry": {
        "type": "Point",
        "coordinates": [
          -90.07443883333333,
          29.945646666666665
        ]
      },
      "properties": {
        "id": 124614,
        "obstruction": "Private Owner Vehicle",
        "imageUrl": "https://feed.bikelaneuprising.com/nc/uploads/photos/ff470400-a141-4a14-98e1-1dca4387220a_PztOb.jpg",
        "cityKey": "new-orleans-la",
        "cityLabel": "New Orleans, LA",
        "date": "2026-05-17 00:00:00",
        "location": "VALID"
      }
    },
    {
      "type": "Feature",
      "geometry": {
        "type": "Point",
        "coordinates": [
          -90.07248616666666,
          29.952066666666667
        ]
      },
      "properties": {
        "id": 124615,
        "obstruction": "Private Owner Vehicle",
        "imageUrl": "https://feed.bikelaneuprising.com/nc/uploads/photos/c0ff8ef4-60c7-4b4a-808d-ab9933971fe7_sEb2M.jpg",
        "cityKey": "new-orleans-la",
        "cityLabel": "New Orleans, LA",
        "date": "2026-05-17 00:00:00",
        "location": "VALID"
      }
    },
    {
      "type": "Feature",
      "geometry": {
        "type": "Point",
        "coordinates": [
          -90.0724555,
          29.95217
        ]
      },
      "properties": {
        "id": 124617,
        "obstruction": "Taxi / Uber / Livery / Lyft",
        "imageUrl": "https://feed.bikelaneuprising.com/nc/uploads/photos/f3cd0f7d-890f-4a0d-b8d6-755759d50a85_Yihd2.jpg",
        "cityKey": "new-orleans-la",
        "cityLabel": "New Orleans, LA",
        "date": "2026-05-17 00:00:00",
        "location": "VALID"
      }
    },
    {
      "type": "Feature",
      "geometry": {
        "type": "Point",
        "coordinates": [
          -90.09414716666667,
          29.965891666666668
        ]
      },
      "properties": {
        "id": 124618,
        "obstruction": "Company Vehicle",
        "imageUrl": "https://feed.bikelaneuprising.com/nc/uploads/photos/bcd35746-b0c6-4b73-a5e0-b9dc87a6dd9f_UyB8J.jpg",
        "cityKey": "new-orleans-la",
        "cityLabel": "New Orleans, LA",
        "date": "2026-05-16 00:00:00",
        "location": "VALID"
      }
    },
    {
      "type": "Feature",
      "geometry": {
        "type": "Point",
        "coordinates": [
          -90.08433,
          29.97705
        ]
      },
      "properties": {
        "id": 124766,
        "obstruction": "Private Owner Vehicle",
        "imageUrl": "https://feed.bikelaneuprising.com/nc/uploads/photos/5cfba9a4-4945-435f-888e-340e84f88f95_d5AgC.jpg",
        "cityKey": "new-orleans-la",
        "cityLabel": "New Orleans, LA",
        "date": "2026-05-14 00:00:00",
        "location": "VALID"
      }
    },
    {
      "type": "Feature",
      "geometry": {
        "type": "Point",
        "coordinates": [
          -90.05244,
          29.96871
        ]
      },
      "properties": {
        "id": 125143,
        "obstruction": "Private Owner Vehicle",
        "imageUrl": "https://feed.bikelaneuprising.com/nc/uploads/photos/28f51ab5-08df-40a4-91c2-3bec41a91658_2ThTa.jpg",
        "cityKey": "new-orleans-la",
        "cityLabel": "New Orleans, LA",
        "date": "2026-05-21 00:00:00",
        "location": "VALID"
      }
    },
    {
      "type": "Feature",
      "geometry": {
        "type": "Point",
        "coordinates": [
          -90.06813566625844,
          29.949222452288026
        ]
      },
      "properties": {
        "id": 126625,
        "obstruction": "Private Owner Vehicle",
        "imageUrl": "https://feed.bikelaneuprising.com/nc/uploads/photos/1d3f1db8-4617-4cce-807f-28e58784cc01_0QCtK.jpg",
        "cityKey": "new-orleans-la",
        "cityLabel": "New Orleans, LA",
        "date": "2026-06-05 00:00:00",
        "location": "VALID"
      }
    },
    {
      "type": "Feature",
      "geometry": {
        "type": "Point",
        "coordinates": [
          -90.05571819841862,
          29.968579353019226
        ]
      },
      "properties": {
        "id": 127242,
        "obstruction": "Private Owner Vehicle",
        "imageUrl": "https://feed.bikelaneuprising.com/nc/uploads/photos/d4433775-08f7-4a5b-96e8-f09736135ca1_uIzrP.jpg",
        "cityKey": "new-orleans-la",
        "cityLabel": "New Orleans, LA",
        "date": "2026-06-11 00:00:00",
        "location": "VALID"
      }
    },
    {
      "type": "Feature",
      "geometry": {
        "type": "Point",
        "coordinates": [
          -90.10148616666666,
          29.989616666666667
        ]
      },
      "properties": {
        "id": 127868,
        "obstruction": "Other  (damaged lane / snow / debris / pedestrian / etc.)",
        "imageUrl": "https://feed.bikelaneuprising.com/nc/uploads/photos/304403d6-f6e3-4090-917e-87d7aa5db9e4_mvhKa.jpg",
        "cityKey": "new-orleans-la",
        "cityLabel": "New Orleans, LA",
        "date": "2026-06-17 00:00:00",
        "location": "VALID"
      }
    },
    {
      "type": "Feature",
      "geometry": {
        "type": "Point",
        "coordinates": [
          -90.05668815225363,
          29.964196372934968
        ]
      },
      "properties": {
        "id": 127930,
        "obstruction": "Private Owner Vehicle",
        "imageUrl": "https://feed.bikelaneuprising.com/nc/uploads/photos/3e31f52b-8462-42f9-9c3c-eae093e07c44_y1jDZ.jpg",
        "cityKey": "new-orleans-la",
        "cityLabel": "New Orleans, LA",
        "date": "2026-06-14 00:00:00",
        "location": "VALID"
      }
    },
    {
      "type": "Feature",
      "geometry": {
        "type": "Point",
        "coordinates": [
          -90.1016865670681,
          29.921308784349417
        ]
      },
      "properties": {
        "id": 127931,
        "obstruction": "Company Vehicle",
        "imageUrl": "https://feed.bikelaneuprising.com/nc/uploads/photos/61a53403-1a39-44f0-9612-4e4521abb40d_K3bR7.jpg",
        "cityKey": "new-orleans-la",
        "cityLabel": "New Orleans, LA",
        "date": "2026-06-13 00:00:00",
        "location": "VALID"
      }
    },
    {
      "type": "Feature",
      "geometry": {
        "type": "Point",
        "coordinates": [
          -90.05576983094215,
          29.96858574290869
        ]
      },
      "properties": {
        "id": 127932,
        "obstruction": "Private Owner Vehicle",
        "imageUrl": "https://feed.bikelaneuprising.com/nc/uploads/photos/0d78d9e9-3aa1-4e0c-948c-057203ff626c_5iSzZ.jpg",
        "cityKey": "new-orleans-la",
        "cityLabel": "New Orleans, LA",
        "date": "2026-06-03 00:00:00",
        "location": "VALID"
      }
    },
    {
      "type": "Feature",
      "geometry": {
        "type": "Point",
        "coordinates": [
          -90.05637869238853,
          29.968578481670626
        ]
      },
      "properties": {
        "id": 127933,
        "obstruction": "Private Owner Vehicle",
        "imageUrl": "https://feed.bikelaneuprising.com/nc/uploads/photos/6c683480-cac3-4a1c-87d7-a789a91957dc_x14hi.jpg",
        "cityKey": "new-orleans-la",
        "cityLabel": "New Orleans, LA",
        "date": "2026-05-25 00:00:00",
        "location": "VALID"
      }
    },
    {
      "type": "Feature",
      "geometry": {
        "type": "Point",
        "coordinates": [
          -90.05382187664509,
          29.968937186197266
        ]
      },
      "properties": {
        "id": 127934,
        "obstruction": "Private Owner Vehicle",
        "imageUrl": "https://feed.bikelaneuprising.com/nc/uploads/photos/e3f2b056-e7c4-4d48-bfbe-0424b7ded29f_vvuSi.jpg",
        "cityKey": "new-orleans-la",
        "cityLabel": "New Orleans, LA",
        "date": "2026-05-13 00:00:00",
        "location": "VALID"
      }
    },
    {
      "type": "Feature",
      "geometry": {
        "type": "Point",
        "coordinates": [
          -90.05357444286346,
          29.978933048840773
        ]
      },
      "properties": {
        "id": 127936,
        "obstruction": "Private Owner Vehicle",
        "imageUrl": "https://feed.bikelaneuprising.com/nc/uploads/photos/a0871eea-3bbf-4d60-9c4d-a2cbaf0a8580_w7QcQ.jpg",
        "cityKey": "new-orleans-la",
        "cityLabel": "New Orleans, LA",
        "date": "2026-05-11 00:00:00",
        "location": "VALID"
      }
    },
    {
      "type": "Feature",
      "geometry": {
        "type": "Point",
        "coordinates": [
          -90.07554575800896,
          29.969598825643633
        ]
      },
      "properties": {
        "id": 127937,
        "obstruction": "Private Owner Vehicle",
        "imageUrl": "https://feed.bikelaneuprising.com/nc/uploads/photos/dc3af59c-e8b0-40ae-8874-bb867435cf7e_E9AL1.jpg",
        "cityKey": "new-orleans-la",
        "cityLabel": "New Orleans, LA",
        "date": "2026-04-30 00:00:00",
        "location": "VALID"
      }
    },
    {
      "type": "Feature",
      "geometry": {
        "type": "Point",
        "coordinates": [
          -90.07109716666666,
          29.974611666666668
        ]
      },
      "properties": {
        "id": 127939,
        "obstruction": "Company Vehicle",
        "imageUrl": "https://feed.bikelaneuprising.com/nc/uploads/photos/3c6c69dc-8e1d-49c1-b8c8-31fcf6c5d829_sQWLp.jpg",
        "cityKey": "new-orleans-la",
        "cityLabel": "New Orleans, LA",
        "date": "2026-06-17 00:00:00",
        "location": "VALID"
      }
    },
    {
      "type": "Feature",
      "geometry": {
        "type": "Point",
        "coordinates": [
          -90.073325,
          29.949316666666668
        ]
      },
      "properties": {
        "id": 127950,
        "obstruction": "Company Vehicle",
        "imageUrl": "https://feed.bikelaneuprising.com/nc/uploads/photos/6088c041-c1cf-4e08-882f-49532c18ed71_vIKYo.jpg",
        "cityKey": "new-orleans-la",
        "cityLabel": "New Orleans, LA",
        "date": "2026-06-17 00:00:00",
        "location": "VALID"
      }
    },
    {
      "type": "Feature",
      "geometry": {
        "type": "Point",
        "coordinates": [
          -90.07447783333333,
          29.94562
        ]
      },
      "properties": {
        "id": 127951,
        "obstruction": "Taxi / Uber / Livery / Lyft",
        "imageUrl": "https://feed.bikelaneuprising.com/nc/uploads/photos/6660db7a-1c0c-45d6-aace-41ec31155b36_eC5XA.jpg",
        "cityKey": "new-orleans-la",
        "cityLabel": "New Orleans, LA",
        "date": "2026-06-17 00:00:00",
        "location": "VALID"
      }
    },
    {
      "type": "Feature",
      "geometry": {
        "type": "Point",
        "coordinates": [
          -90.0744945,
          29.945411666666665
        ]
      },
      "properties": {
        "id": 127952,
        "obstruction": "Private Owner Vehicle",
        "imageUrl": "https://feed.bikelaneuprising.com/nc/uploads/photos/8804d3f8-70d1-402a-a294-aaa65d0f21c3_dAsNJ.jpg",
        "cityKey": "new-orleans-la",
        "cityLabel": "New Orleans, LA",
        "date": "2026-06-17 00:00:00",
        "location": "VALID"
      }
    },
    {
      "type": "Feature",
      "geometry": {
        "type": "Point",
        "coordinates": [
          -90.07627699524164,
          29.986501376841584
        ]
      },
      "properties": {
        "id": 128071,
        "obstruction": "Private Owner Vehicle",
        "imageUrl": "https://feed.bikelaneuprising.com/nc/uploads/photos/ac318f14-1164-47bb-b0c9-b833dfe9b343_Zm7M6.jpg",
        "cityKey": "new-orleans-la",
        "cityLabel": "New Orleans, LA",
        "date": "2026-06-18 00:00:00",
        "location": "VALID"
      }
    },
    {
      "type": "Feature",
      "geometry": {
        "type": "Point",
        "coordinates": [
          -90.0509100034833,
          29.978988809323422
        ]
      },
      "properties": {
        "id": 128079,
        "obstruction": "Private Owner Vehicle",
        "imageUrl": "https://feed.bikelaneuprising.com/nc/uploads/photos/f6e74196-c705-4623-a409-579f8cbc33c6_uTfaU.jpg",
        "cityKey": "new-orleans-la",
        "cityLabel": "New Orleans, LA",
        "date": "2026-06-19 00:00:00",
        "location": "VALID"
      }
    },
    {
      "type": "Feature",
      "geometry": {
        "type": "Point",
        "coordinates": [
          -90.06148616666667,
          29.996955
        ]
      },
      "properties": {
        "id": 128080,
        "obstruction": "Private Owner Vehicle",
        "imageUrl": "https://feed.bikelaneuprising.com/nc/uploads/photos/3f9b2804-ce07-4775-977d-89c0d2d80116_3sYn-.jpg",
        "cityKey": "new-orleans-la",
        "cityLabel": "New Orleans, LA",
        "date": "2026-06-19 00:00:00",
        "location": "VALID"
      }
    },
    {
      "type": "Feature",
      "geometry": {
        "type": "Point",
        "coordinates": [
          -90.0612555,
          29.997225
        ]
      },
      "properties": {
        "id": 128081,
        "obstruction": "Private Owner Vehicle",
        "imageUrl": "https://feed.bikelaneuprising.com/nc/uploads/photos/26602fbb-83af-4ffb-8d02-8869875913bd_kjfFI.jpg",
        "cityKey": "new-orleans-la",
        "cityLabel": "New Orleans, LA",
        "date": "2026-06-19 00:00:00",
        "location": "VALID"
      }
    },
    {
      "type": "Feature",
      "geometry": {
        "type": "Point",
        "coordinates": [
          -90.06109716666667,
          29.997413333333334
        ]
      },
      "properties": {
        "id": 128082,
        "obstruction": "Private Owner Vehicle",
        "imageUrl": "https://feed.bikelaneuprising.com/nc/uploads/photos/e7fcb9fd-0b80-4113-8981-f72ff81b0116_dgd9Q.jpg",
        "cityKey": "new-orleans-la",
        "cityLabel": "New Orleans, LA",
        "date": "2026-06-19 00:00:00",
        "location": "VALID"
      }
    },
    {
      "type": "Feature",
      "geometry": {
        "type": "Point",
        "coordinates": [
          -90.060975,
          29.997555
        ]
      },
      "properties": {
        "id": 128083,
        "obstruction": "Private Owner Vehicle",
        "imageUrl": "https://feed.bikelaneuprising.com/nc/uploads/photos/d62a0b8a-b3db-405e-a563-809992f50474_o7q3Z.jpg",
        "cityKey": "new-orleans-la",
        "cityLabel": "New Orleans, LA",
        "date": "2026-06-19 00:00:00",
        "location": "VALID"
      }
    },
    {
      "type": "Feature",
      "geometry": {
        "type": "Point",
        "coordinates": [
          -90.0584195,
          30.000236111666666
        ]
      },
      "properties": {
        "id": 128084,
        "obstruction": "Private Owner Vehicle",
        "imageUrl": "https://feed.bikelaneuprising.com/nc/uploads/photos/16beb66e-398b-4c98-8986-79b9eba87223_X2SQ9.jpg",
        "cityKey": "new-orleans-la",
        "cityLabel": "New Orleans, LA",
        "date": "2026-06-19 00:00:00",
        "location": "VALID"
      }
    },
    {
      "type": "Feature",
      "geometry": {
        "type": "Point",
        "coordinates": [
          -90.07048883333333,
          29.959813333333333
        ]
      },
      "properties": {
        "id": 128150,
        "obstruction": "Taxi / Uber / Livery / Lyft",
        "imageUrl": "https://feed.bikelaneuprising.com/nc/uploads/photos/5d718992-ceec-4bea-8a8e-ca140d36e208_00zN6.jpg",
        "cityKey": "new-orleans-la",
        "cityLabel": "New Orleans, LA",
        "date": "2026-06-19 00:00:00",
        "location": "VALID"
      }
    },
    {
      "type": "Feature",
      "geometry": {
        "type": "Point",
        "coordinates": [
          -90.07451666666667,
          29.945545
        ]
      },
      "properties": {
        "id": 128174,
        "obstruction": "Private Owner Vehicle",
        "imageUrl": "https://feed.bikelaneuprising.com/nc/uploads/photos/6d981cf9-a4f7-4f89-92dc-4e7d18e09f3a_28VCE.jpg",
        "cityKey": "new-orleans-la",
        "cityLabel": "New Orleans, LA",
        "date": "2026-06-19 00:00:00",
        "location": "VALID"
      }
    },
    {
      "type": "Feature",
      "geometry": {
        "type": "Point",
        "coordinates": [
          -90.0736305,
          29.948458333333335
        ]
      },
      "properties": {
        "id": 128175,
        "obstruction": "Company Vehicle",
        "imageUrl": "https://feed.bikelaneuprising.com/nc/uploads/photos/1d1c7e43-f508-4be1-b95e-074cff7df7b6_63add.jpg",
        "cityKey": "new-orleans-la",
        "cityLabel": "New Orleans, LA",
        "date": "2026-06-19 00:00:00",
        "location": "VALID"
      }
    },
    {
      "type": "Feature",
      "geometry": {
        "type": "Point",
        "coordinates": [
          -90.06265,
          29.99569
        ]
      },
      "properties": {
        "id": 128176,
        "obstruction": "Private Owner Vehicle",
        "imageUrl": "https://feed.bikelaneuprising.com/nc/uploads/photos/a76681f7-b9a3-4651-aea4-534b586378aa_Nti_9.jpg",
        "cityKey": "new-orleans-la",
        "cityLabel": "New Orleans, LA",
        "date": "2026-06-20 00:00:00",
        "location": "VALID"
      }
    },
    {
      "type": "Feature",
      "geometry": {
        "type": "Point",
        "coordinates": [
          -90.07977216666667,
          29.988908333333335
        ]
      },
      "properties": {
        "id": 128182,
        "obstruction": "Private Owner Vehicle",
        "imageUrl": "https://feed.bikelaneuprising.com/nc/uploads/photos/44c3a7a6-4d2d-42b4-973c-a2c551978674_iTGdk.jpg",
        "cityKey": "new-orleans-la",
        "cityLabel": "New Orleans, LA",
        "date": "2026-06-19 00:00:00",
        "location": "VALID"
      }
    },
    {
      "type": "Feature",
      "geometry": {
        "type": "Point",
        "coordinates": [
          -90.07107811460016,
          29.95283884513808
        ]
      },
      "properties": {
        "id": 128236,
        "obstruction": "Construction",
        "imageUrl": "https://feed.bikelaneuprising.com/nc/uploads/photos/f7c9c8d1-43ab-4354-94eb-d3557f4b8d09_xXdBU.jpg",
        "cityKey": "new-orleans-la",
        "cityLabel": "New Orleans, LA",
        "date": "2026-06-20 00:00:00",
        "location": "VALID"
      }
    },
    {
      "type": "Feature",
      "geometry": {
        "type": "Point",
        "coordinates": [
          -90.07346383333334,
          29.94872833333333
        ]
      },
      "properties": {
        "id": 128238,
        "obstruction": "Company Vehicle",
        "imageUrl": "https://feed.bikelaneuprising.com/nc/uploads/photos/4c619d42-1ca3-4a47-be6f-4472889593c8_9dIHY.jpg",
        "cityKey": "new-orleans-la",
        "cityLabel": "New Orleans, LA",
        "date": "2026-06-20 00:00:00",
        "location": "VALID"
      }
    },
    {
      "type": "Feature",
      "geometry": {
        "type": "Point",
        "coordinates": [
          -90.07346383333334,
          29.94872833333333
        ]
      },
      "properties": {
        "id": 128240,
        "obstruction": "Company Vehicle",
        "imageUrl": "https://feed.bikelaneuprising.com/nc/uploads/photos/4c619d42-1ca3-4a47-be6f-4472889593c8_Mg-RW.jpg",
        "cityKey": "new-orleans-la",
        "cityLabel": "New Orleans, LA",
        "date": "2026-06-20 00:00:00",
        "location": "VALID"
      }
    },
    {
      "type": "Feature",
      "geometry": {
        "type": "Point",
        "coordinates": [
          -90.07346383333334,
          29.94872833333333
        ]
      },
      "properties": {
        "id": 128241,
        "obstruction": "Company Vehicle",
        "imageUrl": "https://feed.bikelaneuprising.com/nc/uploads/photos/4c619d42-1ca3-4a47-be6f-4472889593c8_L1itb.jpg",
        "cityKey": "new-orleans-la",
        "cityLabel": "New Orleans, LA",
        "date": "2026-06-20 00:00:00",
        "location": "VALID"
      }
    },
    {
      "type": "Feature",
      "geometry": {
        "type": "Point",
        "coordinates": [
          -90.07640833333333,
          29.985863333333334
        ]
      },
      "properties": {
        "id": 128436,
        "obstruction": "Municipal (city) Vehicle - includes USPS",
        "imageUrl": "https://feed.bikelaneuprising.com/nc/uploads/photos/458d5709-bca0-40aa-9dc1-3ba3fed83c17_u0TfR.jpg",
        "cityKey": "new-orleans-la",
        "cityLabel": "New Orleans, LA",
        "date": "2026-06-20 00:00:00",
        "location": "VALID"
      }
    },
    {
      "type": "Feature",
      "geometry": {
        "type": "Point",
        "coordinates": [
          -90.07646116666666,
          29.985716666666665
        ]
      },
      "properties": {
        "id": 128437,
        "obstruction": "Private Owner Vehicle",
        "imageUrl": "https://feed.bikelaneuprising.com/nc/uploads/photos/e303c8fa-f648-4454-92d7-48e47f7f5f66_UtYWr.jpg",
        "cityKey": "new-orleans-la",
        "cityLabel": "New Orleans, LA",
        "date": "2026-06-20 00:00:00",
        "location": "VALID"
      }
    },
    {
      "type": "Feature",
      "geometry": {
        "type": "Point",
        "coordinates": [
          -90.05818883333333,
          30.00035
        ]
      },
      "properties": {
        "id": 128438,
        "obstruction": "Private Owner Vehicle",
        "imageUrl": "https://feed.bikelaneuprising.com/nc/uploads/photos/e9939ad7-84f3-44be-815c-756e8dd42456_pbvJq.jpg",
        "cityKey": "new-orleans-la",
        "cityLabel": "New Orleans, LA",
        "date": "2026-06-20 00:00:00",
        "location": "VALID"
      }
    },
    {
      "type": "Feature",
      "geometry": {
        "type": "Point",
        "coordinates": [
          -90.04761,
          30.00337
        ]
      },
      "properties": {
        "id": 128489,
        "obstruction": "Municipal (city) Vehicle - includes USPS",
        "imageUrl": "https://feed.bikelaneuprising.com/nc/uploads/photos/50f4cbd2-d084-45d3-9b65-c55c417ed8f5_3KPhC.jpg",
        "cityKey": "new-orleans-la",
        "cityLabel": "New Orleans, LA",
        "date": "2026-06-22 00:00:00",
        "location": "VALID"
      }
    },
    {
      "type": "Feature",
      "geometry": {
        "type": "Point",
        "coordinates": [
          -90.05832783333334,
          30.031488833333334
        ]
      },
      "properties": {
        "id": 128629,
        "obstruction": "Other  (damaged lane / snow / debris / pedestrian / etc.)",
        "imageUrl": "https://feed.bikelaneuprising.com/nc/uploads/photos/d707bd96-65e9-46d4-9f79-27e31feb024b_yhlwg.jpg",
        "cityKey": "new-orleans-la",
        "cityLabel": "New Orleans, LA",
        "date": "2026-06-23 00:00:00",
        "location": "VALID"
      }
    },
    {
      "type": "Feature",
      "geometry": {
        "type": "Point",
        "coordinates": [
          -90.09656383333333,
          30.018622166666667
        ]
      },
      "properties": {
        "id": 128630,
        "obstruction": "Private Owner Vehicle",
        "imageUrl": "https://feed.bikelaneuprising.com/nc/uploads/photos/679454ee-d18c-4b4e-b898-fce083b55e31_xgGMC.jpg",
        "cityKey": "new-orleans-la",
        "cityLabel": "New Orleans, LA",
        "date": "2026-06-23 00:00:00",
        "location": "VALID"
      }
    },
    {
      "type": "Feature",
      "geometry": {
        "type": "Point",
        "coordinates": [
          -90.0683055,
          29.951591666666666
        ]
      },
      "properties": {
        "id": 128729,
        "obstruction": "Private Owner Vehicle",
        "imageUrl": "https://feed.bikelaneuprising.com/nc/uploads/photos/58bc56fc-03b4-4105-9032-52ccf7df5b62_30xh8.jpg",
        "cityKey": "new-orleans-la",
        "cityLabel": "New Orleans, LA",
        "date": "2026-06-24 00:00:00",
        "location": "VALID"
      }
    },
    {
      "type": "Feature",
      "geometry": {
        "type": "Point",
        "coordinates": [
          -90.06406383333334,
          29.969978333333334
        ]
      },
      "properties": {
        "id": 128745,
        "obstruction": "Private Owner Vehicle",
        "imageUrl": "https://feed.bikelaneuprising.com/nc/uploads/photos/d4ad0a28-ac27-460c-8fff-50192973e07e_rDRPl.jpg",
        "cityKey": "new-orleans-la",
        "cityLabel": "New Orleans, LA",
        "date": "2026-06-20 00:00:00",
        "location": "VALID"
      }
    },
    {
      "type": "Feature",
      "geometry": {
        "type": "Point",
        "coordinates": [
          -90.06406383333334,
          29.969978333333334
        ]
      },
      "properties": {
        "id": 128746,
        "obstruction": "Private Owner Vehicle",
        "imageUrl": "https://feed.bikelaneuprising.com/nc/uploads/photos/d4ad0a28-ac27-460c-8fff-50192973e07e_8IJ_V.jpg",
        "cityKey": "new-orleans-la",
        "cityLabel": "New Orleans, LA",
        "date": "2026-06-20 00:00:00",
        "location": "VALID"
      }
    },
    {
      "type": "Feature",
      "geometry": {
        "type": "Point",
        "coordinates": [
          -90.06406383333334,
          29.969978333333334
        ]
      },
      "properties": {
        "id": 128747,
        "obstruction": "Private Owner Vehicle",
        "imageUrl": "https://feed.bikelaneuprising.com/nc/uploads/photos/d4ad0a28-ac27-460c-8fff-50192973e07e_JDUt3.jpg",
        "cityKey": "new-orleans-la",
        "cityLabel": "New Orleans, LA",
        "date": "2026-06-20 00:00:00",
        "location": "VALID"
      }
    },
    {
      "type": "Feature",
      "geometry": {
        "type": "Point",
        "coordinates": [
          -90.07650699466467,
          29.98562001764096
        ]
      },
      "properties": {
        "id": 128859,
        "obstruction": "Private Owner Vehicle",
        "imageUrl": "https://feed.bikelaneuprising.com/nc/uploads/photos/8b5a1d71-364f-4c04-a8b9-675a47592642_QIgxw.jpg",
        "cityKey": "new-orleans-la",
        "cityLabel": "New Orleans, LA",
        "date": "2026-06-25 00:00:00",
        "location": "VALID"
      }
    },
    {
      "type": "Feature",
      "geometry": {
        "type": "Point",
        "coordinates": [
          -90.07652074098587,
          29.98560636885376
        ]
      },
      "properties": {
        "id": 128860,
        "obstruction": "Private Owner Vehicle",
        "imageUrl": "https://feed.bikelaneuprising.com/nc/uploads/photos/872cbad5-c922-49ad-9026-cca202acc072_I563N.jpg",
        "cityKey": "new-orleans-la",
        "cityLabel": "New Orleans, LA",
        "date": "2026-06-25 00:00:00",
        "location": "VALID"
      }
    },
    {
      "type": "Feature",
      "geometry": {
        "type": "Point",
        "coordinates": [
          -90.07652275264263,
          29.98549369368784
        ]
      },
      "properties": {
        "id": 128861,
        "obstruction": "Private Owner Vehicle",
        "imageUrl": "https://feed.bikelaneuprising.com/nc/uploads/photos/40ef07d1-767e-4bf8-9fb0-4a2e2672be60_w108a.jpg",
        "cityKey": "new-orleans-la",
        "cityLabel": "New Orleans, LA",
        "date": "2026-06-25 00:00:00",
        "location": "VALID"
      }
    },
    {
      "type": "Feature",
      "geometry": {
        "type": "Point",
        "coordinates": [
          -90.07040283333333,
          29.95252
        ]
      },
      "properties": {
        "id": 128970,
        "obstruction": "Private Owner Vehicle",
        "imageUrl": "https://feed.bikelaneuprising.com/nc/uploads/photos/23a6f652-9bb0-454b-a34d-75dcff5aed62_7QjV3.jpg",
        "cityKey": "new-orleans-la",
        "cityLabel": "New Orleans, LA",
        "date": "2026-06-26 00:00:00",
        "location": "VALID"
      }
    },
    {
      "type": "Feature",
      "geometry": {
        "type": "Point",
        "coordinates": [
          -90.07331116666667,
          29.949096666666666
        ]
      },
      "properties": {
        "id": 128971,
        "obstruction": "Company Vehicle",
        "imageUrl": "https://feed.bikelaneuprising.com/nc/uploads/photos/89e0ac59-d0d3-4f95-a44b-0fd652f907c0_qX3NA.jpg",
        "cityKey": "new-orleans-la",
        "cityLabel": "New Orleans, LA",
        "date": "2026-06-26 00:00:00",
        "location": "VALID"
      }
    },
    {
      "type": "Feature",
      "geometry": {
        "type": "Point",
        "coordinates": [
          -90.07341116666667,
          29.948961666666666
        ]
      },
      "properties": {
        "id": 128972,
        "obstruction": "Company Vehicle",
        "imageUrl": "https://feed.bikelaneuprising.com/nc/uploads/photos/302947bf-347c-43dc-8798-3e0b90c2ce89_w_GXO.jpg",
        "cityKey": "new-orleans-la",
        "cityLabel": "New Orleans, LA",
        "date": "2026-06-26 00:00:00",
        "location": "VALID"
      }
    },
    {
      "type": "Feature",
      "geometry": {
        "type": "Point",
        "coordinates": [
          -90.07478333333333,
          29.944661666666665
        ]
      },
      "properties": {
        "id": 128973,
        "obstruction": "Private Owner Vehicle",
        "imageUrl": "https://feed.bikelaneuprising.com/nc/uploads/photos/c548f3c8-8650-4aba-8009-0e7aa8af5b08_DA2sl.jpg",
        "cityKey": "new-orleans-la",
        "cityLabel": "New Orleans, LA",
        "date": "2026-06-26 00:00:00",
        "location": "VALID"
      }
    },
    {
      "type": "Feature",
      "geometry": {
        "type": "Point",
        "coordinates": [
          -90.073625,
          29.948463333333333
        ]
      },
      "properties": {
        "id": 128974,
        "obstruction": "Private Owner Vehicle",
        "imageUrl": "https://feed.bikelaneuprising.com/nc/uploads/photos/3bbccb7d-0bb4-4fca-b46f-5ae493f97029_-gTC7.jpg",
        "cityKey": "new-orleans-la",
        "cityLabel": "New Orleans, LA",
        "date": "2026-06-26 00:00:00",
        "location": "VALID"
      }
    },
    {
      "type": "Feature",
      "geometry": {
        "type": "Point",
        "coordinates": [
          -90.0735555,
          29.948478333333334
        ]
      },
      "properties": {
        "id": 128975,
        "obstruction": "Private Owner Vehicle",
        "imageUrl": "https://feed.bikelaneuprising.com/nc/uploads/photos/6c3cd4e8-4afd-4fa1-a397-beef67da213b_JSMDC.jpg",
        "cityKey": "new-orleans-la",
        "cityLabel": "New Orleans, LA",
        "date": "2026-06-26 00:00:00",
        "location": "VALID"
      }
    },
    {
      "type": "Feature",
      "geometry": {
        "type": "Point",
        "coordinates": [
          -90.05594,
          29.96288
        ]
      },
      "properties": {
        "id": 129102,
        "obstruction": "Private Owner Vehicle",
        "imageUrl": "https://feed.bikelaneuprising.com/nc/uploads/photos/45b9af3c-0aeb-4e95-b8df-0e19b8fc8562_Aqr0o.jpg",
        "cityKey": "new-orleans-la",
        "cityLabel": "New Orleans, LA",
        "date": "2026-06-27 00:00:00",
        "location": "VALID"
      }
    },
    {
      "type": "Feature",
      "geometry": {
        "type": "Point",
        "coordinates": [
          -90.0724195,
          29.953325
        ]
      },
      "properties": {
        "id": 129204,
        "obstruction": "Company Vehicle",
        "imageUrl": "https://feed.bikelaneuprising.com/nc/uploads/photos/f7a60761-2eba-45e7-b81c-c22699a14330_Pbkg_.jpg",
        "cityKey": "new-orleans-la",
        "cityLabel": "New Orleans, LA",
        "date": "2026-06-27 00:00:00",
        "location": "VALID"
      }
    },
    {
      "type": "Feature",
      "geometry": {
        "type": "Point",
        "coordinates": [
          -90.0723195,
          29.953336666666665
        ]
      },
      "properties": {
        "id": 129205,
        "obstruction": "Private Owner Vehicle",
        "imageUrl": "https://feed.bikelaneuprising.com/nc/uploads/photos/77508754-766e-4a9a-9cd1-cc311c2c085c_KCey8.jpg",
        "cityKey": "new-orleans-la",
        "cityLabel": "New Orleans, LA",
        "date": "2026-06-27 00:00:00",
        "location": "VALID"
      }
    },
    {
      "type": "Feature",
      "geometry": {
        "type": "Point",
        "coordinates": [
          -90.07070283333333,
          29.952611666666666
        ]
      },
      "properties": {
        "id": 129350,
        "obstruction": "Company Vehicle",
        "imageUrl": "https://feed.bikelaneuprising.com/nc/uploads/photos/960cd17f-96b0-4416-a70b-05629ada2bbf_UsmbJ.jpg",
        "cityKey": "new-orleans-la",
        "cityLabel": "New Orleans, LA",
        "date": "2026-06-30 00:00:00",
        "location": "VALID"
      }
    },
    {
      "type": "Feature",
      "geometry": {
        "type": "Point",
        "coordinates": [
          -90.0759805,
          29.950541666666666
        ]
      },
      "properties": {
        "id": 129442,
        "obstruction": "Private Owner Vehicle",
        "imageUrl": "https://feed.bikelaneuprising.com/nc/uploads/photos/42d71f77-5f77-4f0c-849e-9caa092d4ef8_IHOXw.jpg",
        "cityKey": "new-orleans-la",
        "cityLabel": "New Orleans, LA",
        "date": "2026-07-01 00:00:00",
        "location": "VALID"
      }
    },
    {
      "type": "Feature",
      "geometry": {
        "type": "Point",
        "coordinates": [
          -90.06838333333333,
          29.951578333333334
        ]
      },
      "properties": {
        "id": 129527,
        "obstruction": "Private Owner Vehicle",
        "imageUrl": "https://feed.bikelaneuprising.com/nc/uploads/photos/27885590-a420-48d4-b1af-e7fa17d3725e_Ft6ej.jpg",
        "cityKey": "new-orleans-la",
        "cityLabel": "New Orleans, LA",
        "date": "2026-07-01 00:00:00",
        "location": "VALID"
      }
    },
    {
      "type": "Feature",
      "geometry": {
        "type": "Point",
        "coordinates": [
          -90.07597216666667,
          29.9505
        ]
      },
      "properties": {
        "id": 129536,
        "obstruction": "Company Vehicle",
        "imageUrl": "https://feed.bikelaneuprising.com/nc/uploads/photos/be68c8ae-3d94-48f3-8dac-d98435cccc50_2a0N8.jpg",
        "cityKey": "new-orleans-la",
        "cityLabel": "New Orleans, LA",
        "date": "2026-07-02 00:00:00",
        "location": "VALID"
      }
    },
    {
      "type": "Feature",
      "geometry": {
        "type": "Point",
        "coordinates": [
          -90.07600283333333,
          29.95037
        ]
      },
      "properties": {
        "id": 129538,
        "obstruction": "Company Vehicle",
        "imageUrl": "https://feed.bikelaneuprising.com/nc/uploads/photos/cca25a46-399a-43f9-bd3a-7464c139f95a_3KaVf.jpg",
        "cityKey": "new-orleans-la",
        "cityLabel": "New Orleans, LA",
        "date": "2026-07-02 00:00:00",
        "location": "VALID"
      }
    },
    {
      "type": "Feature",
      "geometry": {
        "type": "Point",
        "coordinates": [
          -90.07415833333333,
          29.946475
        ]
      },
      "properties": {
        "id": 129539,
        "obstruction": "Municipal (city) Vehicle - includes USPS",
        "imageUrl": "https://feed.bikelaneuprising.com/nc/uploads/photos/9a280bdc-226d-4cfc-baaf-694cae3df7d3_DqVnP.jpg",
        "cityKey": "new-orleans-la",
        "cityLabel": "New Orleans, LA",
        "date": "2026-07-02 00:00:00",
        "location": "VALID"
      }
    },
    {
      "type": "Feature",
      "geometry": {
        "type": "Point",
        "coordinates": [
          -90.07368333333334,
          29.937983333333335
        ]
      },
      "properties": {
        "id": 129651,
        "obstruction": "Private Owner Vehicle",
        "imageUrl": "https://feed.bikelaneuprising.com/nc/uploads/photos/8577cad4-fcf3-4184-91c7-e84359da3cf5_Dqf18.jpg",
        "cityKey": "new-orleans-la",
        "cityLabel": "New Orleans, LA",
        "date": "2026-07-02 00:00:00",
        "location": "VALID"
      }
    },
    {
      "type": "Feature",
      "geometry": {
        "type": "Point",
        "coordinates": [
          -90.073525,
          29.94855
        ]
      },
      "properties": {
        "id": 129919,
        "obstruction": "Company Vehicle",
        "imageUrl": "https://feed.bikelaneuprising.com/nc/uploads/photos/3773dd9a-6e39-4d41-92ad-9c232f099bc7_eK39r.jpg",
        "cityKey": "new-orleans-la",
        "cityLabel": "New Orleans, LA",
        "date": "2026-07-06 00:00:00",
        "location": "VALID"
      }
    },
    {
      "type": "Feature",
      "geometry": {
        "type": "Point",
        "coordinates": [
          -90.07246383333333,
          29.95233
        ]
      },
      "properties": {
        "id": 129920,
        "obstruction": "Private Owner Vehicle",
        "imageUrl": "https://feed.bikelaneuprising.com/nc/uploads/photos/445dbfef-a292-4ab2-ba95-6d9a8e6fda29_P34_l.jpg",
        "cityKey": "new-orleans-la",
        "cityLabel": "New Orleans, LA",
        "date": "2026-07-06 00:00:00",
        "location": "VALID"
      }
    },
    {
      "type": "Feature",
      "geometry": {
        "type": "Point",
        "coordinates": [
          -90.07549166666666,
          29.950303333333334
        ]
      },
      "properties": {
        "id": 129982,
        "obstruction": "Private Owner Vehicle",
        "imageUrl": "https://feed.bikelaneuprising.com/nc/uploads/photos/524797cb-e9cb-404d-969f-3df2957bd33e_512VF.jpg",
        "cityKey": "new-orleans-la",
        "cityLabel": "New Orleans, LA",
        "date": "2026-07-07 00:00:00",
        "location": "VALID"
      }
    },
    {
      "type": "Feature",
      "geometry": {
        "type": "Point",
        "coordinates": [
          -90.0800555,
          29.939888333333332
        ]
      },
      "properties": {
        "id": 129986,
        "obstruction": "Company Vehicle",
        "imageUrl": "https://feed.bikelaneuprising.com/nc/uploads/photos/9cf8364a-d4d8-400b-96e7-c47a3e691ae5_QVKRb.jpg",
        "cityKey": "new-orleans-la",
        "cityLabel": "New Orleans, LA",
        "date": "2026-07-07 00:00:00",
        "location": "VALID"
      }
    },
    {
      "type": "Feature",
      "geometry": {
        "type": "Point",
        "coordinates": [
          -90.06205833333334,
          29.978395
        ]
      },
      "properties": {
        "id": 130000,
        "obstruction": "Private Owner Vehicle",
        "imageUrl": "https://feed.bikelaneuprising.com/nc/uploads/photos/9793cf62-9d09-4964-bde6-e6e81419ee99_0Dk5c.jpg",
        "cityKey": "new-orleans-la",
        "cityLabel": "New Orleans, LA",
        "date": "2026-07-07 00:00:00",
        "location": "VALID"
      }
    },
    {
      "type": "Feature",
      "geometry": {
        "type": "Point",
        "coordinates": [
          -90.07614166666667,
          29.95034666666667
        ]
      },
      "properties": {
        "id": 130217,
        "obstruction": "Private Owner Vehicle",
        "imageUrl": "https://feed.bikelaneuprising.com/nc/uploads/photos/5cc8c789-9c34-47e3-b288-2d2f78efbed3_gvwXa.jpg",
        "cityKey": "new-orleans-la",
        "cityLabel": "New Orleans, LA",
        "date": "2026-07-09 00:00:00",
        "location": "VALID"
      }
    },
    {
      "type": "Feature",
      "geometry": {
        "type": "Point",
        "coordinates": [
          -90.0756,
          29.9282
        ]
      },
      "properties": {
        "id": 130340,
        "obstruction": "Private Owner Vehicle",
        "imageUrl": "https://feed.bikelaneuprising.com/nc/uploads/photos/abe6fffc-df2c-49ba-92bd-0e00e1f84612_cRMKU.jpg",
        "cityKey": "new-orleans-la",
        "cityLabel": "New Orleans, LA",
        "date": "2026-07-10 00:00:00",
        "location": "VALID"
      }
    },
    {
      "type": "Feature",
      "geometry": {
        "type": "Point",
        "coordinates": [
          -90.07258616666667,
          29.9523
        ]
      },
      "properties": {
        "id": 130790,
        "obstruction": "Taxi / Uber / Livery / Lyft",
        "imageUrl": "https://feed.bikelaneuprising.com/nc/uploads/photos/b3538a68-a433-4357-bd49-0bc7f1b4bd5e_oW4CA.jpg",
        "cityKey": "new-orleans-la",
        "cityLabel": "New Orleans, LA",
        "date": "2026-07-14 00:00:00",
        "location": "VALID"
      }
    },
    {
      "type": "Feature",
      "geometry": {
        "type": "Point",
        "coordinates": [
          -90.0726305,
          29.952346666666667
        ]
      },
      "properties": {
        "id": 130791,
        "obstruction": "Private Owner Vehicle",
        "imageUrl": "https://feed.bikelaneuprising.com/nc/uploads/photos/062ae20a-14a7-4cea-8fbd-8fe3652aa5f7_ZobE9.jpg",
        "cityKey": "new-orleans-la",
        "cityLabel": "New Orleans, LA",
        "date": "2026-07-14 00:00:00",
        "location": "VALID"
      }
    },
    {
      "type": "Feature",
      "geometry": {
        "type": "Point",
        "coordinates": [
          -90.07603333333333,
          29.950383333333335
        ]
      },
      "properties": {
        "id": 130836,
        "obstruction": "Private Owner Vehicle",
        "imageUrl": "https://feed.bikelaneuprising.com/nc/uploads/photos/4e45dd1d-a0b2-4bd6-9b83-c03b8969676e_raFci.jpg",
        "cityKey": "new-orleans-la",
        "cityLabel": "New Orleans, LA",
        "date": "2026-07-15 00:00:00",
        "location": "VALID"
      }
    },
    {
      "type": "Feature",
      "geometry": {
        "type": "Point",
        "coordinates": [
          -90.076325,
          29.949208333333335
        ]
      },
      "properties": {
        "id": 130838,
        "obstruction": "Private Owner Vehicle",
        "imageUrl": "https://feed.bikelaneuprising.com/nc/uploads/photos/e2678cc2-3135-4ec5-a3de-16b252a7b83f_s0115.jpg",
        "cityKey": "new-orleans-la",
        "cityLabel": "New Orleans, LA",
        "date": "2026-07-15 00:00:00",
        "location": "VALID"
      }
    },
    {
      "type": "Feature",
      "geometry": null,
      "properties": {
        "id": 131243,
        "obstruction": "Private Owner Vehicle",
        "imageUrl": "https://feed.bikelaneuprising.com/nc/uploads/photos/b9dc989d-ef1e-44d8-b3c9-6dec12a65776_0TzkR.jpg",
        "cityKey": "new-orleans-la",
        "cityLabel": "New Orleans, LA",
        "date": "2026-07-19 00:00:00",
        "location": "INVALID"
      }
    },
    {
      "type": "Feature",
      "geometry": {
        "type": "Point",
        "coordinates": [
          -90.05665,
          29.96458
        ]
      },
      "properties": {
        "id": 131244,
        "obstruction": "Private Owner Vehicle",
        "imageUrl": "https://feed.bikelaneuprising.com/nc/uploads/photos/c1762e33-d0ad-4a38-be2d-77c37b81811b_VILnT.jpg",
        "cityKey": "new-orleans-la",
        "cityLabel": "New Orleans, LA",
        "date": "2026-07-19 00:00:00",
        "location": "VALID"
      }
    },
    {
      "type": "Feature",
      "geometry": {
        "type": "Point",
        "coordinates": [
          -90.0766445,
          29.984913333333335
        ]
      },
      "properties": {
        "id": 131301,
        "obstruction": "Company Vehicle",
        "imageUrl": "https://feed.bikelaneuprising.com/nc/uploads/photos/4ce5d3da-4127-4808-a496-eacd3d393ba3_9MRj1.jpg",
        "cityKey": "new-orleans-la",
        "cityLabel": "New Orleans, LA",
        "date": "2026-07-17 00:00:00",
        "location": "VALID"
      }
    },
    {
      "type": "Feature",
      "geometry": {
        "type": "Point",
        "coordinates": [
          -90.0756305,
          29.952995
        ]
      },
      "properties": {
        "id": 131302,
        "obstruction": "Private Owner Vehicle",
        "imageUrl": "https://feed.bikelaneuprising.com/nc/uploads/photos/24f916a9-f912-43a9-981e-5a3373707b5a_Zl7hj.jpg",
        "cityKey": "new-orleans-la",
        "cityLabel": "New Orleans, LA",
        "date": "2026-07-07 00:00:00",
        "location": "VALID"
      }
    },
    {
      "type": "Feature",
      "geometry": {
        "type": "Point",
        "coordinates": [
          -90.0753695,
          29.954288333333334
        ]
      },
      "properties": {
        "id": 131303,
        "obstruction": "Taxi / Uber / Livery / Lyft",
        "imageUrl": "https://feed.bikelaneuprising.com/nc/uploads/photos/32038b3c-aa32-43a5-9360-1d91cd12aa84_NMI3N.jpg",
        "cityKey": "new-orleans-la",
        "cityLabel": "New Orleans, LA",
        "date": "2026-07-07 00:00:00",
        "location": "VALID"
      }
    },
    {
      "type": "Feature",
      "geometry": {
        "type": "Point",
        "coordinates": [
          -90.06663616666667,
          29.962683333333334
        ]
      },
      "properties": {
        "id": 131304,
        "obstruction": "Private Owner Vehicle",
        "imageUrl": "https://feed.bikelaneuprising.com/nc/uploads/photos/ad59e74b-3b89-4788-bc82-3760b907f345_thDHE.jpg",
        "cityKey": "new-orleans-la",
        "cityLabel": "New Orleans, LA",
        "date": "2026-07-07 00:00:00",
        "location": "VALID"
      }
    },
    {
      "type": "Feature",
      "geometry": {
        "type": "Point",
        "coordinates": [
          -90.06205833333334,
          29.978395
        ]
      },
      "properties": {
        "id": 131305,
        "obstruction": "Private Owner Vehicle",
        "imageUrl": "https://feed.bikelaneuprising.com/nc/uploads/photos/a9988580-5be3-4660-98b6-df435b1a4bb6_u1JDK.jpg",
        "cityKey": "new-orleans-la",
        "cityLabel": "New Orleans, LA",
        "date": "2026-07-07 00:00:00",
        "location": "VALID"
      }
    },
    {
      "type": "Feature",
      "geometry": {
        "type": "Point",
        "coordinates": [
          -90.05690833333334,
          29.961428333333334
        ]
      },
      "properties": {
        "id": 131306,
        "obstruction": "Municipal (city) Vehicle - includes USPS",
        "imageUrl": "https://feed.bikelaneuprising.com/nc/uploads/photos/98755198-51c4-49e9-8553-76d6d8101025_yz-bL.jpg",
        "cityKey": "new-orleans-la",
        "cityLabel": "New Orleans, LA",
        "date": "2026-07-12 00:00:00",
        "location": "VALID"
      }
    },
    {
      "type": "Feature",
      "geometry": {
        "type": "Point",
        "coordinates": [
          -90.05737216666667,
          30.001013888333333
        ]
      },
      "properties": {
        "id": 131384,
        "obstruction": "Private Owner Vehicle",
        "imageUrl": "https://feed.bikelaneuprising.com/nc/uploads/photos/d04ded94-35e7-4244-849a-4ee6fb79277f_vi3ij.jpg",
        "cityKey": "new-orleans-la",
        "cityLabel": "New Orleans, LA",
        "date": "2026-07-20 00:00:00",
        "location": "VALID"
      }
    },
    {
      "type": "Feature",
      "geometry": {
        "type": "Point",
        "coordinates": [
          -90.06451383333334,
          29.994413333333334
        ]
      },
      "properties": {
        "id": 131385,
        "obstruction": "Private Owner Vehicle",
        "imageUrl": "https://feed.bikelaneuprising.com/nc/uploads/photos/6ea74963-7227-4643-8220-89b680b5a86d_sFnNj.jpg",
        "cityKey": "new-orleans-la",
        "cityLabel": "New Orleans, LA",
        "date": "2026-07-20 00:00:00",
        "location": "VALID"
      }
    },
    {
      "type": "Feature",
      "geometry": {
        "type": "Point",
        "coordinates": [
          -90.06128616666666,
          29.997191666666666
        ]
      },
      "properties": {
        "id": 131386,
        "obstruction": "Private Owner Vehicle",
        "imageUrl": "https://feed.bikelaneuprising.com/nc/uploads/photos/c811ea1f-72a4-4b2b-a83c-0805a49b3d27_F4XDU.jpg",
        "cityKey": "new-orleans-la",
        "cityLabel": "New Orleans, LA",
        "date": "2026-07-20 00:00:00",
        "location": "VALID"
      }
    },
    {
      "type": "Feature",
      "geometry": {
        "type": "Point",
        "coordinates": [
          -90.0611945,
          29.99731166666667
        ]
      },
      "properties": {
        "id": 131387,
        "obstruction": "Private Owner Vehicle",
        "imageUrl": "https://feed.bikelaneuprising.com/nc/uploads/photos/fab7171e-5d37-4795-999d-4049fec8f3b4_HuIQe.jpg",
        "cityKey": "new-orleans-la",
        "cityLabel": "New Orleans, LA",
        "date": "2026-07-20 00:00:00",
        "location": "VALID"
      }
    },
    {
      "type": "Feature",
      "geometry": {
        "type": "Point",
        "coordinates": [
          -90.06110283333334,
          29.997445
        ]
      },
      "properties": {
        "id": 131388,
        "obstruction": "Private Owner Vehicle",
        "imageUrl": "https://feed.bikelaneuprising.com/nc/uploads/photos/e000fd0a-f2f8-48c7-b481-004f53c5ae2f_UFBRW.jpg",
        "cityKey": "new-orleans-la",
        "cityLabel": "New Orleans, LA",
        "date": "2026-07-20 00:00:00",
        "location": "VALID"
      }
    },
    {
      "type": "Feature",
      "geometry": {
        "type": "Point",
        "coordinates": [
          -90.06107216666666,
          29.997466666666668
        ]
      },
      "properties": {
        "id": 131389,
        "obstruction": "Private Owner Vehicle",
        "imageUrl": "https://feed.bikelaneuprising.com/nc/uploads/photos/040cb3de-3f61-4912-a7ff-95dd25f775e3_KIWNX.jpg",
        "cityKey": "new-orleans-la",
        "cityLabel": "New Orleans, LA",
        "date": "2026-07-20 00:00:00",
        "location": "VALID"
      }
    },
    {
      "type": "Feature",
      "geometry": {
        "type": "Point",
        "coordinates": [
          -90.0762555,
          29.986495
        ]
      },
      "properties": {
        "id": 131390,
        "obstruction": "Private Owner Vehicle",
        "imageUrl": "https://feed.bikelaneuprising.com/nc/uploads/photos/4349f065-c068-4a12-8534-499f5eaf4ef4_jNnY6.jpg",
        "cityKey": "new-orleans-la",
        "cityLabel": "New Orleans, LA",
        "date": "2026-07-13 00:00:00",
        "location": "VALID"
      }
    },
    {
      "type": "Feature",
      "geometry": {
        "type": "Point",
        "coordinates": [
          -90.07772,
          29.98047
        ]
      },
      "properties": {
        "id": 131405,
        "obstruction": "Private Owner Vehicle",
        "imageUrl": "https://feed.bikelaneuprising.com/nc/uploads/photos/c7ba03c4-f256-4b56-b252-36c8dc33b396_hMpD1.jpg",
        "cityKey": "new-orleans-la",
        "cityLabel": "New Orleans, LA",
        "date": "2026-07-15 00:00:00",
        "location": "VALID"
      }
    },
    {
      "type": "Feature",
      "geometry": {
        "type": "Point",
        "coordinates": [
          -90.0759805,
          29.95045
        ]
      },
      "properties": {
        "id": 131479,
        "obstruction": "Private Owner Vehicle",
        "imageUrl": "https://feed.bikelaneuprising.com/nc/uploads/photos/ab30d716-45fa-4a55-ae0c-3b34022f1199_YDTqx.jpg",
        "cityKey": "new-orleans-la",
        "cityLabel": "New Orleans, LA",
        "date": "2026-07-21 00:00:00",
        "location": "VALID"
      }
    },
    {
      "type": "Feature",
      "geometry": {
        "type": "Point",
        "coordinates": [
          -90.06854166666666,
          29.951686666666667
        ]
      },
      "properties": {
        "id": 131801,
        "obstruction": "Private Owner Vehicle",
        "imageUrl": "https://feed.bikelaneuprising.com/nc/uploads/photos/92be3c1f-31ff-4478-8edc-08b8f86ed848_h69NT.jpg",
        "cityKey": "new-orleans-la",
        "cityLabel": "New Orleans, LA",
        "date": "2026-07-23 00:00:00",
        "location": "VALID"
      }
    },
    {
      "type": "Feature",
      "geometry": {
        "type": "Point",
        "coordinates": [
          -90.06859716666666,
          29.951841666666667
        ]
      },
      "properties": {
        "id": 131802,
        "obstruction": "Private Owner Vehicle",
        "imageUrl": "https://feed.bikelaneuprising.com/nc/uploads/photos/fb34f5ba-0115-4bf4-bba1-7396cf6214f3_Hwm30.jpg",
        "cityKey": "new-orleans-la",
        "cityLabel": "New Orleans, LA",
        "date": "2026-07-23 00:00:00",
        "location": "VALID"
      }
    },
    {
      "type": "Feature",
      "geometry": {
        "type": "Point",
        "coordinates": [
          -90.07341116666667,
          29.9493
        ]
      },
      "properties": {
        "id": 131902,
        "obstruction": "Company Vehicle",
        "imageUrl": "https://feed.bikelaneuprising.com/nc/uploads/photos/45592915-dd68-4db8-abff-67bbf49ac19a_3pDQo.jpg",
        "cityKey": "new-orleans-la",
        "cityLabel": "New Orleans, LA",
        "date": "2026-07-25 00:00:00",
        "location": "VALID"
      }
    },
    {
      "type": "Feature",
      "geometry": {
        "type": "Point",
        "coordinates": [
          -90.05631867796183,
          29.964436294539848
        ]
      },
      "properties": {
        "id": 132160,
        "obstruction": "Private Owner Vehicle",
        "imageUrl": "https://feed.bikelaneuprising.com/nc/uploads/photos/2b746464-98ae-4f8a-a457-f8f53030c9e7_PKJkw.jpg",
        "cityKey": "new-orleans-la",
        "cityLabel": "New Orleans, LA",
        "date": "2026-07-15 00:00:00",
        "location": "VALID"
      }
    },
    {
      "type": "Feature",
      "geometry": {
        "type": "Point",
        "coordinates": [
          -90.10510283333333,
          29.95625
        ]
      },
      "properties": {
        "id": 132191,
        "obstruction": "Municipal (city) Vehicle - includes USPS",
        "imageUrl": "https://feed.bikelaneuprising.com/nc/uploads/photos/06596fc7-9221-48c8-93b0-7d50f8017817_tZxNp.jpg",
        "cityKey": "new-orleans-la",
        "cityLabel": "New Orleans, LA",
        "date": "2026-07-27 00:00:00",
        "location": "VALID"
      }
    },
    {
      "type": "Feature",
      "geometry": {
        "type": "Point",
        "coordinates": [
          -90.1051555,
          29.956171666666666
        ]
      },
      "properties": {
        "id": 132192,
        "obstruction": "Private Owner Vehicle",
        "imageUrl": "https://feed.bikelaneuprising.com/nc/uploads/photos/3b2672bc-ddfd-4f87-b31f-3c397a9d4e69_sMBe3.jpg",
        "cityKey": "new-orleans-la",
        "cityLabel": "New Orleans, LA",
        "date": "2026-07-27 00:00:00",
        "location": "VALID"
      }
    },
    {
      "type": "Feature",
      "geometry": {
        "type": "Point",
        "coordinates": [
          -90.05617618560791,
          29.968569768184242
        ]
      },
      "properties": {
        "id": 132585,
        "obstruction": "Private Owner Vehicle",
        "imageUrl": "https://feed.bikelaneuprising.com/nc/uploads/photos/36f4f88f-a24b-4e8c-8adf-25e80e67d485_aoWNE.jpg",
        "cityKey": "new-orleans-la",
        "cityLabel": "New Orleans, LA",
        "date": "2026-07-31 00:00:00",
        "location": "VALID"
      }
    },
    {
      "type": "Feature",
      "geometry": {
        "type": "Point",
        "coordinates": [
          -90.05586203187704,
          29.968593294595724
        ]
      },
      "properties": {
        "id": 132586,
        "obstruction": "Private Owner Vehicle",
        "imageUrl": "https://feed.bikelaneuprising.com/nc/uploads/photos/fd87b0a4-143c-4412-af64-eee719bc79a9__bOHA.jpg",
        "cityKey": "new-orleans-la",
        "cityLabel": "New Orleans, LA",
        "date": "2026-07-30 00:00:00",
        "location": "VALID"
      }
    },
    {
      "type": "Feature",
      "geometry": {
        "type": "Point",
        "coordinates": [
          -90.08466996252537,
          29.968313881793126
        ]
      },
      "properties": {
        "id": 132649,
        "obstruction": "Municipal (city) Vehicle - includes USPS",
        "imageUrl": "https://feed.bikelaneuprising.com/nc/uploads/photos/d79f7288-365a-446d-a344-6ef45f527dce_sdGiL.jpg",
        "cityKey": "new-orleans-la",
        "cityLabel": "New Orleans, LA",
        "date": "2026-07-30 00:00:00",
        "location": "VALID"
      }
    },
    {
      "type": "Feature",
      "geometry": {
        "type": "Point",
        "coordinates": [
          -90.07713333333334,
          29.967791666666667
        ]
      },
      "properties": {
        "id": 132701,
        "obstruction": "Private Owner Vehicle",
        "imageUrl": "https://feed.bikelaneuprising.com/nc/uploads/photos/c7ce242f-2629-4238-a753-b414ca4ec3e9_aR3z3.jpg",
        "cityKey": "new-orleans-la",
        "cityLabel": "New Orleans, LA",
        "date": "2026-07-31 00:00:00",
        "location": "VALID"
      }
    },
    {
      "type": "Feature",
      "geometry": {
        "type": "Point",
        "coordinates": [
          -90.06002,
          29.96845
        ]
      },
      "properties": {
        "id": 132703,
        "obstruction": "Construction",
        "imageUrl": "https://feed.bikelaneuprising.com/nc/uploads/photos/17c6edb4-ac3b-4fed-8279-87b72d5afe19_5ahPG.jpg",
        "cityKey": "new-orleans-la",
        "cityLabel": "New Orleans, LA",
        "date": "2026-07-31 00:00:00",
        "location": "VALID"
      }
    },
    {
      "type": "Feature",
      "geometry": {
        "type": "Point",
        "coordinates": [
          -90.06159166666667,
          29.968046666666666
        ]
      },
      "properties": {
        "id": 132704,
        "obstruction": "Private Owner Vehicle",
        "imageUrl": "https://feed.bikelaneuprising.com/nc/uploads/photos/efeaedda-dc6a-43ae-8838-5e8392e1e83f_xeY8I.jpg",
        "cityKey": "new-orleans-la",
        "cityLabel": "New Orleans, LA",
        "date": "2026-07-31 00:00:00",
        "location": "VALID"
      }
    },
    {
      "type": "Feature",
      "geometry": {
        "type": "Point",
        "coordinates": [
          -90.061675,
          29.968008333333334
        ]
      },
      "properties": {
        "id": 132705,
        "obstruction": "Private Owner Vehicle",
        "imageUrl": "https://feed.bikelaneuprising.com/nc/uploads/photos/7c43d56f-59d0-4acf-b385-39acf9696c7e_YMIEV.jpg",
        "cityKey": "new-orleans-la",
        "cityLabel": "New Orleans, LA",
        "date": "2026-07-31 00:00:00",
        "location": "VALID"
      }
    },
    {
      "type": "Feature",
      "geometry": {
        "type": "Point",
        "coordinates": [
          -90.06172216666667,
          29.96798666666667
        ]
      },
      "properties": {
        "id": 132706,
        "obstruction": "Private Owner Vehicle",
        "imageUrl": "https://feed.bikelaneuprising.com/nc/uploads/photos/8c70d16a-a6fb-4192-a07f-46bb0e37d89d_ubo8b.jpg",
        "cityKey": "new-orleans-la",
        "cityLabel": "New Orleans, LA",
        "date": "2026-07-31 00:00:00",
        "location": "VALID"
      }
    },
    {
      "type": "Feature",
      "geometry": {
        "type": "Point",
        "coordinates": [
          -90.0618055,
          29.967933333333335
        ]
      },
      "properties": {
        "id": 132707,
        "obstruction": "Private Owner Vehicle",
        "imageUrl": "https://feed.bikelaneuprising.com/nc/uploads/photos/86a340d2-56c3-41e0-a97a-0bdd5c92b56e_R29dl.jpg",
        "cityKey": "new-orleans-la",
        "cityLabel": "New Orleans, LA",
        "date": "2026-07-31 00:00:00",
        "location": "VALID"
      }
    },
    {
      "type": "Feature",
      "geometry": {
        "type": "Point",
        "coordinates": [
          -90.06217216666667,
          29.967646666666667
        ]
      },
      "properties": {
        "id": 132708,
        "obstruction": "Private Owner Vehicle",
        "imageUrl": "https://feed.bikelaneuprising.com/nc/uploads/photos/c0c0837a-7a2a-451f-8d7e-7e83886e87ba_QGnuP.jpg",
        "cityKey": "new-orleans-la",
        "cityLabel": "New Orleans, LA",
        "date": "2026-07-31 00:00:00",
        "location": "VALID"
      }
    },
    {
      "type": "Feature",
      "geometry": {
        "type": "Point",
        "coordinates": [
          -90.06390283333333,
          29.965695
        ]
      },
      "properties": {
        "id": 132709,
        "obstruction": "Company Vehicle",
        "imageUrl": "https://feed.bikelaneuprising.com/nc/uploads/photos/059070ba-fb68-4470-bdf9-260c4107b418_ULZfg.jpg",
        "cityKey": "new-orleans-la",
        "cityLabel": "New Orleans, LA",
        "date": "2026-07-31 00:00:00",
        "location": "VALID"
      }
    },
    {
      "type": "Feature",
      "geometry": {
        "type": "Point",
        "coordinates": [
          -90.05627207458019,
          29.968579933918278
        ]
      },
      "properties": {
        "id": 132722,
        "obstruction": "Private Owner Vehicle",
        "imageUrl": "https://feed.bikelaneuprising.com/nc/uploads/photos/7a2baaa4-3969-4eb9-8df1-1aab80cceed2_dWG6x.jpg",
        "cityKey": "new-orleans-la",
        "cityLabel": "New Orleans, LA",
        "date": "2026-08-01 00:00:00",
        "location": "VALID"
      }
    },
    {
      "type": "Feature",
      "geometry": {
        "type": "Point",
        "coordinates": [
          -90.056033693254,
          29.968590099651298
        ]
      },
      "properties": {
        "id": 132723,
        "obstruction": "Private Owner Vehicle",
        "imageUrl": "https://feed.bikelaneuprising.com/nc/uploads/photos/73523df2-11fd-4eac-89a1-7f9c06b0191c_F8H3u.jpg",
        "cityKey": "new-orleans-la",
        "cityLabel": "New Orleans, LA",
        "date": "2026-08-01 00:00:00",
        "location": "VALID"
      }
    },
    {
      "type": "Feature",
      "geometry": {
        "type": "Point",
        "coordinates": [
          -90.05608767271042,
          29.968567154138153
        ]
      },
      "properties": {
        "id": 132724,
        "obstruction": "Private Owner Vehicle",
        "imageUrl": "https://feed.bikelaneuprising.com/nc/uploads/photos/f198a9a0-4b5e-4413-893b-22ce68654644_nPT-2.jpg",
        "cityKey": "new-orleans-la",
        "cityLabel": "New Orleans, LA",
        "date": "2026-08-01 00:00:00",
        "location": "VALID"
      }
    },
    {
      "type": "Feature",
      "geometry": {
        "type": "Point",
        "coordinates": [
          -90.06845643631831,
          29.951635861426997
        ]
      },
      "properties": {
        "id": 132864,
        "obstruction": "Taxi / Uber / Livery / Lyft",
        "imageUrl": "https://feed.bikelaneuprising.com/nc/uploads/photos/4243fc07-8e0b-4c5b-b8f0-f6a79915a992_pJCH4.jpg",
        "cityKey": "new-orleans-la",
        "cityLabel": "New Orleans, LA",
        "date": "2026-08-03 00:00:00",
        "location": "VALID"
      }
    },
    {
      "type": "Feature",
      "geometry": {
        "type": "Point",
        "coordinates": [
          -90.07328883333334,
          29.94935
        ]
      },
      "properties": {
        "id": 133035,
        "obstruction": "Company Vehicle",
        "imageUrl": "https://feed.bikelaneuprising.com/nc/uploads/photos/46095350-422a-4700-91bd-0f8ad1b7de0c_OujFu.jpg",
        "cityKey": "new-orleans-la",
        "cityLabel": "New Orleans, LA",
        "date": "2026-08-04 00:00:00",
        "location": "VALID"
      }
    },
    {
      "type": "Feature",
      "geometry": {
        "type": "Point",
        "coordinates": [
          -90.07588883333334,
          29.95185
        ]
      },
      "properties": {
        "id": 133083,
        "obstruction": "Private Owner Vehicle",
        "imageUrl": "https://feed.bikelaneuprising.com/nc/uploads/photos/309b1977-69af-4cd3-99b3-1cc325103347_D42xt.jpg",
        "cityKey": "new-orleans-la",
        "cityLabel": "New Orleans, LA",
        "date": "2026-08-05 00:00:00",
        "location": "VALID"
      }
    },
    {
      "type": "Feature",
      "geometry": {
        "type": "Point",
        "coordinates": [
          -90.05947329972221,
          29.97851329972222
        ]
      },
      "properties": {
        "id": 133285,
        "obstruction": "Private Owner Vehicle",
        "imageUrl": "https://feed.bikelaneuprising.com/nc/uploads/photos/680048f4-98fb-4757-ad36-609fb574cf3c_2QKu0.jpg",
        "cityKey": "new-orleans-la",
        "cityLabel": "New Orleans, LA",
        "date": "2026-08-06 00:00:00",
        "location": "VALID"
      }
    },
    {
      "type": "Feature",
      "geometry": {
        "type": "Point",
        "coordinates": [
          -90.05595397222221,
          29.968519194444443
        ]
      },
      "properties": {
        "id": 133286,
        "obstruction": "Private Owner Vehicle",
        "imageUrl": "https://feed.bikelaneuprising.com/nc/uploads/photos/e30be76c-5efd-4aee-a78a-138154c4d9e7_Qg-gJ.jpg",
        "cityKey": "new-orleans-la",
        "cityLabel": "New Orleans, LA",
        "date": "2026-08-05 00:00:00",
        "location": "VALID"
      }
    },
    {
      "type": "Feature",
      "geometry": {
        "type": "Point",
        "coordinates": [
          -90.05596158333333,
          29.968519194444443
        ]
      },
      "properties": {
        "id": 133287,
        "obstruction": "Private Owner Vehicle",
        "imageUrl": "https://feed.bikelaneuprising.com/nc/uploads/photos/405c2611-bd95-4dc5-8594-d2b6c55f507f_AdH3x.jpg",
        "cityKey": "new-orleans-la",
        "cityLabel": "New Orleans, LA",
        "date": "2026-08-05 00:00:00",
        "location": "VALID"
      }
    },
    {
      "type": "Feature",
      "geometry": {
        "type": "Point",
        "coordinates": [
          -90.09205,
          29.948238333333332
        ]
      },
      "properties": {
        "id": 133306,
        "obstruction": "Company Vehicle",
        "imageUrl": "https://feed.bikelaneuprising.com/nc/uploads/photos/4a6f5131-e489-4451-8f67-cb27a36eaa28_D9A5v.jpg",
        "cityKey": "new-orleans-la",
        "cityLabel": "New Orleans, LA",
        "date": "2026-08-04 00:00:00",
        "location": "VALID"
      }
    },
    {
      "type": "Feature",
      "geometry": {
        "type": "Point",
        "coordinates": [
          -90.0751805,
          29.953908333333334
        ]
      },
      "properties": {
        "id": 133648,
        "obstruction": "Company Vehicle",
        "imageUrl": "https://feed.bikelaneuprising.com/nc/uploads/photos/682bddfd-a6c7-43ad-b4ed-6756ed910456_UCPY4.jpg",
        "cityKey": "new-orleans-la",
        "cityLabel": "New Orleans, LA",
        "date": "2026-08-05 00:00:00",
        "location": "VALID"
      }
    },
    {
      "type": "Feature",
      "geometry": {
        "type": "Point",
        "coordinates": [
          -90.07603333333333,
          29.950505
        ]
      },
      "properties": {
        "id": 133649,
        "obstruction": "Private Owner Vehicle",
        "imageUrl": "https://feed.bikelaneuprising.com/nc/uploads/photos/fad8cb5d-bb03-4649-8f48-a57899c14d8f_u98iS.jpg",
        "cityKey": "new-orleans-la",
        "cityLabel": "New Orleans, LA",
        "date": "2026-08-06 00:00:00",
        "location": "VALID"
      }
    },
    {
      "type": "Feature",
      "geometry": {
        "type": "Point",
        "coordinates": [
          -90.07588883333334,
          29.95185
        ]
      },
      "properties": {
        "id": 133650,
        "obstruction": "Private Owner Vehicle",
        "imageUrl": "https://feed.bikelaneuprising.com/nc/uploads/photos/1090f787-fd71-4567-9182-606288ae35cc_OxhMR.jpg",
        "cityKey": "new-orleans-la",
        "cityLabel": "New Orleans, LA",
        "date": "2026-08-05 00:00:00",
        "location": "VALID"
      }
    },
    {
      "type": "Feature",
      "geometry": {
        "type": "Point",
        "coordinates": [
          -90.0509737059474,
          29.979056767369325
        ]
      },
      "properties": {
        "id": 133681,
        "obstruction": "Private Owner Vehicle",
        "imageUrl": "https://feed.bikelaneuprising.com/nc/uploads/photos/dcfb43c3-e52d-41c2-9b01-b6a72e7f16ae_spIQ_.jpg",
        "cityKey": "new-orleans-la",
        "cityLabel": "New Orleans, LA",
        "date": "2026-08-06 00:00:00",
        "location": "VALID"
      }
    },
    {
      "type": "Feature",
      "geometry": {
        "type": "Point",
        "coordinates": [
          -90.07595,
          29.950683333333334
        ]
      },
      "properties": {
        "id": 134236,
        "obstruction": "Private Owner Vehicle",
        "imageUrl": "https://feed.bikelaneuprising.com/nc/uploads/photos/85d0cc5d-c2e2-4465-99fd-b0486e56ee97_LnZhU.jpg",
        "cityKey": "new-orleans-la",
        "cityLabel": "New Orleans, LA",
        "date": "2026-08-12 00:00:00",
        "location": "VALID"
      }
    },
    {
      "type": "Feature",
      "geometry": {
        "type": "Point",
        "coordinates": [
          -90.07605801093351,
          29.950243349663708
        ]
      },
      "properties": {
        "id": 134238,
        "obstruction": "Private Owner Vehicle",
        "imageUrl": "https://feed.bikelaneuprising.com/nc/uploads/photos/3d5d5da7-1535-41d0-8a1a-bdf33d63056e_2oao-.jpg",
        "cityKey": "new-orleans-la",
        "cityLabel": "New Orleans, LA",
        "date": "2026-08-12 00:00:00",
        "location": "VALID"
      }
    },
    {
      "type": "Feature",
      "geometry": {
        "type": "Point",
        "coordinates": [
          -90.07602783333333,
          29.950445
        ]
      },
      "properties": {
        "id": 134239,
        "obstruction": "Private Owner Vehicle",
        "imageUrl": "https://feed.bikelaneuprising.com/nc/uploads/photos/630a05ea-e5fb-4d78-bf50-6afe4e1e26e5_xmZBe.jpg",
        "cityKey": "new-orleans-la",
        "cityLabel": "New Orleans, LA",
        "date": "2026-08-12 00:00:00",
        "location": "VALID"
      }
    },
    {
      "type": "Feature",
      "geometry": {
        "type": "Point",
        "coordinates": [
          -90.07604166666667,
          29.950311666666668
        ]
      },
      "properties": {
        "id": 134240,
        "obstruction": "Company Vehicle",
        "imageUrl": "https://feed.bikelaneuprising.com/nc/uploads/photos/072a17df-b3b8-4236-b485-c7729283dd57_p6Hxh.jpg",
        "cityKey": "new-orleans-la",
        "cityLabel": "New Orleans, LA",
        "date": "2026-08-12 00:00:00",
        "location": "VALID"
      }
    },
    {
      "type": "Feature",
      "geometry": {
        "type": "Point",
        "coordinates": [
          -90.07627216666667,
          29.949395
        ]
      },
      "properties": {
        "id": 134241,
        "obstruction": "Private Owner Vehicle",
        "imageUrl": "https://feed.bikelaneuprising.com/nc/uploads/photos/44b58a36-20b5-4abc-99b3-8f30a8c3dcb5_Fj7LL.jpg",
        "cityKey": "new-orleans-la",
        "cityLabel": "New Orleans, LA",
        "date": "2026-08-12 00:00:00",
        "location": "VALID"
      }
    },
    {
      "type": "Feature",
      "geometry": {
        "type": "Point",
        "coordinates": [
          -90.07521116666666,
          29.954291666666666
        ]
      },
      "properties": {
        "id": 134243,
        "obstruction": "Municipal (city) Vehicle - includes USPS",
        "imageUrl": "https://feed.bikelaneuprising.com/nc/uploads/photos/be53dbc1-d152-4493-a240-5afd68234f98_lRctW.jpg",
        "cityKey": "new-orleans-la",
        "cityLabel": "New Orleans, LA",
        "date": "2026-08-13 00:00:00",
        "location": "VALID"
      }
    },
    {
      "type": "Feature",
      "geometry": {
        "type": "Point",
        "coordinates": [
          -90.07592783333334,
          29.950675
        ]
      },
      "properties": {
        "id": 134244,
        "obstruction": "Private Owner Vehicle",
        "imageUrl": "https://feed.bikelaneuprising.com/nc/uploads/photos/a5e91979-3d90-48ea-a8f8-6f8e264336dd_s34Sj.jpg",
        "cityKey": "new-orleans-la",
        "cityLabel": "New Orleans, LA",
        "date": "2026-08-13 00:00:00",
        "location": "VALID"
      }
    },
    {
      "type": "Feature",
      "geometry": {
        "type": "Point",
        "coordinates": [
          -90.07594166666667,
          29.950571666666665
        ]
      },
      "properties": {
        "id": 134245,
        "obstruction": "Private Owner Vehicle",
        "imageUrl": "https://feed.bikelaneuprising.com/nc/uploads/photos/052ff841-384b-4829-a4f8-aaf9b436030a_raIz6.jpg",
        "cityKey": "new-orleans-la",
        "cityLabel": "New Orleans, LA",
        "date": "2026-08-13 00:00:00",
        "location": "VALID"
      }
    },
    {
      "type": "Feature",
      "geometry": {
        "type": "Point",
        "coordinates": [
          -90.07595,
          29.950525
        ]
      },
      "properties": {
        "id": 134247,
        "obstruction": "Private Owner Vehicle",
        "imageUrl": "https://feed.bikelaneuprising.com/nc/uploads/photos/dbf9bc91-c42d-4a56-ae84-ba920da8abbb_IBvjZ.jpg",
        "cityKey": "new-orleans-la",
        "cityLabel": "New Orleans, LA",
        "date": "2026-08-13 00:00:00",
        "location": "VALID"
      }
    },
    {
      "type": "Feature",
      "geometry": {
        "type": "Point",
        "coordinates": [
          -90.07599716666667,
          29.95043
        ]
      },
      "properties": {
        "id": 134248,
        "obstruction": "Private Owner Vehicle",
        "imageUrl": "https://feed.bikelaneuprising.com/nc/uploads/photos/74a82b5e-0a25-430d-a2b7-c560eee84013_G8oed.jpg",
        "cityKey": "new-orleans-la",
        "cityLabel": "New Orleans, LA",
        "date": "2026-08-13 00:00:00",
        "location": "VALID"
      }
    },
    {
      "type": "Feature",
      "geometry": {
        "type": "Point",
        "coordinates": [
          -90.05643449972222,
          29.96848149972222
        ]
      },
      "properties": {
        "id": 134376,
        "obstruction": "Private Owner Vehicle",
        "imageUrl": "https://feed.bikelaneuprising.com/nc/uploads/photos/50506e9d-8975-475d-8244-a1fe60a58905_8emrZ.jpg",
        "cityKey": "new-orleans-la",
        "cityLabel": "New Orleans, LA",
        "date": "2026-08-13 00:00:00",
        "location": "VALID"
      }
    },
    {
      "type": "Feature",
      "geometry": {
        "type": "Point",
        "coordinates": [
          -90.05628966666666,
          29.968612666666665
        ]
      },
      "properties": {
        "id": 134377,
        "obstruction": "Private Owner Vehicle",
        "imageUrl": "https://feed.bikelaneuprising.com/nc/uploads/photos/4c770b60-8228-4622-8a42-637355bc6c94_CL0zG.jpg",
        "cityKey": "new-orleans-la",
        "cityLabel": "New Orleans, LA",
        "date": "2026-08-12 00:00:00",
        "location": "VALID"
      }
    },
    {
      "type": "Feature",
      "geometry": {
        "type": "Point",
        "coordinates": [
          -90.05628966666666,
          29.968612666666665
        ]
      },
      "properties": {
        "id": 134380,
        "obstruction": "Private Owner Vehicle",
        "imageUrl": "https://feed.bikelaneuprising.com/nc/uploads/photos/c18bdf70-8b0e-4437-981d-de211973a1ea_OlupF.jpg",
        "cityKey": "new-orleans-la",
        "cityLabel": "New Orleans, LA",
        "date": "2026-08-12 00:00:00",
        "location": "VALID"
      }
    },
    {
      "type": "Feature",
      "geometry": {
        "type": "Point",
        "coordinates": [
          -90.05628966666666,
          29.968612666666665
        ]
      },
      "properties": {
        "id": 134381,
        "obstruction": "Private Owner Vehicle",
        "imageUrl": "https://feed.bikelaneuprising.com/nc/uploads/photos/4a1b56f7-0a57-442d-8a6e-f8d8ca1a3ada_ADT7d.jpg",
        "cityKey": "new-orleans-la",
        "cityLabel": "New Orleans, LA",
        "date": "2026-08-12 00:00:00",
        "location": "VALID"
      }
    },
    {
      "type": "Feature",
      "geometry": {
        "type": "Point",
        "coordinates": [
          -90.05628966666666,
          29.968612666666665
        ]
      },
      "properties": {
        "id": 134382,
        "obstruction": "Private Owner Vehicle",
        "imageUrl": "https://feed.bikelaneuprising.com/nc/uploads/photos/d9aee557-5263-4779-8490-15725dddcb04_XKMYL.jpg",
        "cityKey": "new-orleans-la",
        "cityLabel": "New Orleans, LA",
        "date": "2026-08-12 00:00:00",
        "location": "VALID"
      }
    },
    {
      "type": "Feature",
      "geometry": {
        "type": "Point",
        "coordinates": [
          -90.05638883333333,
          29.9684925
        ]
      },
      "properties": {
        "id": 134383,
        "obstruction": "Private Owner Vehicle",
        "imageUrl": "https://feed.bikelaneuprising.com/nc/uploads/photos/eca84139-3a34-45a3-a5ae-ce3b9ddd7615_XCZWy.jpg",
        "cityKey": "new-orleans-la",
        "cityLabel": "New Orleans, LA",
        "date": "2026-08-09 00:00:00",
        "location": "VALID"
      }
    },
    {
      "type": "Feature",
      "geometry": {
        "type": "Point",
        "coordinates": [
          -90.05638883333333,
          29.9684925
        ]
      },
      "properties": {
        "id": 134384,
        "obstruction": "Private Owner Vehicle",
        "imageUrl": "https://feed.bikelaneuprising.com/nc/uploads/photos/9dbc3605-5722-43e1-a9d7-a91256755c6b_BMWWF.jpg",
        "cityKey": "new-orleans-la",
        "cityLabel": "New Orleans, LA",
        "date": "2026-08-09 00:00:00",
        "location": "VALID"
      }
    },
    {
      "type": "Feature",
      "geometry": {
        "type": "Point",
        "coordinates": [
          -90.05638883333333,
          29.9684925
        ]
      },
      "properties": {
        "id": 134385,
        "obstruction": "Private Owner Vehicle",
        "imageUrl": "https://feed.bikelaneuprising.com/nc/uploads/photos/6af283a7-62a5-4e94-a59c-aefc8b00a7a9_qAHoJ.jpg",
        "cityKey": "new-orleans-la",
        "cityLabel": "New Orleans, LA",
        "date": "2026-08-09 00:00:00",
        "location": "VALID"
      }
    },
    {
      "type": "Feature",
      "geometry": {
        "type": "Point",
        "coordinates": [
          -90.0566718,
          29.96844019972222
        ]
      },
      "properties": {
        "id": 134386,
        "obstruction": "Municipal (city) Vehicle - includes USPS",
        "imageUrl": "https://feed.bikelaneuprising.com/nc/uploads/photos/cf35d4a0-6ec8-4142-9663-cc3f78d91016_DURNt.jpg",
        "cityKey": "new-orleans-la",
        "cityLabel": "New Orleans, LA",
        "date": "2026-08-07 00:00:00",
        "location": "VALID"
      }
    },
    {
      "type": "Feature",
      "geometry": {
        "type": "Point",
        "coordinates": [
          -90.05615233333333,
          29.96388052777778
        ]
      },
      "properties": {
        "id": 134629,
        "obstruction": "Private Owner Vehicle",
        "imageUrl": "https://feed.bikelaneuprising.com/nc/uploads/photos/2faf5615-15e0-4407-b7fa-32e02af829a6_uJxF-.jpg",
        "cityKey": "new-orleans-la",
        "cityLabel": "New Orleans, LA",
        "date": "2026-08-16 00:00:00",
        "location": "VALID"
      }
    },
    {
      "type": "Feature",
      "geometry": {
        "type": "Point",
        "coordinates": [
          -90.05683329972221,
          29.968443299999997
        ]
      },
      "properties": {
        "id": 134630,
        "obstruction": "Private Owner Vehicle",
        "imageUrl": "https://feed.bikelaneuprising.com/nc/uploads/photos/3795afd4-29ed-408f-8a9f-7a54ce4d4c5f_74EqE.jpg",
        "cityKey": "new-orleans-la",
        "cityLabel": "New Orleans, LA",
        "date": "2026-08-15 00:00:00",
        "location": "VALID"
      }
    },
    {
      "type": "Feature",
      "geometry": {
        "type": "Point",
        "coordinates": [
          -90.05570983333332,
          29.96843336111111
        ]
      },
      "properties": {
        "id": 134814,
        "obstruction": "Private Owner Vehicle",
        "imageUrl": "https://feed.bikelaneuprising.com/nc/uploads/photos/f2a57927-b379-4b6a-bf12-9f7eb2367de1_gjyYo.jpg",
        "cityKey": "new-orleans-la",
        "cityLabel": "New Orleans, LA",
        "date": "2026-08-17 00:00:00",
        "location": "VALID"
      }
    },
    {
      "type": "Feature",
      "geometry": {
        "type": "Point",
        "coordinates": [
          -90.05570983333332,
          29.96843336111111
        ]
      },
      "properties": {
        "id": 134815,
        "obstruction": "Private Owner Vehicle",
        "imageUrl": "https://feed.bikelaneuprising.com/nc/uploads/photos/e1937b9b-4d5c-488b-82f8-e87ca32edc0f_0RX5I.jpg",
        "cityKey": "new-orleans-la",
        "cityLabel": "New Orleans, LA",
        "date": "2026-08-17 00:00:00",
        "location": "VALID"
      }
    },
    {
      "type": "Feature",
      "geometry": {
        "type": "Point",
        "coordinates": [
          -90.05570983333332,
          29.96843336111111
        ]
      },
      "properties": {
        "id": 134817,
        "obstruction": "Private Owner Vehicle",
        "imageUrl": "https://feed.bikelaneuprising.com/nc/uploads/photos/157c676f-04eb-4338-83ca-a27559838fbd_uBFTV.jpg",
        "cityKey": "new-orleans-la",
        "cityLabel": "New Orleans, LA",
        "date": "2026-08-17 00:00:00",
        "location": "VALID"
      }
    },
    {
      "type": "Feature",
      "geometry": {
        "type": "Point",
        "coordinates": [
          -90.07415,
          29.946580555555556
        ]
      },
      "properties": {
        "id": 134873,
        "obstruction": "Company Vehicle",
        "imageUrl": "https://feed.bikelaneuprising.com/nc/uploads/photos/305d9918-8e30-443e-bd00-0930c5610a94_xSPWI.jpg",
        "cityKey": "new-orleans-la",
        "cityLabel": "New Orleans, LA",
        "date": "2026-08-18 00:00:00",
        "location": "VALID"
      }
    },
    {
      "type": "Feature",
      "geometry": {
        "type": "Point",
        "coordinates": [
          -90.07455833333333,
          29.945341666666668
        ]
      },
      "properties": {
        "id": 134880,
        "obstruction": "Private Owner Vehicle",
        "imageUrl": "https://feed.bikelaneuprising.com/nc/uploads/photos/9124e17d-d455-4caf-af2f-46fca3277498_trs9k.jpg",
        "cityKey": "new-orleans-la",
        "cityLabel": "New Orleans, LA",
        "date": "2026-08-12 00:00:00",
        "location": "VALID"
      }
    },
    {
      "type": "Feature",
      "geometry": {
        "type": "Point",
        "coordinates": [
          -90.07513055555555,
          29.947405555555555
        ]
      },
      "properties": {
        "id": 134882,
        "obstruction": "Company Vehicle",
        "imageUrl": "https://feed.bikelaneuprising.com/nc/uploads/photos/4f5fd24f-916d-4f84-9aac-96ff9da13c2b_LDeE7.jpg",
        "cityKey": "new-orleans-la",
        "cityLabel": "New Orleans, LA",
        "date": "2026-08-06 00:00:00",
        "location": "VALID"
      }
    },
    {
      "type": "Feature",
      "geometry": {
        "type": "Point",
        "coordinates": [
          -90.08002222222221,
          29.93996388888889
        ]
      },
      "properties": {
        "id": 134886,
        "obstruction": "Company Vehicle",
        "imageUrl": "https://feed.bikelaneuprising.com/nc/uploads/photos/497854de-91f4-44c9-b0e2-7f0168b1b816_8Bcs8.jpg",
        "cityKey": "new-orleans-la",
        "cityLabel": "New Orleans, LA",
        "date": "2026-08-06 00:00:00",
        "location": "VALID"
      }
    },
    {
      "type": "Feature",
      "geometry": {
        "type": "Point",
        "coordinates": [
          -90.07524166666666,
          29.947091666666665
        ]
      },
      "properties": {
        "id": 134891,
        "obstruction": "Company Vehicle",
        "imageUrl": "https://feed.bikelaneuprising.com/nc/uploads/photos/a7db335f-a61d-4bdd-9a08-60b5d92c4718_EcFJM.jpg",
        "cityKey": "new-orleans-la",
        "cityLabel": "New Orleans, LA",
        "date": "2026-08-03 00:00:00",
        "location": "VALID"
      }
    },
    {
      "type": "Feature",
      "geometry": {
        "type": "Point",
        "coordinates": [
          -90.079925,
          29.94005
        ]
      },
      "properties": {
        "id": 134895,
        "obstruction": "Company Vehicle",
        "imageUrl": "https://feed.bikelaneuprising.com/nc/uploads/photos/d90c9eaf-ebfc-4dfb-adb7-88a6dd3dd284_w1B6n.jpg",
        "cityKey": "new-orleans-la",
        "cityLabel": "New Orleans, LA",
        "date": "2026-07-06 00:00:00",
        "location": "VALID"
      }
    },
    {
      "type": "Feature",
      "geometry": {
        "type": "Point",
        "coordinates": [
          -90.07457777777778,
          29.945355555555555
        ]
      },
      "properties": {
        "id": 134902,
        "obstruction": "Private Owner Vehicle",
        "imageUrl": "https://feed.bikelaneuprising.com/nc/uploads/photos/7ea0db06-1824-46cd-b9bd-4f90e86cf1fa_4xd_h.jpg",
        "cityKey": "new-orleans-la",
        "cityLabel": "New Orleans, LA",
        "date": "2026-06-30 00:00:00",
        "location": "VALID"
      }
    },
    {
      "type": "Feature",
      "geometry": {
        "type": "Point",
        "coordinates": [
          -90.08002222222221,
          29.939911111111112
        ]
      },
      "properties": {
        "id": 134904,
        "obstruction": "Private Owner Vehicle",
        "imageUrl": "https://feed.bikelaneuprising.com/nc/uploads/photos/89d5be9f-92f8-479e-b49d-0b9edff9e40b_EGeA5.jpg",
        "cityKey": "new-orleans-la",
        "cityLabel": "New Orleans, LA",
        "date": "2026-06-30 00:00:00",
        "location": "VALID"
      }
    },
    {
      "type": "Feature",
      "geometry": {
        "type": "Point",
        "coordinates": [
          -90.0837,
          29.96026111111111
        ]
      },
      "properties": {
        "id": 134913,
        "obstruction": "Private Owner Vehicle",
        "imageUrl": "https://feed.bikelaneuprising.com/nc/uploads/photos/624156a1-cd63-48ba-8a87-6ef28a90374f_4Pmte.jpg",
        "cityKey": "new-orleans-la",
        "cityLabel": "New Orleans, LA",
        "date": "2026-06-10 00:00:00",
        "location": "VALID"
      }
    },
    {
      "type": "Feature",
      "geometry": {
        "type": "Point",
        "coordinates": [
          -90.08209722222222,
          29.958080555555554
        ]
      },
      "properties": {
        "id": 134920,
        "obstruction": "Private Owner Vehicle",
        "imageUrl": "https://feed.bikelaneuprising.com/nc/uploads/photos/f9f52260-bf51-470d-b540-fc1661be101a_IoM8x.jpg",
        "cityKey": "new-orleans-la",
        "cityLabel": "New Orleans, LA",
        "date": "2026-06-10 00:00:00",
        "location": "VALID"
      }
    },
    {
      "type": "Feature",
      "geometry": {
        "type": "Point",
        "coordinates": [
          -90.0799111111111,
          29.940033333333332
        ]
      },
      "properties": {
        "id": 134924,
        "obstruction": "Company Vehicle",
        "imageUrl": "https://feed.bikelaneuprising.com/nc/uploads/photos/d371b010-387d-4139-8ba6-907ffb90fd59_S3mcl.jpg",
        "cityKey": "new-orleans-la",
        "cityLabel": "New Orleans, LA",
        "date": "2026-05-14 00:00:00",
        "location": "VALID"
      }
    },
    {
      "type": "Feature",
      "geometry": {
        "type": "Point",
        "coordinates": [
          -90.07105283333334,
          29.959836666666668
        ]
      },
      "properties": {
        "id": 135518,
        "obstruction": "Company Vehicle",
        "imageUrl": "https://feed.bikelaneuprising.com/nc/uploads/photos/e9aa06aa-ff92-40b0-9765-a5b5f41af811_7qDQl.jpg",
        "cityKey": "new-orleans-la",
        "cityLabel": "New Orleans, LA",
        "date": "2026-08-22 00:00:00",
        "location": "VALID"
      }
    },
    {
      "type": "Feature",
      "geometry": {
        "type": "Point",
        "coordinates": [
          -90.0558,
          29.968758333333334
        ]
      },
      "properties": {
        "id": 136163,
        "obstruction": "Private Owner Vehicle",
        "imageUrl": "https://feed.bikelaneuprising.com/nc/uploads/photos/ea834fcb-1a18-4c1e-9946-b20d2efd14f2_B-piI.jpg",
        "cityKey": "new-orleans-la",
        "cityLabel": "New Orleans, LA",
        "date": "2026-08-27 00:00:00",
        "location": "VALID"
      }
    },
    {
      "type": "Feature",
      "geometry": {
        "type": "Point",
        "coordinates": [
          -90.0563731,
          29.964375699999998
        ]
      },
      "properties": {
        "id": 137377,
        "obstruction": "Private Owner Vehicle",
        "imageUrl": "https://feed.bikelaneuprising.com/nc/uploads/photos/d3d4859e-6bfc-4cd6-8e6f-e6d7e697fe80_GzD6H.jpg",
        "cityKey": "new-orleans-la",
        "cityLabel": "New Orleans, LA",
        "date": "2026-09-03 00:00:00",
        "location": "VALID"
      }
    },
    {
      "type": "Feature",
      "geometry": {
        "type": "Point",
        "coordinates": [
          -90.05634689972221,
          29.965349499722223
        ]
      },
      "properties": {
        "id": 137378,
        "obstruction": "Private Owner Vehicle",
        "imageUrl": "https://feed.bikelaneuprising.com/nc/uploads/photos/ace0bb73-766e-4dac-b6a3-18260a9b5bd3_VtYzw.jpg",
        "cityKey": "new-orleans-la",
        "cityLabel": "New Orleans, LA",
        "date": "2026-09-03 00:00:00",
        "location": "VALID"
      }
    },
    {
      "type": "Feature",
      "geometry": {
        "type": "Point",
        "coordinates": [
          -90.05640619972222,
          29.965225999999998
        ]
      },
      "properties": {
        "id": 137485,
        "obstruction": "Private Owner Vehicle",
        "imageUrl": "https://feed.bikelaneuprising.com/nc/uploads/photos/791fffbc-50be-436b-803b-3010a6953cfd_AkmjY.jpg",
        "cityKey": "new-orleans-la",
        "cityLabel": "New Orleans, LA",
        "date": "2026-09-04 00:00:00",
        "location": "VALID"
      }
    },
    {
      "type": "Feature",
      "geometry": {
        "type": "Point",
        "coordinates": [
          -90.05531779972222,
          29.966725599999997
        ]
      },
      "properties": {
        "id": 137486,
        "obstruction": "Private Owner Vehicle",
        "imageUrl": "https://feed.bikelaneuprising.com/nc/uploads/photos/4ee90451-b95f-4d9f-a1a3-a587d435927e_JSYWU.jpg",
        "cityKey": "new-orleans-la",
        "cityLabel": "New Orleans, LA",
        "date": "2026-09-04 00:00:00",
        "location": "VALID"
      }
    },
    {
      "type": "Feature",
      "geometry": {
        "type": "Point",
        "coordinates": [
          -90.05658616666666,
          29.968621666666667
        ]
      },
      "properties": {
        "id": 137873,
        "obstruction": "Private Owner Vehicle",
        "imageUrl": "https://feed.bikelaneuprising.com/nc/uploads/photos/6a595672-3c9c-42e8-8946-8319f0e9cd36_w3zhe.jpg",
        "cityKey": "new-orleans-la",
        "cityLabel": "New Orleans, LA",
        "date": "2026-09-08 00:00:00",
        "location": "VALID"
      }
    },
    {
      "type": "Feature",
      "geometry": {
        "type": "Point",
        "coordinates": [
          -90.05564116666666,
          29.96851347222222
        ]
      },
      "properties": {
        "id": 138947,
        "obstruction": "Private Owner Vehicle",
        "imageUrl": "https://feed.bikelaneuprising.com/nc/uploads/photos/72f9c4c7-9b08-4bc7-a00f-5fda20876537_gaHqZ.jpg",
        "cityKey": "new-orleans-la",
        "cityLabel": "New Orleans, LA",
        "date": "2026-09-12 00:00:00",
        "location": "VALID"
      }
    },
    {
      "type": "Feature",
      "geometry": {
        "type": "Point",
        "coordinates": [
          -90.05564116666666,
          29.96851347222222
        ]
      },
      "properties": {
        "id": 138948,
        "obstruction": "Private Owner Vehicle",
        "imageUrl": "https://feed.bikelaneuprising.com/nc/uploads/photos/de2eb943-045e-4efc-9344-1b64d9b54df4_jhTJq.jpg",
        "cityKey": "new-orleans-la",
        "cityLabel": "New Orleans, LA",
        "date": "2026-09-12 00:00:00",
        "location": "VALID"
      }
    },
    {
      "type": "Feature",
      "geometry": {
        "type": "Point",
        "coordinates": [
          -90.056015,
          29.968812916666664
        ]
      },
      "properties": {
        "id": 138949,
        "obstruction": "Private Owner Vehicle",
        "imageUrl": "https://feed.bikelaneuprising.com/nc/uploads/photos/e26b60c9-81e0-4534-9b82-00a29dbad40a_XD3Pa.jpg",
        "cityKey": "new-orleans-la",
        "cityLabel": "New Orleans, LA",
        "date": "2026-09-10 00:00:00",
        "location": "VALID"
      }
    },
    {
      "type": "Feature",
      "geometry": {
        "type": "Point",
        "coordinates": [
          -90.05635829972222,
          29.968464999722222
        ]
      },
      "properties": {
        "id": 138950,
        "obstruction": "Private Owner Vehicle",
        "imageUrl": "https://feed.bikelaneuprising.com/nc/uploads/photos/f7f8638d-d590-4e72-8fea-641f16420bb6_TVevM.jpg",
        "cityKey": "new-orleans-la",
        "cityLabel": "New Orleans, LA",
        "date": "2026-09-07 00:00:00",
        "location": "VALID"
      }
    },
    {
      "type": "Feature",
      "geometry": {
        "type": "Point",
        "coordinates": [
          -90.05686319972222,
          29.961184199999998
        ]
      },
      "properties": {
        "id": 139048,
        "obstruction": "Company Vehicle",
        "imageUrl": "https://feed.bikelaneuprising.com/nc/uploads/photos/ac03b6e4-94ff-48cd-a895-bef72728bfdf_lHtZ-.jpg",
        "cityKey": "new-orleans-la",
        "cityLabel": "New Orleans, LA",
        "date": "2026-09-17 00:00:00",
        "location": "VALID"
      }
    }
  ]
}